horizon_start,horizon_end,request_id,batch_id,planned_visit,planned_pickup_time,committed,drop_penalty
0,30,R1,B1,False,,False,175900
0,30,R2,B2,True,24.0,False,175400
20,50,R1,B1,False,,False,180619
20,50,R2,B2,True,24.0,True,186348
20,50,R3,B3,False,,False,177250
20,50,R4,B4,False,,False,177250
20,50,R5,B5,False,,False,177350
20,50,R6,B6,False,,False,176250
20,50,R7,B7,True,48.0,False,175400
40,70,R1,B1,False,,False,213658
40,70,R3,B3,False,,False,182570
40,70,R4,B4,False,,False,182443
40,70,R5,B5,False,,False,182488
40,70,R6,B6,False,,False,181924
40,70,R7,B7,True,48.0,True,181773
40,70,R8,B8,False,,False,177350
40,70,R9,B9,False,,False,177250
40,70,R10,B10,True,59.0,True,177350
40,70,R11,B11,True,64.0,False,177350
40,70,R12,B12,False,,False,177350
40,70,R13,B13,True,67.0,False,175400
60,90,R3,B3,False,,False,219810
60,90,R4,B4,False,,False,218797
60,90,R5,B5,False,,False,218455
60,90,R6,B6,False,,False,198947
60,90,R8,B8,False,,False,187626
60,90,R9,B9,False,,False,182443
60,90,R11,B11,True,64.0,True,185749
60,90,R12,B12,False,,False,182549
60,90,R13,B13,True,67.0,True,186075
80,110,R9,B9,False,,False,218797
80,110,R12,B12,False,,False,208546
80,110,R14,B14,True,100.0,False,175800
80,110,R15,B15,True,103.0,False,176400
80,110,R16,B16,True,107.0,False,175800
80,110,R17,B17,True,108.0,False,175800
80,110,R18,B18,True,110.0,False,175800
80,110,R19,B19,True,109.0,False,175500
100,130,R14,B14,True,100.0,True,223466
100,130,R15,B15,True,103.0,True,186218
100,130,R16,B16,True,107.0,True,199633
100,130,R17,B17,True,108.0,True,199633
100,130,R18,B18,True,110.0,True,199633
100,130,R19,B19,True,109.0,True,181356
100,130,R20,B20,False,,False,175900
100,130,R21,B21,True,119.0,True,178150
100,130,R22,B22,True,121.0,False,178150
100,130,R23,B23,True,121.0,False,176700
100,130,R24,B24,True,129.0,False,174200
120,150,R20,B20,False,,False,180619
120,150,R22,B22,True,121.0,True,196905
120,150,R23,B23,True,121.0,True,189640
120,150,R24,B24,True,129.0,True,184725
120,150,R25,B25,True,133.0,True,174200
120,150,R26,B26,True,142.0,False,178050
120,150,R27,B27,True,142.0,False,174050
120,150,R28,B28,True,144.0,False,176700
120,150,R29,B29,True,145.0,False,178050
120,150,R30,B30,True,147.0,False,175800
120,150,R31,B31,True,150.0,False,178150
120,150,R32,B32,True,150.0,False,175550
140,170,R26,B26,True,142.0,True,186516
140,170,R27,B27,True,142.0,True,179579
140,170,R28,B28,True,144.0,True,183170
140,170,R29,B29,True,145.0,True,186516
140,170,R30,B30,True,147.0,True,199633
140,170,R31,B31,True,150.0,True,187527
140,170,R32,B32,True,150.0,True,192660
140,170,R33,B33,True,151.0,True,178250
140,170,R34,B34,True,151.0,True,178050
140,170,R35,B35,True,151.0,True,175800
140,170,R36,B36,True,152.0,True,178400
140,170,R37,B37,True,152.0,True,175800
140,170,R38,B38,True,153.0,True,178400
140,170,R39,B39,True,154.0,True,178050
140,170,R40,B40,True,155.0,True,176700
140,170,R41,B41,True,157.0,True,175900
140,170,R42,B42,True,157.0,True,175800
140,170,R43,B43,True,158.0,True,178050
140,170,R44,B44,True,159.0,True,356800
140,170,R45,B45,True,160.0,False,175900
140,170,R46,B46,True,161.0,False,356100
140,170,R47,B47,True,162.0,False,178250
140,170,R48,B48,True,162.0,False,175500
140,170,R49,B49,True,164.0,False,178050
140,170,R50,B50,True,166.0,False,175500
140,170,R51,B51,True,166.0,False,176400
140,170,R52,B52,True,167.0,False,175800
140,170,R53,B53,True,168.0,False,176400
140,170,R54,B54,True,169.0,False,178250
140,170,R55,B55,True,169.0,False,175550
140,170,R56,B56,True,170.0,False,178250
160,190,R45,B45,False,,False,180619
160,190,R46,B46,True,160.0,True,373032
160,190,R47,B47,True,162.0,True,190857
160,190,R48,B48,False,,False,181356
160,190,R49,B49,True,164.0,True,186516
160,190,R50,B50,False,,False,181356
160,190,R51,B51,True,166.0,True,182400
160,190,R52,B52,True,167.0,True,199633
160,190,R53,B53,True,168.0,True,186218
160,190,R54,B54,True,169.0,True,188278
160,190,R55,B55,True,169.0,True,192660
160,190,R56,B56,True,171.0,True,190857
160,190,R57,B57,True,171.0,True,176700
160,190,R58,B58,False,,False,177350
160,190,R59,B59,False,,False,175400
160,190,R60,B60,True,174.0,True,175450
160,190,R61,B61,False,,False,177150
160,190,R62,B62,True,177.0,True,175800
160,190,R63,B63,True,178.0,True,178150
160,190,R64,B64,True,178.0,True,176400
160,190,R65,B65,False,,False,157500
160,190,R66,B66,True,179.0,True,169300
160,190,R67,B67,True,180.0,False,178250
160,190,R68,B68,True,180.0,False,176800
160,190,R69,B69,True,181.0,False,352800
160,190,R70,B70,True,182.0,False,176300
160,190,R71,B71,True,184.0,False,178050
160,190,R72,B72,True,184.0,False,175800
160,190,R73,B73,True,184.0,False,176700
160,190,R74,B74,True,187.0,False,178050
160,190,R75,B75,False,,False,175800
160,190,R76,B76,True,185.0,False,176300
160,190,R77,B77,True,187.0,False,178050
160,190,R78,B78,True,187.0,False,176700
160,190,R79,B79,True,188.0,False,175800
160,190,R80,B80,True,188.0,False,176400
160,190,R81,B81,True,190.0,False,178250
160,190,R82,B82,False,,False,175900
160,190,R83,B83,True,190.0,False,176300
180,210,R45,B45,False,,False,213658
180,210,R50,B50,False,,False,222349
180,210,R58,B58,False,,False,182549
180,210,R59,B59,False,,False,188146
180,210,R61,B61,False,,False,182337
180,210,R65,B65,False,,False,161470
180,210,R67,B67,True,180.0,True,203464
180,210,R68,B68,True,180.0,True,210184
180,210,R69,B69,True,181.0,True,367444
180,210,R70,B70,True,182.0,True,181627
180,210,R71,B71,True,184.0,True,186516
180,210,R72,B72,True,184.0,True,199633
180,210,R73,B73,True,184.0,True,183170
180,210,R74,B74,True,187.0,True,186516
180,210,R75,B75,True,187.0,True,199633
180,210,R76,B76,True,185.0,True,181562
180,210,R77,B77,True,187.0,True,186516
180,210,R78,B78,True,187.0,True,183170
180,210,R79,B79,True,188.0,True,199633
180,210,R80,B80,True,188.0,True,183722
180,210,R81,B81,True,190.0,True,188278
180,210,R82,B82,False,,False,180619
180,210,R83,B83,True,190.0,True,181627
180,210,R84,B84,True,192.0,True,175800
180,210,R85,B85,True,196.0,True,176700
180,210,R86,B86,True,195.0,True,175800
180,210,R87,B87,True,196.0,True,176400
180,210,R88,B88,False,,False,172700
180,210,R89,B89,True,201.0,False,178350
180,210,R90,B90,True,201.0,False,176400
180,210,R91,B91,False,,False,174050
180,210,R92,B92,False,,False,177150
180,210,R93,B93,True,210.0,False,177950
200,230,R61,B61,False,,False,218650
200,230,R65,B65,False,,False,181323
200,230,R82,B82,False,,False,194779
200,230,R88,B88,False,,False,176714
200,230,R89,B89,True,201.0,True,212330
200,230,R90,B90,True,201.0,True,186218
200,230,R91,B91,False,,False,179579
200,230,R92,B92,True,209.0,True,182337
200,230,R93,B93,True,210.0,True,185403
200,230,R94,B94,True,211.0,True,178250
200,230,R95,B95,True,214.0,True,176800
200,230,R96,B96,True,212.0,True,178150
200,230,R97,B97,True,212.0,True,175550
200,230,R98,B98,True,216.0,True,172700
200,230,R99,B99,True,217.0,True,178250
200,230,R100,B100,True,221.0,False,178250
200,230,R101,B101,True,223.0,False,178150
200,230,R102,B102,True,223.0,False,176700
200,230,R103,B103,True,224.0,False,178050
200,230,R104,B104,False,,False,175800
200,230,R105,B105,False,,False,175900
220,250,R88,B88,False,,False,196787
220,250,R91,B91,False,,False,218286
220,250,R100,B100,True,221.0,True,203464
220,250,R101,B101,True,223.0,True,187527
220,250,R102,B102,True,223.0,True,183170
220,250,R103,B103,True,224.0,True,186516
220,250,R104,B104,True,227.0,True,199633
220,250,R105,B105,False,,False,180619
220,250,R106,B106,True,231.0,True,176400
220,250,R107,B107,False,,False,175800
220,250,R108,B108,True,235.0,True,178150
220,250,R109,B109,True,235.0,True,176800
220,250,R110,B110,True,236.0,True,178050
220,250,R111,B111,False,,False,172700
220,250,R112,B112,True,238.0,True,157500
220,250,R113,B113,True,241.0,False,157500
220,250,R114,B114,True,247.0,False,178250
220,250,R115,B115,True,249.0,False,175800
240,270,R105,B105,False,,False,194779
240,270,R107,B107,False,,False,247300
240,270,R111,B111,False,,False,176714
240,270,R113,B113,False,,False,161470
240,270,R114,B114,True,248.0,True,188278
240,270,R115,B115,True,249.0,True,199633
240,270,R116,B116,True,251.0,True,176400
240,270,R117,B117,True,254.0,True,178250
240,270,R118,B118,False,,False,175500
240,270,R119,B119,True,257.0,True,177950
240,270,R120,B120,True,257.0,True,348100
240,270,R121,B121,True,258.0,True,175800
240,270,R122,B122,True,260.0,False,176400
240,270,R123,B123,False,,False,177350
240,270,R124,B124,True,261.0,False,178250
240,270,R125,B125,True,261.0,False,175800
240,270,R126,B126,True,261.0,False,174050
240,270,R127,B127,True,262.0,False,177950
240,270,R128,B128,True,262.0,False,176300
240,270,R129,B129,True,265.0,False,177950
240,270,R130,B130,True,266.0,False,177950
240,270,R131,B131,True,267.0,False,178050
240,270,R132,B132,True,269.0,False,176700
240,270,R133,B133,True,270.0,False,178050
240,270,R134,B134,True,270.0,False,176400
260,290,R111,B111,False,,False,196787
260,290,R113,B113,False,,False,181323
260,290,R118,B118,False,,False,187212
260,290,R122,B122,True,260.0,True,181868
260,290,R123,B123,False,,False,182549
260,290,R124,B124,True,261.0,True,203464
260,290,R125,B125,False,,False,223466
260,290,R126,B126,False,,False,179653
260,290,R127,B127,True,262.0,True,185403
260,290,R128,B128,True,262.0,True,181627
260,290,R129,B129,True,265.0,True,185403
260,290,R130,B130,True,266.0,True,185403
260,290,R131,B131,True,267.0,True,184339
260,290,R132,B132,True,269.0,True,183170
260,290,R133,B133,True,270.0,True,184339
260,290,R134,B134,True,270.0,True,182160
260,290,R135,B135,True,271.0,True,176800
260,290,R136,B136,False,,False,169100
260,290,R137,B137,True,271.0,True,178050
260,290,R138,B138,True,272.0,True,173599
260,290,R139,B139,True,272.0,True,178400
260,290,R140,B140,True,272.0,True,178250
260,290,R141,B141,False,,False,177150
260,290,R142,B142,True,273.0,True,177450
260,290,R143,B143,True,275.0,True,178250
260,290,R144,B144,True,274.0,True,176250
260,290,R145,B145,False,,False,171000
260,290,R146,B146,False,,False,175900
260,290,R147,B147,True,275.0,True,178050
260,290,R148,B148,True,275.0,True,177350
260,290,R149,B149,True,275.0,True,178050
260,290,R150,B150,False,,False,173650
260,290,R151,B151,False,,False,177250
260,290,R152,B152,True,276.0,True,178250
260,290,R153,B153,True,276.0,True,178250
260,290,R154,B154,True,278.0,True,178050
260,290,R155,B155,True,278.0,True,178050
260,290,R156,B156,True,279.0,True,178250
260,290,R157,B157,True,279.0,True,177350
260,290,R158,B158,True,280.0,False,176100
260,290,R159,B159,True,285.0,False,177950
260,290,R160,B160,True,286.0,False,178400
260,290,R161,B161,False,,False,174050
260,290,R162,B162,True,287.0,False,176700
260,290,R163,B163,False,,False,177250
260,290,R164,B164,True,289.0,False,177950
260,290,R165,B165,False,,False,175800
260,290,R166,B166,False,,False,174500
260,290,R167,B167,True,289.0,False,176400
260,290,R168,B168,True,290.0,False,176700
280,310,R123,B123,False,,False,218945
280,310,R126,B126,False,,False,218876
280,310,R136,B136,False,,False,187077
280,310,R141,B141,False,,False,182337
280,310,R145,B145,False,,False,176192
280,310,R146,B146,False,,False,180619
280,310,R150,B150,False,,False,178750
280,310,R151,B151,False,,False,182443
280,310,R158,B158,True,282.0,True,196600
280,310,R159,B159,True,285.0,True,185531
280,310,R160,B160,True,286.0,True,188222
280,310,R161,B161,False,,False,179579
280,310,R162,B162,True,287.0,True,183170
280,310,R163,B163,True,291.0,True,182443
280,310,R164,B164,True,289.0,True,185945
280,310,R165,B165,True,289.0,True,199633
280,310,R166,B166,False,,False,178485
280,310,R167,B167,True,289.0,True,183722
280,310,R168,B168,True,290.0,True,183170
280,310,R169,B169,True,292.0,True,178250
280,310,R170,B170,True,294.0,True,356100
280,310,R171,B171,True,295.0,True,174050
280,310,R172,B172,False,,False,177250
280,310,R173,B173,True,295.0,True,177250
280,310,R174,B174,True,296.0,True,176100
280,310,R175,B175,True,297.0,True,175800
280,310,R176,B176,True,298.0,True,178250
280,310,R177,B177,True,299.0,True,176800
280,310,R178,B178,True,300.0,False,177150
280,310,R179,B179,True,301.0,False,178400
280,310,R180,B180,True,303.0,False,177150
280,310,R181,B181,True,302.0,False,178400
280,310,R182,B182,True,302.0,False,178250
280,310,R183,B183,True,304.0,False,175450
280,310,R184,B184,True,306.0,False,178050
280,310,R185,B185,True,307.0,False,176300
280,310,R186,B186,True,308.0,False,178250
280,310,R187,B187,False,,False,167450
280,310,R188,B188,True,309.0,False,176700
280,310,R189,B189,False,,False,177250
280,310,R190,B190,True,310.0,False,178150
300,330,R150,B150,False,,False,214454
300,330,R151,B151,False,,False,218797
300,330,R161,B161,False,,False,207227
300,330,R166,B166,False,,False,182471
300,330,R172,B172,False,,False,182570
300,330,R178,B178,False,,False,182337
300,330,R179,B179,True,301.0,True,198044
300,330,R180,B180,False,,False,182337
300,330,R181,B181,True,302.0,True,198044
300,330,R182,B182,True,302.0,True,190857
300,330,R183,B183,True,304.0,True,185622
300,330,R184,B184,True,306.0,True,184339
300,330,R185,B185,True,307.0,True,181562
300,330,R186,B186,True,308.0,True,187638
300,330,R187,B187,False,,False,173798
300,330,R188,B188,True,309.0,True,183170
300,330,R189,B189,False,,False,182570
300,330,R190,B190,True,310.0,True,187527
300,330,R191,B191,False,,False,178050
300,330,R192,B192,False,,False,177150
300,330,R193,B193,True,317.0,True,178050
300,330,R194,B194,True,318.0,True,175500
300,330,R195,B195,False,,False,177250
300,330,R196,B196,True,319.0,True,178250
300,330,R197,B197,False,,False,177150
300,330,R198,B198,False,,False,157500
300,330,R199,B199,True,323.0,False,176700
300,330,R200,B200,True,324.0,False,178050
300,330,R201,B201,True,324.0,False,174050
300,330,R202,B202,False,,False,173650
300,330,R203,B203,True,325.0,False,176250
300,330,R204,B204,True,325.0,False,177350
300,330,R205,B205,True,326.0,False,178150
300,330,R206,B206,True,327.0,False,178050
300,330,R207,B207,True,327.0,False,174050
300,330,R208,B208,True,327.0,False,178050
300,330,R209,B209,True,328.0,False,176250
300,330,R210,B210,True,328.0,False,177350
300,330,R211,B211,False,,False,174050
300,330,R212,B212,True,327.0,False,176700
300,330,R213,B213,False,,False,177250
300,330,R214,B214,False,,False,177350
300,330,R215,B215,False,,False,174450
300,330,R216,B216,True,329.0,False,178400
320,350,R178,B178,False,,False,218650
320,350,R180,B180,False,,False,208275
320,350,R187,B187,False,,False,205540
320,350,R189,B189,False,,False,198530
320,350,R191,B191,False,,False,194982
320,350,R192,B192,False,,False,182337
320,350,R195,B195,False,,False,182443
320,350,R197,B197,False,,False,182337
320,350,R198,B198,False,,False,161470
320,350,R199,B199,True,323.0,True,183170
320,350,R200,B200,True,324.0,True,184339
320,350,R201,B201,False,,False,179579
320,350,R202,B202,False,,False,178750
320,350,R203,B203,True,325.0,True,185051
320,350,R204,B204,True,325.0,True,182488
320,350,R205,B205,True,326.0,True,187527
320,350,R206,B206,True,327.0,True,184339
320,350,R207,B207,True,327.0,True,179579
320,350,R208,B208,True,327.0,True,184339
320,350,R209,B209,True,328.0,True,185051
320,350,R210,B210,False,,False,182488
320,350,R211,B211,True,330.0,True,179653
320,350,R212,B212,True,327.0,True,183170
320,350,R213,B213,False,,False,182570
320,350,R214,B214,True,328.0,True,182549
320,350,R215,B215,False,,False,179794
320,350,R216,B216,True,329.0,True,188222
320,350,R217,B217,True,334.0,True,175800
320,350,R218,B218,True,332.0,True,176400
320,350,R219,B219,True,339.0,True,174050
320,350,R220,B220,True,340.0,False,176800
320,350,R221,B221,True,342.0,False,348100
320,350,R222,B222,False,,False,174050
320,350,R223,B223,True,346.0,False,176250
320,350,R224,B224,False,,False,177250
320,350,R225,B225,False,,False,177150
320,350,R226,B226,True,349.0,False,176800
340,370,R192,B192,False,,False,218650
340,370,R195,B195,False,,False,218797
340,370,R197,B197,False,,False,208275
340,370,R198,B198,False,,False,181323
340,370,R201,B201,False,,False,218286
340,370,R202,B202,False,,False,204253
340,370,R210,B210,False,,False,208179
340,370,R213,B213,False,,False,209170
340,370,R215,B215,False,,False,195829
340,370,R220,B220,True,344.0,True,191511
340,370,R221,B221,True,347.0,True,359306
340,370,R222,B222,False,,False,179653
340,370,R223,B223,True,346.0,True,185051
340,370,R224,B224,False,,False,182443
340,370,R225,B225,False,,False,182337
340,370,R226,B226,True,351.0,True,184155
340,370,R227,B227,True,352.0,True,176250
340,370,R228,B228,False,,False,167450
340,370,R229,B229,True,353.0,True,176250
340,370,R230,B230,True,356.0,True,178250
340,370,R231,B231,True,357.0,True,178300
340,370,R232,B232,True,357.0,True,178050
340,370,R233,B233,True,358.0,True,178050
340,370,R234,B234,True,358.0,True,178050
340,370,R235,B235,True,359.0,True,177950
340,370,R236,B236,False,,False,175400
340,370,R237,B237,True,362.0,False,178050
340,370,R238,B238,True,363.0,False,178050
340,370,R239,B239,True,363.0,False,176700
340,370,R240,B240,True,365.0,False,176300
340,370,R241,B241,False,,False,175900
340,370,R242,B242,True,368.0,False,173350
340,370,R243,B243,True,369.0,False,176400
340,370,R244,B244,False,,False,174850
360,390,R222,B222,False,,False,218876
360,390,R224,B224,False,,False,198023
360,390,R225,B225,False,,False,197900
360,390,R228,B228,False,,False,180146
360,390,R236,B236,False,,False,181773
360,390,R237,B237,True,362.0,True,186516
360,390,R238,B238,True,363.0,True,184339
360,390,R239,B239,True,365.0,True,183170
360,390,R240,B240,True,365.0,True,181562
360,390,R241,B241,False,,False,180619
360,390,R242,B242,True,368.0,True,180071
360,390,R243,B243,False,,False,186218
360,390,R244,B244,False,,False,181278
360,390,R245,B245,True,371.0,True,178050
360,390,R246,B246,True,373.0,True,176700
360,390,R247,B247,True,375.0,True,176250
360,390,R248,B248,False,,False,177150
360,390,R249,B249,False,,False,162250
360,390,R250,B250,True,375.0,True,354500
360,390,R251,B251,False,,False,157500
360,390,R252,B252,True,379.0,True,178150
360,390,R253,B253,True,380.0,False,176400
360,390,R254,B254,True,381.0,False,177950
360,390,R255,B255,False,,False,174050
360,390,R256,B256,False,,False,177250
360,390,R257,B257,True,388.0,False,177350
380,410,R236,B236,False,,False,226385
380,410,R241,B241,False,,False,204218
380,410,R243,B243,False,,False,254945
380,410,R244,B244,False,,False,213418
380,410,R248,B248,False,,False,182337
380,410,R249,B249,False,,False,166450
380,410,R251,B251,False,,False,161470
380,410,R253,B253,True,380.0,True,181868
380,410,R254,B254,True,381.0,True,185531
380,410,R255,B255,False,,False,179653
380,410,R256,B256,False,,False,182570
380,410,R257,B257,True,388.0,True,185749
380,410,R258,B258,True,394.0,True,178300
380,410,R259,B259,True,396.0,True,177950
380,410,R260,B260,False,,False,162250
380,410,R261,B261,False,,False,175800
380,410,R262,B262,True,407.0,False,178050
380,410,R263,B263,True,407.0,False,176400
380,410,R264,B264,True,408.0,False,177950
380,410,R265,B265,True,409.0,False,176700
400,430,R248,B248,False,,False,218650
400,430,R249,B249,False,,False,195854
400,430,R251,B251,False,,False,189264
400,430,R255,B255,False,,False,218876
400,430,R256,B256,False,,False,219810
400,430,R260,B260,False,,False,166450
400,430,R261,B261,True,407.0,True,199633
400,430,R262,B262,True,407.0,True,184339
400,430,R263,B263,True,407.0,True,186218
400,430,R264,B264,True,408.0,True,185802
400,430,R265,B265,True,409.0,True,183170
400,430,R266,B266,True,412.0,True,176400
400,430,R267,B267,False,,False,175900
400,430,R268,B268,True,422.0,False,177950
400,430,R269,B269,True,422.0,False,175800
400,430,R270,B270,True,423.0,False,177350
400,430,R271,B271,False,,False,175900
400,430,R272,B272,True,426.0,False,176700
420,450,R260,B260,False,,False,195854
420,450,R267,B267,False,,False,180619
420,450,R268,B268,True,422.0,True,185403
420,450,R269,B269,True,422.0,True,181758
420,450,R270,B270,True,423.0,True,185749
420,450,R271,B271,False,,False,180619
420,450,R272,B272,True,426.0,True,183170
420,450,R273,B273,True,431.0,True,173350
420,450,R274,B274,True,431.0,True,176700
420,450,R275,B275,True,433.0,True,176400
420,450,R276,B276,True,434.0,True,176700
420,450,R277,B277,True,435.0,True,175400
420,450,R278,B278,False,,False,177250
420,450,R279,B279,False,,False,162250
420,450,R280,B280,True,437.0,True,176700
420,450,R281,B281,True,439.0,True,178050
420,450,R282,B282,True,444.0,False,178050
420,450,R283,B283,True,445.0,False,178050
420,450,R284,B284,True,445.0,False,174050
420,450,R285,B285,True,449.0,False,177250
420,450,R286,B286,True,446.0,False,177250
420,450,R287,B287,True,447.0,False,176300
420,450,R288,B288,True,448.0,False,176400
420,450,R289,B289,False,,False,169000
440,470,R271,B271,False,,False,204218
440,470,R278,B278,False,,False,182570
440,470,R279,B279,False,,False,166450
440,470,R282,B282,True,444.0,True,186516
440,470,R283,B283,True,445.0,True,184339
440,470,R284,B284,False,,False,179653
440,470,R285,B285,True,449.0,True,182443
440,470,R286,B286,True,446.0,True,182443
440,470,R287,B287,True,447.0,True,184441
440,470,R288,B288,True,448.0,True,186218
440,470,R289,B289,False,,False,175269
440,470,R290,B290,True,457.0,True,178250
440,470,R291,B291,True,457.0,True,173599
440,470,R292,B292,False,,False,177250
440,470,R293,B293,True,458.0,True,175400
440,470,R294,B294,True,460.0,False,175400
440,470,R295,B295,False,,False,177250
440,470,R296,B296,True,470.0,False,178250
460,490,R279,B279,False,,False,195854
460,490,R284,B284,False,,False,218876
460,490,R289,B289,False,,False,194079
460,490,R292,B292,False,,False,182570
460,490,R294,B294,True,460.0,True,181773
460,490,R295,B295,False,,False,182443
460,490,R296,B296,True,470.0,True,188278
460,490,R297,B297,False,,False,177150
480,510,R292,B292,False,,False,219810
480,510,R295,B295,False,,False,198023
480,510,R297,B297,False,,False,182337
480,510,R298,B298,True,492.0,True,178300
480,510,R299,B299,True,492.0,True,176800
480,510,R300,B300,False,,False,157500
480,510,R301,B301,True,500.0,False,178050
480,510,R302,B302,True,500.0,False,174050
480,510,R303,B303,True,501.0,False,176700
480,510,R304,B304,False,,False,177250
480,510,R305,B305,True,503.0,False,176800
480,510,R306,B306,True,503.0,False,177950
480,510,R307,B307,False,,False,177150
480,510,R308,B308,False,,False,177250
480,510,R309,B309,True,506.0,False,176250
480,510,R310,B310,True,508.0,False,175400
480,510,R311,B311,False,,False,175900
500,530,R300,B300,False,,False,161470
500,530,R301,B301,True,500.0,True,187221
500,530,R302,B302,True,500.0,True,179579
500,530,R303,B303,True,501.0,True,189640
500,530,R304,B304,False,,False,182443
500,530,R305,B305,True,503.0,True,184282
500,530,R306,B306,True,503.0,True,185531
500,530,R307,B307,True,503.0,True,182337
500,530,R308,B308,False,,False,182570
500,530,R309,B309,True,506.0,True,185051
500,530,R310,B310,True,508.0,True,186348
500,530,R311,B311,False,,False,180619
500,530,R312,B312,True,511.0,True,175800
500,530,R313,B313,True,513.0,True,178050
500,530,R314,B314,True,517.0,True,176250
500,530,R315,B315,True,518.0,True,178250
500,530,R316,B316,False,,False,177250
500,530,R317,B317,False,,False,176250
500,530,R318,B318,True,519.0,True,176800
500,530,R319,B319,True,520.0,False,176250
500,530,R320,B320,True,521.0,False,177950
500,530,R321,B321,True,522.0,False,177950
500,530,R322,B322,True,523.0,False,178050
500,530,R323,B323,True,523.0,False,174050
500,530,R324,B324,True,525.0,False,173350
520,550,R300,B300,False,,False,189264
520,550,R304,B304,False,,False,208410
520,550,R308,B308,False,,False,209170
520,550,R311,B311,False,,False,204218
520,550,R316,B316,False,,False,182322
520,550,R317,B317,False,,False,181924
520,550,R319,B319,True,520.0,True,193852
520,550,R320,B320,True,521.0,True,185531
520,550,R321,B321,True,525.0,True,185403
520,550,R322,B322,True,523.0,True,187221
520,550,R323,B323,True,523.0,True,179653
520,550,R324,B324,True,525.0,True,179965
520,550,R325,B325,True,531.0,True,177950
520,550,R326,B326,True,532.0,True,178400
520,550,R327,B327,True,532.0,True,176400
520,550,R328,B328,True,533.0,True,178050
520,550,R329,B329,True,533.0,True,175500
520,550,R330,B330,True,533.0,True,177350
520,550,R331,B331,False,,False,167450
520,550,R332,B332,False,,False,177350
520,550,R333,B333,True,535.0,True,174050
520,550,R334,B334,True,535.0,True,176700
520,550,R335,B335,True,540.0,False,174050
520,550,R336,B336,True,540.0,False,176700
520,550,R337,B337,True,540.0,False,177350
520,550,R338,B338,True,541.0,False,178250
520,550,R339,B339,True,541.0,False,178050
520,550,R340,B340,True,543.0,False,176700
520,550,R341,B341,True,544.0,False,352500
520,550,R342,B342,True,544.0,False,176400
520,550,R343,B343,False,,False,167450
540,570,R316,B316,False,,False,217831
540,570,R317,B317,False,,False,221644
540,570,R331,B331,False,,False,180146
540,570,R332,B332,False,,False,182488
540,570,R335,B335,False,,False,179579
540,570,R336,B336,True,540.0,True,189640
540,570,R337,B337,True,540.0,True,185749
540,570,R338,B338,True,541.0,True,203464
540,570,R339,B339,True,541.0,True,187221
540,570,R340,B340,True,543.0,True,183170
540,570,R341,B341,True,544.0,True,370102
540,570,R342,B342,True,544.0,True,186218
540,570,R343,B343,False,,False,173798
540,570,R344,B344,False,,False,175900
540,570,R345,B345,True,552.0,True,178250
540,570,R346,B346,True,552.0,True,178250
540,570,R347,B347,True,552.0,True,177950
540,570,R348,B348,True,552.0,True,176700
540,570,R349,B349,False,,False,174050
540,570,R350,B350,True,555.0,True,175400
540,570,R351,B351,False,,False,169100
540,570,R352,B352,False,,False,175900
540,570,R353,B353,False,,False,175800
540,570,R354,B354,True,562.0,False,176800
540,570,R355,B355,False,,False,174450
540,570,R356,B356,True,563.0,False,175800
540,570,R357,B357,True,563.0,False,178250
540,570,R358,B358,True,565.0,False,175400
540,570,R359,B359,True,565.0,False,176250
540,570,R360,B360,False,,False,177350
540,570,R361,B361,True,566.0,False,176400
540,570,R362,B362,True,567.0,False,178250
540,570,R363,B363,True,567.0,False,178050
540,570,R364,B364,True,569.0,False,178050
540,570,R365,B365,True,569.0,False,176250
560,590,R343,B343,False,,False,205540
560,590,R344,B344,False,,False,185339
560,590,R349,B349,False,,False,185109
560,590,R351,B351,False,,False,178088
560,590,R352,B352,False,,False,180619
560,590,R353,B353,False,,False,223466
560,590,R354,B354,True,562.0,True,184155
560,590,R355,B355,False,,False,179794
560,590,R356,B356,True,563.0,True,201035
560,590,R357,B357,True,563.0,True,187638
560,590,R358,B358,True,565.0,True,186075
560,590,R359,B359,True,565.0,True,185051
560,590,R360,B360,False,,False,182549
560,590,R361,B361,True,566.0,True,186218
560,590,R362,B362,True,567.0,True,187442
560,590,R363,B363,True,567.0,True,184339
560,590,R364,B364,True,569.0,True,187221
560,590,R365,B365,True,569.0,True,185051
560,590,R366,B366,True,574.0,True,178400
560,590,R367,B367,True,574.0,True,176300
560,590,R368,B368,True,576.0,True,178050
560,590,R369,B369,False,,False,177350
560,590,R370,B370,True,577.0,True,176400
560,590,R371,B371,True,579.0,True,178050
560,590,R372,B372,True,582.0,False,178150
560,590,R373,B373,True,582.0,False,178050
560,590,R374,B374,True,582.0,False,176700
560,590,R375,B375,True,583.0,False,177950
560,590,R376,B376,True,586.0,False,177950
560,590,R377,B377,False,,False,177250
560,590,R378,B378,True,588.0,False,178400
560,590,R379,B379,True,590.0,False,176250
580,610,R352,B352,False,,False,213658
580,610,R355,B355,False,,False,206519
580,610,R360,B360,False,,False,208546
580,610,R369,B369,False,,False,182549
580,610,R372,B372,True,582.0,True,196905
580,610,R373,B373,True,582.0,True,187221
580,610,R374,B374,True,582.0,True,189640
580,610,R375,B375,True,583.0,True,185531
580,610,R376,B376,True,586.0,True,185531
580,610,R377,B377,True,586.0,True,182443
580,610,R378,B378,True,588.0,True,188222
580,610,R379,B379,True,590.0,True,185051
580,610,R380,B380,True,591.0,True,356100
580,610,R381,B381,True,594.0,True,176250
580,610,R382,B382,False,,False,177150
580,610,R383,B383,True,595.0,True,178050
580,610,R384,B384,True,596.0,True,178050
580,610,R385,B385,True,597.0,True,177450
580,610,R386,B386,True,599.0,True,175800
580,610,R387,B387,False,,False,174050
580,610,R388,B388,True,600.0,False,175400
580,610,R389,B389,True,601.0,False,178050
580,610,R390,B390,True,602.0,False,178050
580,610,R391,B391,False,,False,162250
580,610,R392,B392,True,604.0,False,178050
580,610,R393,B393,True,604.0,False,175400
580,610,R394,B394,False,,False,175400
580,610,R395,B395,True,606.0,False,175800
580,610,R396,B396,False,,False,177250
580,610,R397,B397,False,,False,173650
600,630,R382,B382,False,,False,182337
600,630,R387,B387,False,,False,179653
600,630,R388,B388,True,600.0,True,186348
600,630,R389,B389,True,601.0,True,190628
600,630,R390,B390,True,602.0,True,190628
600,630,R391,B391,False,,False,166450
600,630,R392,B392,True,603.0,True,187221
600,630,R393,B393,True,604.0,True,186348
600,630,R394,B394,False,,False,181773
600,630,R395,B395,True,606.0,True,199633
600,630,R396,B396,False,,False,182322
600,630,R397,B397,False,,False,178750
600,630,R398,B398,True,615.0,True,175800
600,630,R399,B399,True,619.0,True,178150
600,630,R400,B400,False,,False,177250
600,630,R401,B401,True,624.0,False,177350
600,630,R402,B402,True,624.0,False,174050
600,630,R403,B403,True,625.0,False,176250
600,630,R404,B404,True,626.0,False,178250
600,630,R405,B405,True,626.0,False,176250
600,630,R406,B406,True,627.0,False,178150
600,630,R407,B407,True,627.0,False,176800
600,630,R408,B408,True,627.0,False,176700
600,630,R409,B409,True,628.0,False,177350
600,630,R410,B410,True,629.0,False,178250
600,630,R411,B411,True,630.0,False,178050
600,630,R412,B412,True,630.0,False,173600
620,650,R391,B391,False,,False,187453
620,650,R394,B394,False,,False,226385
620,650,R396,B396,False,,False,197540
620,650,R397,B397,False,,False,194052
620,650,R400,B400,False,,False,182443
620,650,R401,B401,True,624.0,True,182549
620,650,R402,B402,True,624.0,True,179579
620,650,R403,B403,True,625.0,True,185051
620,650,R404,B404,True,626.0,True,194008
620,650,R405,B405,True,626.0,True,185051
620,650,R406,B406,True,627.0,True,187527
620,650,R407,B407,True,627.0,True,184155
620,650,R408,B408,True,627.0,True,183170
620,650,R409,B409,True,628.0,True,182549
620,650,R410,B410,True,629.0,True,190857
620,650,R411,B411,True,630.0,True,187221
620,650,R412,B412,True,630.0,True,179405
620,650,R413,B413,True,638.0,True,175400
620,650,R414,B414,True,632.0,True,167450
620,650,R415,B415,True,634.0,True,178250
620,650,R416,B416,False,,False,174050
620,650,R417,B417,True,635.0,True,167450
620,650,R418,B418,True,635.0,True,175400
620,650,R419,B419,True,635.0,True,178050
620,650,R420,B420,True,635.0,True,176700
620,650,R421,B421,True,638.0,True,178050
620,650,R422,B422,True,639.0,True,176250
620,650,R423,B423,True,640.0,False,175400
620,650,R424,B424,False,,False,177250
620,650,R425,B425,False,,False,177250
620,650,R426,B426,True,642.0,False,176700
620,650,R427,B427,True,643.0,False,178050
620,650,R428,B428,True,645.0,False,176700
620,650,R429,B429,True,646.0,False,178300
620,650,R430,B430,True,648.0,False,175800
620,650,R431,B431,True,648.0,False,178150
620,650,R432,B432,True,648.0,False,176250
620,650,R433,B433,True,649.0,False,176250
620,650,R434,B434,True,649.0,False,177450
620,650,R435,B435,True,649.0,False,176700
620,650,R436,B436,True,650.0,False,175400
620,650,R437,B437,True,650.0,False,177350
640,670,R400,B400,False,,False,218797
640,670,R416,B416,False,,False,185109
640,670,R423,B423,True,640.0,True,186348
640,670,R424,B424,False,,False,182322
640,670,R425,B425,False,,False,182443
640,670,R426,B426,True,642.0,True,183170
640,670,R427,B427,True,643.0,True,184339
640,670,R428,B428,True,645.0,True,183170
640,670,R429,B429,True,646.0,True,186475
640,670,R430,B430,True,648.0,True,201035
640,670,R431,B431,True,648.0,True,187527
640,670,R432,B432,True,648.0,True,185051
640,670,R433,B433,True,649.0,True,185051
640,670,R434,B434,True,649.0,True,184618
640,670,R435,B435,True,649.0,True,183170
640,670,R436,B436,True,650.0,True,181773
640,670,R437,B437,True,650.0,True,185749
640,670,R438,B438,True,652.0,True,177950
640,670,R439,B439,False,,False,177950
640,670,R440,B440,True,652.0,True,176700
640,670,R441,B441,True,654.0,True,178250
640,670,R442,B442,True,656.0,True,178250
640,670,R443,B443,False,,False,177350
640,670,R444,B444,True,656.0,True,176700
640,670,R445,B445,True,657.0,True,177950
640,670,R446,B446,True,657.0,True,176250
640,670,R447,B447,True,657.0,True,175800
640,670,R448,B448,True,658.0,True,178250
640,670,R449,B449,True,658.0,True,174050
640,670,R450,B450,True,659.0,True,177350
640,670,R451,B451,True,660.0,False,178250
640,670,R452,B452,False,,False,177250
640,670,R453,B453,True,660.0,False,177950
640,670,R454,B454,True,660.0,False,177950
640,670,R455,B455,False,,False,157500
640,670,R456,B456,True,662.0,False,176800
640,670,R457,B457,True,662.0,False,178250
640,670,R458,B458,True,662.0,False,178050
640,670,R459,B459,True,663.0,False,178050
640,670,R460,B460,False,,False,167450
640,670,R461,B461,True,664.0,False,177350
640,670,R462,B462,True,664.0,False,176800
640,670,R463,B463,False,,False,175900
640,670,R464,B464,True,667.0,False,177350
640,670,R465,B465,True,666.0,False,176300
640,670,R466,B466,True,667.0,False,175400
640,670,R467,B467,True,667.0,False,174050
640,670,R468,B468,False,,False,173650
640,670,R469,B469,False,,False,177150
640,670,R470,B470,True,670.0,False,175400
640,670,R471,B471,True,668.0,False,178050
640,670,R472,B472,True,668.0,False,176700
640,670,R473,B473,True,669.0,False,178250
640,670,R474,B474,False,,False,177250
640,670,R475,B475,True,669.0,False,356100
640,670,R476,B476,True,669.0,False,177350
640,670,R477,B477,True,670.0,False,178150
640,670,R478,B478,True,670.0,False,176250
660,690,R424,B424,False,,False,217831
660,690,R425,B425,False,,False,218797
660,690,R439,B439,False,,False,200310
660,690,R443,B443,False,,False,182549
660,690,R451,B451,True,660.0,True,196635
660,690,R452,B452,False,,False,182322
660,690,R453,B453,True,660.0,True,192856
660,690,R454,B454,True,660.0,True,193655
660,690,R455,B455,False,,False,161470
660,690,R456,B456,True,662.0,True,184282
660,690,R457,B457,True,662.0,True,190857
660,690,R458,B458,True,662.0,True,190628
660,690,R459,B459,True,666.0,True,187221
660,690,R460,B460,True,663.0,True,173798
660,690,R461,B461,True,664.0,True,182549
660,690,R462,B462,True,664.0,True,184155
660,690,R463,B463,False,,False,180619
660,690,R464,B464,True,667.0,True,182488
660,690,R465,B465,True,666.0,True,181627
660,690,R466,B466,True,667.0,True,186075
660,690,R467,B467,True,667.0,True,179653
660,690,R468,B468,False,,False,178750
660,690,R469,B469,False,,False,182337
660,690,R470,B470,True,670.0,True,186348
660,690,R471,B471,True,668.0,True,184339
660,690,R472,B472,True,668.0,True,183170
660,690,R473,B473,True,669.0,True,187442
660,690,R474,B474,False,,False,182322
660,690,R475,B475,True,669.0,True,368678
660,690,R476,B476,True,673.0,True,185749
660,690,R477,B477,True,670.0,True,187527
660,690,R478,B478,True,670.0,True,185051
660,690,R479,B479,True,671.0,True,174050
660,690,R480,B480,True,672.0,True,175400
660,690,R481,B481,True,674.0,True,175200
660,690,R482,B482,False,,False,178050
660,690,R483,B483,True,674.0,True,173600
660,690,R484,B484,True,676.0,True,176700
660,690,R485,B485,True,676.0,True,177950
660,690,R486,B486,False,,False,174450
660,690,R487,B487,True,677.0,True,175800
660,690,R488,B488,True,677.0,True,177250
660,690,R489,B489,True,678.0,True,175800
660,690,R490,B490,True,678.0,True,178150
660,690,R491,B491,True,680.0,False,178300
660,690,R492,B492,True,680.0,False,178250
660,690,R493,B493,False,,False,167450
660,690,R494,B494,True,681.0,False,178250
660,690,R495,B495,True,681.0,False,177950
660,690,R496,B496,True,681.0,False,177150
660,690,R497,B497,True,683.0,False,178250
660,690,R498,B498,True,683.0,False,178250
660,690,R499,B499,True,683.0,False,178150
660,690,R500,B500,True,683.0,False,356500
660,690,R501,B501,True,683.0,False,348100
660,690,R502,B502,True,684.0,False,178250
660,690,R503,B503,True,684.0,False,178400
660,690,R504,B504,True,684.0,False,178050
660,690,R505,B505,False,,False,176250
660,690,R506,B506,True,684.0,False,177350
660,690,R507,B507,True,686.0,False,178250
660,690,R508,B508,True,686.0,False,178150
660,690,R509,B509,True,685.0,False,177950
660,690,R510,B510,False,,False,169100
660,690,R511,B511,True,685.0,False,178050
660,690,R512,B512,False,,False,174450
660,690,R513,B513,False,,False,177250
660,690,R514,B514,True,686.0,False,176800
660,690,R515,B515,True,686.0,False,175450
660,690,R516,B516,True,687.0,False,176250
660,690,R517,B517,True,687.0,False,175800
660,690,R518,B518,True,689.0,False,176800
660,690,R519,B519,True,688.0,False,178250
660,690,R520,B520,True,688.0,False,178050
660,690,R521,B521,True,688.0,False,175500
660,690,R522,B522,True,688.0,False,173350
660,690,R523,B523,False,,False,177250
660,690,R524,B524,True,689.0,False,178250
660,690,R525,B525,True,690.0,False,175800
660,690,R526,B526,True,690.0,False,356500
660,690,R527,B527,True,690.0,False,178050
660,690,R528,B528,True,690.0,False,177350
660,690,R529,B529,True,690.0,False,177350
680,710,R443,B443,False,,False,218945
680,710,R452,B452,False,,False,217831
680,710,R455,B455,False,,False,189264
680,710,R463,B463,False,,False,204218
680,710,R468,B468,False,,False,194052
680,710,R469,B469,False,,False,197900
680,710,R474,B474,False,,False,197540
680,710,R482,B482,False,,False,205565
680,710,R486,B486,False,,False,179794
680,710,R491,B491,True,680.0,True,194651
680,710,R492,B492,True,683.0,True,203464
680,710,R493,B493,True,680.0,True,173798
680,710,R494,B494,True,681.0,True,196635
680,710,R495,B495,True,686.0,True,185531
680,710,R496,B496,False,,False,182337
680,710,R497,B497,True,686.0,True,190857
680,710,R498,B498,True,683.0,True,193465
680,710,R499,B499,True,683.0,True,187527
680,710,R500,B500,True,683.0,True,375276
680,710,R501,B501,True,683.0,True,359306
680,710,R502,B502,True,684.0,True,187442
680,710,R503,B503,True,686.0,True,188222
680,710,R504,B504,True,686.0,True,187221
680,710,R505,B505,True,686.0,True,181924
680,710,R506,B506,True,684.0,True,182549
680,710,R507,B507,True,686.0,True,193465
680,710,R508,B508,True,686.0,True,187527
680,710,R509,B509,True,689.0,True,185531
680,710,R510,B510,False,,False,178088
680,710,R511,B511,True,685.0,True,184339
680,710,R512,B512,False,,False,179794
680,710,R513,B513,True,685.0,True,182443
680,710,R514,B514,True,686.0,True,184282
680,710,R515,B515,True,686.0,True,185622
680,710,R516,B516,True,687.0,True,185051
680,710,R517,B517,True,687.0,True,188800
680,710,R518,B518,True,689.0,True,184282
680,710,R519,B519,True,688.0,True,188278
680,710,R520,B520,True,689.0,True,187221
680,710,R521,B521,False,,False,182625
680,710,R522,B522,True,688.0,True,180071
680,710,R523,B523,False,,False,182635
680,710,R524,B524,True,689.0,True,190857
680,710,R525,B525,True,690.0,True,181758
680,710,R526,B526,True,692.0,True,381714
680,710,R527,B527,True,690.0,True,187221
680,710,R528,B528,True,690.0,True,182549
680,710,R529,B529,True,690.0,True,185749
680,710,R530,B530,True,693.0,True,175800
680,710,R531,B531,True,692.0,True,178050
680,710,R532,B532,True,693.0,True,176250
680,710,R533,B533,False,,False,177150
680,710,R534,B534,True,692.0,True,175400
680,710,R535,B535,True,693.0,True,176250
680,710,R536,B536,True,693.0,True,178050
680,710,R537,B537,False,,False,162250
680,710,R538,B538,True,695.0,True,178050
680,710,R539,B539,True,694.0,True,177250
680,710,R540,B540,True,695.0,True,178250
680,710,R541,B541,True,696.0,True,178250
680,710,R542,B542,True,696.0,True,176700
680,710,R543,B543,True,697.0,True,178050
680,710,R544,B544,True,698.0,True,176250
680,710,R545,B545,False,,False,177150
680,710,R546,B546,True,699.0,True,178150
680,710,R547,B547,True,699.0,True,356500
680,710,R548,B548,True,699.0,True,178050
680,710,R549,B549,True,700.0,False,176250
680,710,R550,B550,True,701.0,False,175400
680,710,R551,B551,True,702.0,False,178150
680,710,R552,B552,True,703.0,False,178050
680,710,R553,B553,True,702.0,False,178050
680,710,R554,B554,False,,False,177250
680,710,R555,B555,False,,False,167450
680,710,R556,B556,True,707.0,False,177250
680,710,R557,B557,True,703.0,False,178400
680,710,R558,B558,True,703.0,False,178250
680,710,R559,B559,True,704.0,False,177950
680,710,R560,B560,True,704.0,False,356100
680,710,R561,B561,True,704.0,False,178250
680,710,R562,B562,True,704.0,False,177950
680,710,R563,B563,True,704.0,False,174050
680,710,R564,B564,True,704.0,False,177250
680,710,R565,B565,True,705.0,False,178050
680,710,R566,B566,True,706.0,False,176250
680,710,R567,B567,True,706.0,False,178300
680,710,R568,B568,True,706.0,False,178150
680,710,R569,B569,True,707.0,False,178250
680,710,R570,B570,True,707.0,False,173350
680,710,R571,B571,True,708.0,False,178250
680,710,R572,B572,True,708.0,False,177950
680,710,R573,B573,True,709.0,False,178250
680,710,R574,B574,True,708.0,False,176100
680,710,R575,B575,False,,False,177250
680,710,R576,B576,False,,False,177250
680,710,R577,B577,True,709.0,False,178300
680,710,R578,B578,True,709.0,False,356100
680,710,R579,B579,True,709.0,False,178050
680,710,R580,B580,True,710.0,False,176800
680,710,R581,B581,False,,False,177250
680,710,R582,B582,True,710.0,False,178150
680,710,R583,B583,True,710.0,False,175500
680,710,R584,B584,False,,False,177250
700,730,R486,B486,False,,False,217209
700,730,R496,B496,False,,False,208275
700,730,R510,B510,False,,False,223031
700,730,R512,B512,False,,False,206519
700,730,R521,B521,False,,False,218250
700,730,R523,B523,False,,False,198793
700,730,R533,B533,False,,False,182337
700,730,R537,B537,False,,False,166450
700,730,R545,B545,False,,False,182337
700,730,R549,B549,True,709.0,True,181924
700,730,R550,B550,True,701.0,True,186075
700,730,R551,B551,True,701.0,True,196905
700,730,R552,B552,True,701.0,True,187221
700,730,R553,B553,True,701.0,True,190628
700,730,R554,B554,False,,False,182322
700,730,R555,B555,False,,False,173798
700,730,R556,B556,True,707.0,True,182635
700,730,R557,B557,True,706.0,True,188222
700,730,R558,B558,True,703.0,True,190857
700,730,R559,B559,True,706.0,True,185403
700,730,R560,B560,True,704.0,True,374443
700,730,R561,B561,True,704.0,True,187638
700,730,R562,B562,True,704.0,True,185802
700,730,R563,B563,True,704.0,True,179579
700,730,R564,B564,True,704.0,True,182635
700,730,R565,B565,True,705.0,True,187221
700,730,R566,B566,True,706.0,True,181924
700,730,R567,B567,True,708.0,True,186475
700,730,R568,B568,True,706.0,True,187527
700,730,R569,B569,True,707.0,True,187638
700,730,R570,B570,True,707.0,True,179965
700,730,R571,B571,True,708.0,True,194008
700,730,R572,B572,True,709.0,True,185403
700,730,R573,B573,True,708.0,True,190857
700,730,R574,B574,True,708.0,True,196600
700,730,R575,B575,True,713.0,True,182635
700,730,R576,B576,True,708.0,True,182443
700,730,R577,B577,True,709.0,True,186475
700,730,R578,B578,True,709.0,True,374443
700,730,R579,B579,True,709.0,True,184339
700,730,R580,B580,True,710.0,True,184282
700,730,R581,B581,False,,False,182322
700,730,R582,B582,True,710.0,True,187527
700,730,R583,B583,False,,False,182625
700,730,R584,B584,True,710.0,True,182635
700,730,R585,B585,True,711.0,True,178250
700,730,R586,B586,True,711.0,True,178250
700,730,R587,B587,True,715.0,True,176250
700,730,R588,B588,True,711.0,True,176700
700,730,R589,B589,False,,False,177250
700,730,R590,B590,True,712.0,True,176250
700,730,R591,B591,True,715.0,True,178250
700,730,R592,B592,True,713.0,True,178150
700,730,R593,B593,True,713.0,True,177950
700,730,R594,B594,True,713.0,True,178050
700,730,R595,B595,True,714.0,True,178300
700,730,R596,B596,True,714.0,True,176800
700,730,R597,B597,True,715.0,True,178250
700,730,R598,B598,True,715.0,True,356500
700,730,R599,B599,True,715.0,True,177950
700,730,R600,B600,True,715.0,True,178250
700,730,R601,B601,True,715.0,True,175800
700,730,R602,B602,True,716.0,True,356100
700,730,R603,B603,True,718.0,True,178250
700,730,R604,B604,True,720.0,False,176250
700,730,R605,B605,True,718.0,True,178050
700,730,R606,B606,True,718.0,True,176700
700,730,R607,B607,True,719.0,True,175800
700,730,R608,B608,True,719.0,True,178150
700,730,R609,B609,True,719.0,True,178050
700,730,R610,B610,True,723.0,False,176250
700,730,R611,B611,True,720.0,False,178250
700,730,R612,B612,True,720.0,False,178250
700,730,R613,B613,True,720.0,False,177150
700,730,R614,B614,True,720.0,False,177350
700,730,R615,B615,True,721.0,False,355900
700,730,R616,B616,True,721.0,False,178050
700,730,R617,B617,True,723.0,False,175800
700,730,R618,B618,True,725.0,False,178250
700,730,R619,B619,True,723.0,False,178150
700,730,R620,B620,True,723.0,False,178400
700,730,R621,B621,True,723.0,False,177950
700,730,R622,B622,False,,False,177350
700,730,R623,B623,True,724.0,False,177250
700,730,R624,B624,True,725.0,False,178250
700,730,R625,B625,True,725.0,False,178250
700,730,R626,B626,True,726.0,False,178150
700,730,R627,B627,True,726.0,False,178050
700,730,R628,B628,True,727.0,False,175450
700,730,R629,B629,True,727.0,False,177150
700,730,R630,B630,True,729.0,False,178050
700,730,R631,B631,True,728.0,False,174050
700,730,R632,B632,False,,False,177250
700,730,R633,B633,True,729.0,False,178050
700,730,R634,B634,True,729.0,False,175500
700,730,R635,B635,True,729.0,False,176700
700,730,R636,B636,True,730.0,False,176800
700,730,R637,B637,True,730.0,False,176250
720,750,R537,B537,False,,False,195854
720,750,R545,B545,False,,False,218650
720,750,R554,B554,False,,False,207686
720,750,R555,B555,False,,False,218236
720,750,R581,B581,False,,False,197540
720,750,R583,B583,False,,False,218250
720,750,R589,B589,False,,False,187890
720,750,R604,B604,False,,False,181924
720,750,R610,B610,False,,False,181924
720,750,R611,B611,True,720.0,True,196635
720,750,R612,B612,True,722.0,True,203464
720,750,R613,B613,True,720.0,True,182337
720,750,R614,B614,True,720.0,True,185749
720,750,R615,B615,True,721.0,True,371063
720,750,R616,B616,True,724.0,True,190628
720,750,R617,B617,True,727.0,True,201035
720,750,R618,B618,True,726.0,True,188278
720,750,R619,B619,True,724.0,True,187527
720,750,R620,B620,True,723.0,True,188222
720,750,R621,B621,True,726.0,True,185945
720,750,R622,B622,False,,False,182549
720,750,R623,B623,True,724.0,True,182443
720,750,R624,B624,True,725.0,True,193465
720,750,R625,B625,True,725.0,True,190857
720,750,R626,B626,True,727.0,True,187527
720,750,R627,B627,True,726.0,True,184339
720,750,R628,B628,True,727.0,True,185622
720,750,R629,B629,True,727.0,True,182337
720,750,R630,B630,True,729.0,True,184339
720,750,R631,B631,True,728.0,True,179579
720,750,R632,B632,False,,False,182635
720,750,R633,B633,True,733.0,True,187221
720,750,R634,B634,True,729.0,True,182625
720,750,R635,B635,True,729.0,True,183170
720,750,R636,B636,True,734.0,True,184282
720,750,R637,B637,True,730.0,True,181924
720,750,R638,B638,True,731.0,True,178250
720,750,R639,B639,True,733.0,True,178150
720,750,R640,B640,True,731.0,True,178250
720,750,R641,B641,True,732.0,True,178250
720,750,R642,B642,False,,False,162250
720,750,R643,B643,True,735.0,True,356500
720,750,R644,B644,True,736.0,True,178250
720,750,R645,B645,True,735.0,True,178250
720,750,R646,B646,True,736.0,True,178050
720,750,R647,B647,True,736.0,True,178050
720,750,R648,B648,True,736.0,True,176700
720,750,R649,B649,True,737.0,True,178250
720,750,R650,B650,True,737.0,True,174050
720,750,R651,B651,True,740.0,False,174050
720,750,R652,B652,True,739.0,True,176250
720,750,R653,B653,True,739.0,True,176800
720,750,R654,B654,True,740.0,False,178250
720,750,R655,B655,True,740.0,False,176700
720,750,R656,B656,False,,False,173650
720,750,R657,B657,True,742.0,False,176800
720,750,R658,B658,True,742.0,False,176250
720,750,R659,B659,True,743.0,False,178300
720,750,R660,B660,True,743.0,False,177950
720,750,R661,B661,True,744.0,False,176250
720,750,R662,B662,True,744.0,False,173600
720,750,R663,B663,True,745.0,False,178250
720,750,R664,B664,True,746.0,False,176800
720,750,R665,B665,True,746.0,False,178150
720,750,R666,B666,True,746.0,False,178050
720,750,R667,B667,True,747.0,False,176400
720,750,R668,B668,True,749.0,False,178150
720,750,R669,B669,False,,False,173650
740,770,R604,B604,False,,False,221644
740,770,R610,B610,False,,False,210296
740,770,R622,B622,False,,False,208546
740,770,R632,B632,False,,False,198793
740,770,R642,B642,False,,False,166450
740,770,R651,B651,True,740.0,True,179579
740,770,R654,B654,True,740.0,True,198306
740,770,R655,B655,True,740.0,True,189640
740,770,R656,B656,False,,False,178750
740,770,R657,B657,True,742.0,True,184282
740,770,R658,B658,True,742.0,True,185051
740,770,R659,B659,True,743.0,True,186475
740,770,R660,B660,True,748.0,True,185531
740,770,R661,B661,True,745.0,True,185051
740,770,R662,B662,True,744.0,True,179405
740,770,R663,B663,True,747.0,True,187442
740,770,R664,B664,True,746.0,True,184282
740,770,R665,B665,True,746.0,True,187527
740,770,R666,B666,True,746.0,True,184339
740,770,R667,B667,True,747.0,True,183722
740,770,R668,B668,True,749.0,True,187527
740,770,R669,B669,False,,False,178750
740,770,R670,B670,False,,False,177350
740,770,R671,B671,True,752.0,True,176800
740,770,R672,B672,True,753.0,True,178300
740,770,R673,B673,True,755.0,True,176800
740,770,R674,B674,True,756.0,True,178150
740,770,R675,B675,True,757.0,True,176700
740,770,R676,B676,True,757.0,True,173599
740,770,R677,B677,True,759.0,True,178300
740,770,R678,B678,False,,False,173650
740,770,R679,B679,True,765.0,False,177950
740,770,R680,B680,True,760.0,False,178250
740,770,R681,B681,True,761.0,False,176800
740,770,R682,B682,True,761.0,False,178150
740,770,R683,B683,True,761.0,False,176400
740,770,R684,B684,True,762.0,False,177950
740,770,R685,B685,True,763.0,False,356500
740,770,R686,B686,True,764.0,False,178150
740,770,R687,B687,True,764.0,False,178250
740,770,R688,B688,True,765.0,False,176700
740,770,R689,B689,False,,False,173650
740,770,R690,B690,True,766.0,False,176800
740,770,R691,B691,True,767.0,False,178250
740,770,R692,B692,True,766.0,False,176700
740,770,R693,B693,True,767.0,False,178250
740,770,R694,B694,True,768.0,False,176800
740,770,R695,B695,True,769.0,False,178250
740,770,R696,B696,True,770.0,False,177950
740,770,R697,B697,True,770.0,False,176250
740,770,R698,B698,True,770.0,False,173600
740,770,R699,B699,False,,False,162250
760,790,R642,B642,False,,False,195854
760,790,R656,B656,False,,False,214454
760,790,R669,B669,False,,False,194052
760,790,R670,B670,False,,False,182488
760,790,R678,B678,False,,False,178750
760,790,R679,B679,True,763.0,True,185403
760,790,R680,B680,True,760.0,True,197026
760,790,R681,B681,True,761.0,True,184282
760,790,R682,B682,True,761.0,True,196905
760,790,R683,B683,True,762.0,True,186218
760,790,R684,B684,True,763.0,True,185403
760,790,R685,B685,True,764.0,True,375276
760,790,R686,B686,True,764.0,True,187527
760,790,R687,B687,True,764.0,True,187638
760,790,R688,B688,True,765.0,True,183170
760,790,R689,B689,False,,False,178750
760,790,R690,B690,True,766.0,True,184282
760,790,R691,B691,True,767.0,True,187638
760,790,R692,B692,True,766.0,True,183170
760,790,R693,B693,True,767.0,True,187442
760,790,R694,B694,True,768.0,True,184282
760,790,R695,B695,True,769.0,True,187638
760,790,R696,B696,True,770.0,True,185403
760,790,R697,B697,True,770.0,True,185051
760,790,R698,B698,True,770.0,True,179405
760,790,R699,B699,False,,False,166450
760,790,R700,B700,True,772.0,True,178150
760,790,R701,B701,True,773.0,True,356500
760,790,R702,B702,True,776.0,True,178050
760,790,R703,B703,True,773.0,True,178250
760,790,R704,B704,True,774.0,True,173600
760,790,R705,B705,True,776.0,True,178300
760,790,R706,B706,True,776.0,True,176800
760,790,R707,B707,True,776.0,True,178250
760,790,R708,B708,True,777.0,True,178250
760,790,R709,B709,True,778.0,True,178050
760,790,R710,B710,True,779.0,True,176800
760,790,R711,B711,True,779.0,True,177950
760,790,R712,B712,True,779.0,True,176700
760,790,R713,B713,True,780.0,False,178250
760,790,R714,B714,True,784.0,False,178150
760,790,R715,B715,False,,False,177250
760,790,R716,B716,True,785.0,False,177950
760,790,R717,B717,True,781.0,False,175800
760,790,R718,B718,True,781.0,False,356500
760,790,R719,B719,True,782.0,False,175800
760,790,R720,B720,True,782.0,False,173350
760,790,R721,B721,True,782.0,False,176400
760,790,R722,B722,True,784.0,False,178250
760,790,R723,B723,True,785.0,False,175800
760,790,R724,B724,True,785.0,False,176800
760,790,R725,B725,True,787.0,False,178300
760,790,R726,B726,True,787.0,False,178250
760,790,R727,B727,True,788.0,False,173599
780,810,R678,B678,False,,False,214454
780,810,R689,B689,False,,False,204253
780,810,R699,B699,False,,False,170651
780,810,R713,B713,True,780.0,True,198306
780,810,R714,B714,True,784.0,True,196905
780,810,R715,B715,False,,False,182635
780,810,R716,B716,True,786.0,True,185531
780,810,R717,B717,True,781.0,True,181758
780,810,R718,B718,True,781.0,True,394053
780,810,R719,B719,True,782.0,True,201035
780,810,R720,B720,True,782.0,True,180071
780,810,R721,B721,True,782.0,True,183722
780,810,R722,B722,True,784.0,True,187638
780,810,R723,B723,True,785.0,True,201035
780,810,R724,B724,True,785.0,True,184155
780,810,R725,B725,True,787.0,True,186475
780,810,R726,B726,True,787.0,True,187638
780,810,R727,B727,True,788.0,True,179486
780,810,R728,B728,True,792.0,True,178250
780,810,R729,B729,True,795.0,True,177950
780,810,R730,B730,True,796.0,True,178250
780,810,R731,B731,True,796.0,True,178250
780,810,R733,B733,True,800.0,False,178250
780,810,R734,B734,True,801.0,False,178250
780,810,R735,B735,True,801.0,False,178250
780,810,R737,B737,True,803.0,False,178300
780,810,R738,B738,False,,False,175800
780,810,R740,B740,True,803.0,False,175700
780,810,R742,B742,True,806.0,False,178250
780,810,R743,B743,False,,False,177950
780,810,R744,B744,True,806.0,False,178050
780,810,R745,B745,True,806.0,False,178250
780,810,R748,B748,False,,False,175700
800,816,R715,B715,False,,False,220336
800,816,R733,B733,False,,False,196635
800,816,R734,B734,False,,False,196635
800,816,R735,B735,True,801.0,True,197026
800,816,R737,B737,False,,False,186475
800,816,R738,B738,False,,False,181758
800,816,R740,B740,True,803.0,True,186976
800,816,R742,B742,True,806.0,True,188278
800,816,R743,B743,False,,False,185403
800,816,R744,B744,True,806.0,True,184339
800,816,R745,B745,True,806.0,True,187638
800,816,R748,B748,False,,False,186976
