n,m,cnt,depT_hr,depT_m,arrT_hr,arrT_m,maxWait_min
6,2,1,6,0,6,13,4.2
6,7,2,6,2,6,16,4.2
4,9,1,6,4,6,22,4.1
10,3,1,6,4,6,21,6.2
4,10,1,6,6,6,20,3.8
4,9,1,6,8,6,26,4.1
1,10,1,6,11,6,26,4.5
6,2,1,6,11,6,24,4.2
10,4,1,6,12,6,26,4.3
6,7,1,6,16,6,30,4.2
1,10,1,6,17,6,32,4.5
4,9,1,6,19,6,36,4.1
5,9,1,6,19,6,38,4.2
10,3,1,6,19,6,36,6.2
10,3,1,6,21,6,38,6.2
4,9,1,6,28,6,46,4.1
9,4,1,6,29,6,46,4.6
3,9,1,6,31,6,48,3.9
3,10,1,6,31,6,48,5.1
4,9,1,6,32,6,50,4.1
4,10,1,6,34,6,48,3.8
8,4,1,6,36,6,50,4.1
3,9,1,6,38,6,55,3.9
2,6,1,6,39,6,52,4.0
10,3,1,6,42,6,59,6.2
6,2,1,6,45,6,58,4.2
10,1,1,6,46,7,2,5.0
10,4,1,6,46,7,0,4.3
6,2,1,6,48,7,1,4.2
10,4,1,6,49,7,3,4.3
3,9,1,6,50,7,7,3.9
4,9,1,6,50,7,8,4.1
1,10,1,6,51,7,6,4.5
10,3,1,6,52,7,9,6.2
10,3,1,6,53,7,10,6.2
10,4,1,6,53,7,7,4.3
10,3,1,6,54,7,11,6.2
4,9,1,6,56,7,14,4.1
10,4,1,6,56,7,10,4.3
1,10,1,6,59,7,14,4.5
4,9,1,6,59,7,16,4.1
2,4,1,7,0,7,8,3.3
6,1,1,7,2,7,11,4.2
5,7,1,7,3,7,15,4.3
1,9,1,7,7,7,25,7.1
6,1,1,7,8,7,17,4.2
10,9,1,7,8,7,29,5.8
1,9,1,7,12,7,30,7.1
9,6,1,7,13,7,35,4.5
6,1,1,7,14,7,23,4.2
10,3,1,7,14,7,31,5.6
2,4,1,7,15,7,23,3.3
6,1,2,7,16,7,25,4.2
6,7,1,7,16,7,30,5.1
7,4,1,7,16,7,25,3.2
6,7,1,7,17,7,32,5.1
2,5,1,7,18,7,28,7.6
3,8,1,7,18,7,30,3.5
9,6,1,7,18,7,40,4.5
7,4,1,7,21,7,30,3.2
6,1,1,7,22,7,31,4.2
9,6,1,7,22,7,44,4.5
6,1,1,7,23,7,32,4.2
4,9,1,7,24,7,42,4.6
8,2,1,7,24,7,36,5.0
10,9,1,7,24,7,45,5.8
6,7,1,7,25,7,40,5.1
6,9,1,7,25,7,47,6.6
9,6,1,7,25,7,47,4.5
2,4,1,7,28,7,36,3.3
7,4,1,7,30,7,39,3.2
5,7,1,7,31,7,43,4.3
6,1,1,7,31,7,40,4.2
6,3,1,7,32,7,44,4.2
6,1,1,7,34,7,43,4.2
6,7,1,7,35,7,50,5.1
7,4,1,7,35,7,44,3.2
9,6,1,7,35,7,57,4.5
6,7,1,7,37,7,52,5.1
6,3,1,7,38,7,50,4.2
1,9,1,7,39,7,57,7.1
5,7,1,7,40,7,52,4.3
9,1,1,7,40,7,58,5.8
3,8,1,7,41,7,53,3.5
6,1,1,7,41,7,50,4.2
6,7,1,7,42,7,56,5.1
10,9,1,7,42,8,3,5.8
3,5,1,7,44,7,54,7.3
6,7,1,7,45,7,60,5.1
8,2,1,7,46,7,58,5.0
10,9,1,7,48,8,9,5.8
4,9,1,7,49,8,6,4.6
4,9,1,7,51,8,8,4.6
6,1,1,7,52,8,1,4.2
5,2,1,7,56,8,6,4.2
6,1,1,7,56,8,5,4.2
8,3,1,7,56,8,8,4.4
2,4,1,7,57,8,5,3.3
6,1,1,7,57,8,6,4.2
2,4,1,7,58,8,6,3.3
3,8,1,7,59,8,11,3.5
6,1,1,7,59,8,8,4.2
6,2,1,7,59,8,12,4.9
3,4,1,8,0,8,9,4.7
5,3,2,8,0,8,10,5.6
6,4,1,8,0,8,9,4.2
6,9,1,8,0,8,22,6.9
7,4,1,8,0,8,9,4.3
2,1,1,8,1,8,10,5.0
3,1,1,8,1,8,9,4.7
3,9,2,8,1,8,18,4.5
6,1,1,8,1,8,10,4.7
7,1,1,8,1,8,10,4.7
9,1,1,8,1,8,19,7.7
2,4,1,8,2,8,10,4.6
3,1,1,8,2,8,10,4.7
5,3,1,8,2,8,12,5.6
6,1,1,8,2,8,11,4.7
8,1,1,8,2,8,16,5.5
9,6,1,8,2,8,24,6.5
3,4,1,8,3,8,12,4.7
6,1,1,8,3,8,12,4.7
6,4,1,8,3,8,12,4.2
3,4,1,8,4,8,13,4.7
5,3,1,8,4,8,14,5.6
6,1,1,8,4,8,13,4.7
6,3,1,8,4,8,16,4.9
7,9,1,8,4,8,18,4.2
2,4,1,8,5,8,13,4.6
3,1,1,8,5,8,13,4.7
3,9,1,8,5,8,22,4.5
6,1,2,8,5,8,14,4.7
8,3,1,8,5,8,17,5.3
8,4,1,8,5,8,18,5.2
10,9,1,8,5,8,26,7.1
5,3,1,8,6,8,16,5.6
6,3,1,8,6,8,18,4.9
8,1,1,8,6,8,20,5.5
9,6,1,8,6,8,28,6.5
5,1,1,8,7,8,16,5.4
5,7,1,8,8,8,20,5.0
7,1,1,8,8,8,17,4.7
8,5,1,8,8,8,24,5.3
8,7,1,8,8,8,17,4.4
2,4,1,8,9,8,17,4.6
5,3,1,8,9,8,19,5.6
6,1,1,8,9,8,18,4.7
6,7,1,8,9,8,24,6.0
7,4,1,8,9,8,18,4.3
2,4,1,8,10,8,18,4.6
6,10,1,8,10,8,22,5.0
9,6,1,8,10,8,32,6.5
3,1,1,8,11,8,19,4.7
7,4,1,8,11,8,20,4.3
9,1,1,8,11,8,29,7.7
8,4,1,8,12,8,26,5.2
9,7,2,8,12,8,26,5.0
3,9,1,8,13,8,30,4.5
6,1,1,8,13,8,22,4.7
7,1,1,8,13,8,22,4.7
8,1,1,8,13,8,27,5.5
8,4,1,8,13,8,26,5.2
10,9,1,8,13,8,34,7.1
5,3,1,8,14,8,24,5.6
6,1,1,8,14,8,23,4.7
8,1,1,8,14,8,28,5.5
8,4,1,8,14,8,28,5.2
8,5,1,8,14,8,30,5.3
1,10,1,8,15,8,30,4.9
3,9,1,8,15,8,32,4.5
6,1,1,8,15,8,24,4.7
8,2,1,8,15,8,27,5.4
9,6,1,8,16,8,38,6.5
9,7,1,8,16,8,30,5.0
3,4,1,8,17,8,26,4.7
6,1,1,8,17,8,26,4.7
6,3,1,8,17,8,29,4.9
8,1,1,8,17,8,31,5.5
9,1,1,8,17,8,35,7.7
3,4,1,8,18,8,27,4.7
7,1,1,8,18,8,27,4.7
8,2,1,8,18,8,30,5.4
9,6,1,8,18,8,40,6.5
3,9,1,8,19,8,36,4.5
4,9,1,8,19,8,36,5.4
5,3,1,8,19,8,29,5.6
2,4,1,8,20,8,28,4.6
3,4,1,8,20,8,29,4.7
6,2,1,8,20,8,33,5.5
8,1,1,8,20,8,34,5.5
3,5,1,8,21,8,31,7.0
3,9,1,8,21,8,38,4.5
5,3,1,8,21,8,31,5.6
6,3,1,8,21,8,33,4.9
6,9,1,8,21,8,43,6.9
7,4,1,8,21,8,30,4.3
8,5,1,8,21,8,36,5.3
10,9,1,8,21,8,42,7.1
2,4,1,8,22,8,30,4.6
3,1,1,8,22,8,30,4.7
8,1,1,8,22,8,36,5.5
8,4,2,8,22,8,36,5.2
3,8,1,8,23,8,35,3.9
5,2,1,8,23,8,34,5.1
5,3,2,8,23,8,33,5.6
2,4,1,8,24,8,32,4.6
3,1,1,8,24,8,32,4.7
3,6,1,8,24,8,36,3.6
6,4,1,8,24,8,33,4.2
8,4,1,8,24,8,38,5.2
8,5,1,8,24,8,40,5.3
9,1,1,8,24,8,42,7.7
3,4,1,8,25,8,34,4.7
6,1,1,8,25,8,34,4.7
6,4,1,8,25,8,34,4.2
2,4,1,8,26,8,34,4.6
6,1,1,8,26,8,35,4.7
6,2,1,8,26,8,39,5.5
7,4,2,8,26,8,35,4.3
3,8,1,8,27,8,39,3.9
6,1,1,8,27,8,36,4.7
7,4,1,8,27,8,36,4.3
8,1,1,8,27,8,41,5.5
3,6,1,8,28,8,40,3.6
6,1,1,8,28,8,37,4.7
6,4,1,8,28,8,37,4.2
5,3,2,8,29,8,39,5.6
5,3,1,8,30,8,40,5.6
8,1,1,8,30,8,44,5.5
5,3,1,8,31,8,41,5.6
6,2,1,8,31,8,44,5.5
6,7,1,8,31,8,46,6.0
8,4,2,8,31,8,44,5.2
9,6,1,8,31,8,53,6.5
3,4,1,8,32,8,41,4.7
6,3,1,8,32,8,44,4.9
8,4,1,8,32,8,46,5.2
6,1,1,8,33,8,42,4.7
6,7,1,8,33,8,48,6.0
7,4,1,8,33,8,42,4.3
3,4,1,8,34,8,43,4.7
3,9,1,8,34,8,51,4.5
6,1,2,8,34,8,43,4.7
8,4,1,8,34,8,48,5.2
3,6,1,8,35,8,47,3.6
5,3,2,8,35,8,45,5.6
6,3,1,8,35,8,47,4.9
8,5,1,8,35,8,50,5.3
2,1,1,8,36,8,45,5.0
7,4,1,8,36,8,45,4.3
2,4,1,8,37,8,45,4.6
3,4,2,8,37,8,46,4.7
6,1,1,8,37,8,46,4.7
6,7,1,8,37,8,52,6.0
7,4,1,8,37,8,46,4.3
8,1,1,8,38,8,52,5.5
6,3,1,8,39,8,51,4.9
8,4,1,8,39,8,52,5.2
3,1,1,8,40,8,48,4.7
2,4,1,8,41,8,49,4.6
6,1,2,8,41,8,50,4.7
6,2,1,8,41,8,54,5.5
9,7,1,8,41,8,55,5.0
3,4,1,8,42,8,51,4.7
5,3,1,8,42,8,52,5.6
6,3,1,8,42,8,54,4.9
6,7,1,8,42,8,56,6.0
6,1,2,8,43,8,52,4.7
6,1,1,8,44,8,53,4.7
7,4,1,8,44,8,53,4.3
8,3,1,8,44,8,56,5.3
3,4,1,8,45,8,54,4.7
6,1,1,8,45,8,54,4.7
6,7,1,8,45,8,60,6.0
7,1,1,8,45,8,54,4.7
8,1,1,8,45,8,59,5.5
9,7,1,8,45,8,59,5.0
8,5,2,8,46,9,2,5.3
2,1,2,8,47,8,56,5.0
3,9,1,8,47,9,4,4.5
5,3,1,8,47,8,57,5.6
5,7,1,8,47,8,59,5.0
7,1,1,8,47,8,56,4.7
7,4,2,8,47,8,56,4.3
8,5,1,8,47,9,2,5.3
3,4,1,8,48,8,57,4.7
5,3,1,8,48,8,58,5.6
6,7,1,8,48,9,2,6.0
2,1,1,8,49,8,58,5.0
3,1,1,8,49,8,57,4.7
3,4,1,8,49,8,58,4.7
7,4,1,8,49,8,58,4.3
9,1,1,8,49,9,7,7.7
3,9,1,8,50,9,7,4.5
6,1,2,8,50,8,59,4.7
8,3,1,8,50,9,2,5.3
8,4,1,8,50,9,4,5.2
2,1,1,8,51,9,0,5.0
3,4,1,8,51,8,60,4.7
5,1,1,8,51,9,0,5.4
5,10,1,8,51,9,3,3.2
6,4,1,8,51,9,0,4.2
6,7,1,8,51,9,6,6.0
7,4,1,8,51,9,0,4.3
3,1,1,8,52,8,60,4.7
3,4,1,8,52,9,1,4.7
5,3,1,8,52,9,2,5.6
6,2,1,8,52,9,5,5.5
6,7,1,8,52,9,6,6.0
9,7,1,8,52,9,6,5.0
5,3,1,8,53,9,3,5.6
6,1,1,8,53,9,2,4.7
3,4,1,8,54,9,3,4.7
8,7,1,8,54,9,3,4.4
10,9,1,8,54,9,15,7.1
3,4,1,8,55,9,4,4.7
3,9,1,8,55,9,12,4.5
5,3,2,8,55,9,5,5.6
6,7,1,8,55,9,10,6.0
7,6,1,8,55,9,10,5.1
2,1,1,8,56,9,5,5.0
4,9,1,8,56,9,14,5.4
5,3,1,8,57,9,7,5.6
8,1,1,8,57,9,11,5.5
8,5,1,8,57,9,12,5.3
8,7,1,8,57,9,6,4.4
3,4,2,8,59,9,8,4.7
5,3,1,8,59,9,9,5.6
6,3,1,8,59,9,11,4.9
6,7,1,8,59,9,14,6.0
8,5,1,8,59,9,14,5.3
2,4,1,9,0,9,8,4.5
5,7,1,9,1,9,13,5.1
9,7,1,9,1,9,15,5.1
2,4,1,9,2,9,10,4.5
2,5,1,9,2,9,12,7.5
3,4,1,9,2,9,11,4.6
7,1,1,9,2,9,11,4.6
9,7,1,9,2,9,16,5.1
10,9,1,9,2,9,23,5.6
2,4,1,9,3,9,11,4.5
9,1,1,9,3,9,21,7.4
2,4,1,9,4,9,12,4.5
4,2,1,9,4,9,12,4.4
4,7,1,9,4,9,13,4.4
3,4,1,9,5,9,14,4.6
5,10,1,9,5,9,17,3.3
6,1,1,9,5,9,14,4.6
9,1,1,9,5,9,23,7.4
2,4,1,9,6,9,14,4.5
3,4,1,9,6,9,15,4.6
3,1,1,9,7,9,15,4.9
4,2,1,9,7,9,15,4.4
8,4,1,9,7,9,20,5.3
3,4,2,9,8,9,17,4.6
6,1,1,9,10,9,19,4.6
2,4,1,9,12,9,20,4.5
8,3,1,9,12,9,24,5.0
3,4,1,9,13,9,22,4.6
9,6,1,9,13,9,35,6.1
1,9,1,9,14,9,32,7.8
2,4,1,9,14,9,22,4.5
2,4,1,9,15,9,23,4.5
5,1,1,9,15,9,24,4.7
6,1,1,9,15,9,24,4.6
9,6,1,9,15,9,37,6.1
5,7,1,9,16,9,28,5.1
6,1,1,9,16,9,25,4.6
4,2,1,9,17,9,25,4.4
6,1,1,9,17,9,26,4.6
8,4,1,9,17,9,30,5.3
10,9,1,9,17,9,38,5.6
3,1,1,9,18,9,26,4.9
3,4,2,9,18,9,27,4.6
6,7,1,9,18,9,32,5.7
8,2,1,9,18,9,30,5.5
3,4,2,9,19,9,28,4.6
4,2,1,9,19,9,27,4.4
10,9,1,9,19,9,40,5.6
6,3,1,9,20,9,32,4.7
3,4,1,9,21,9,30,4.6
6,1,1,9,21,9,30,4.6
7,1,1,9,21,9,30,4.6
1,9,1,9,22,9,40,7.8
3,1,1,9,22,9,30,4.9
6,1,1,9,22,9,31,4.6
9,7,1,9,23,9,37,5.1
5,7,1,9,24,9,36,5.1
3,4,1,9,25,9,34,4.6
2,4,2,9,26,9,34,4.5
8,4,1,9,26,9,40,5.3
5,7,1,9,27,9,39,5.1
6,1,2,9,27,9,36,4.6
8,4,1,9,27,9,40,5.3
4,2,1,9,28,9,36,4.4
5,7,2,9,28,9,40,5.1
5,2,1,9,29,9,40,4.7
6,3,1,9,29,9,41,4.7
2,1,1,9,30,9,39,4.7
2,4,1,9,30,9,38,4.5
3,4,1,9,31,9,40,4.6
2,4,1,9,32,9,40,4.5
8,2,1,9,32,9,44,5.5
3,1,1,9,34,9,42,4.9
10,9,1,9,34,9,55,5.6
3,1,1,9,35,9,43,4.9
6,9,1,9,35,9,57,6.8
3,4,2,9,36,9,45,4.6
8,2,1,9,36,9,48,5.5
2,4,2,9,37,9,45,4.5
3,4,1,9,37,9,46,4.6
5,2,1,9,37,9,48,4.7
6,3,1,9,37,9,49,4.7
9,1,2,9,37,9,55,7.4
5,3,1,9,38,9,48,5.2
4,3,1,9,39,9,48,4.1
6,7,1,9,40,9,54,5.7
9,1,1,9,40,9,58,7.4
6,9,1,9,41,10,3,6.8
5,1,1,9,42,9,52,4.7
4,9,1,9,44,10,2,5.4
8,7,1,9,44,9,53,4.1
5,7,1,9,46,9,58,5.1
4,2,1,9,47,9,55,4.4
5,7,1,9,47,9,59,5.1
1,7,1,9,48,9,57,4.5
2,4,1,9,48,9,56,4.5
6,9,1,9,48,10,10,6.8
9,7,1,9,48,10,2,5.1
1,9,1,9,49,10,7,7.8
2,4,1,9,49,9,57,4.5
7,4,1,9,49,9,58,4.8
8,2,1,9,49,10,1,5.5
6,1,1,9,50,9,59,4.6
2,1,1,9,51,10,0,4.7
2,4,1,9,51,9,59,4.5
5,7,1,9,51,10,3,5.1
8,2,1,9,51,10,3,5.5
2,1,1,9,52,10,1,4.7
2,4,1,9,52,9,60,4.5
3,4,1,9,52,10,1,4.6
6,1,1,9,53,10,2,4.6
7,1,1,9,53,10,2,4.6
2,4,1,9,54,10,2,4.5
9,7,1,9,54,10,8,5.1
8,4,1,9,55,10,8,5.3
2,4,1,9,56,10,4,4.5
9,7,1,9,56,10,10,5.1
2,1,1,9,57,10,6,4.7
2,4,1,9,57,10,5,4.5
3,1,1,9,57,10,5,4.9
3,4,2,9,57,10,6,4.6
5,7,2,9,57,10,9,5.1
6,3,1,9,57,10,9,4.7
9,7,1,9,57,10,11,5.1
1,9,1,9,58,10,16,7.8
2,1,1,9,59,10,8,4.7
2,4,1,9,59,10,7,4.5
7,4,1,9,59,10,8,4.8
6,7,1,10,0,10,14,5.7
10,4,1,10,0,10,14,4.9
1,10,1,10,1,10,16,5.9
4,9,1,10,1,10,18,5.5
5,3,1,10,1,10,11,5.4
5,9,1,10,1,10,20,5.8
6,1,1,10,1,10,10,4.6
6,3,1,10,1,10,13,5.0
1,10,1,10,2,10,18,5.9
2,1,1,10,2,10,11,4.5
2,5,1,10,2,10,12,5.6
4,3,1,10,2,10,11,4.3
5,2,1,10,2,10,12,4.8
5,9,1,10,2,10,21,5.8
6,1,1,10,2,10,11,4.6
8,1,1,10,2,10,16,5.3
5,2,1,10,3,10,14,4.8
5,9,2,10,3,10,22,5.8
10,3,1,10,3,10,20,9.0
1,10,2,10,4,10,20,5.9
2,5,1,10,4,10,14,5.6
2,6,1,10,4,10,17,4.5
3,6,1,10,4,10,16,4.3
6,1,1,10,4,10,13,4.6
9,5,1,10,4,10,23,5.3
2,5,1,10,5,10,16,5.6
3,9,1,10,5,10,22,4.9
4,2,1,10,5,10,13,4.2
5,1,1,10,5,10,14,5.1
7,4,1,10,5,10,14,4.6
2,5,1,10,6,10,16,5.6
4,2,1,10,6,10,14,4.2
6,7,1,10,6,10,20,5.7
8,4,1,10,6,10,20,5.1
9,3,1,10,6,10,23,4.0
1,3,1,10,7,10,15,4.4
3,9,1,10,7,10,24,4.9
4,2,1,10,7,10,15,4.2
5,8,1,10,7,10,22,4.4
2,5,1,10,8,10,18,5.6
7,1,1,10,8,10,17,4.9
2,5,1,10,9,10,20,5.6
4,9,1,10,9,10,26,5.5
5,1,2,10,9,10,18,5.1
5,9,1,10,9,10,28,5.8
7,4,1,10,9,10,18,4.6
7,9,2,10,9,10,23,4.3
1,10,1,10,10,10,26,5.9
2,5,1,10,10,10,20,5.6
3,1,1,10,10,10,18,4.8
4,2,1,10,10,10,18,4.2
4,3,1,10,10,10,19,4.3
4,7,1,10,10,10,19,4.3
5,1,1,10,10,10,20,5.1
6,1,1,10,10,10,19,4.6
2,4,2,10,11,10,19,3.6
3,4,1,10,11,10,20,4.4
3,6,1,10,11,10,23,4.3
1,3,1,10,12,10,20,4.4
2,6,1,10,12,10,25,4.5
3,1,1,10,12,10,20,4.8
9,3,1,10,12,10,29,4.0
1,9,1,10,13,10,31,6.4
1,10,1,10,13,10,28,5.9
2,5,1,10,13,10,24,5.6
3,4,1,10,13,10,22,4.4
5,9,1,10,13,10,32,5.8
6,7,1,10,13,10,28,5.7
7,4,1,10,13,10,22,4.6
4,2,1,10,14,10,22,4.2
9,4,1,10,14,10,32,5.8
10,3,1,10,14,10,31,9.0
1,9,1,10,15,10,33,6.4
4,2,1,10,15,10,23,4.2
5,1,1,10,15,10,24,5.1
6,1,1,10,15,10,24,4.6
7,1,1,10,15,10,24,4.9
8,1,1,10,15,10,29,5.3
9,4,1,10,15,10,32,5.8
1,7,1,10,16,10,25,4.0
5,3,1,10,16,10,26,5.4
7,1,1,10,16,10,25,4.9
9,1,1,10,16,10,34,7.0
3,4,1,10,17,10,26,4.4
3,9,1,10,17,10,34,4.9
5,3,1,10,17,10,27,5.4
7,1,1,10,17,10,26,4.9
7,9,1,10,17,10,31,4.3
10,9,1,10,17,10,38,6.1
2,5,1,10,18,10,28,5.6
4,7,2,10,18,10,27,4.3
5,1,1,10,18,10,28,5.1
5,2,1,10,18,10,28,4.8
5,3,1,10,18,10,28,5.4
7,6,1,10,18,10,32,5.4
9,4,1,10,18,10,36,5.8
3,1,1,10,19,10,27,4.8
3,5,1,10,19,10,29,6.0
3,6,1,10,19,10,31,4.3
5,3,1,10,19,10,29,5.4
9,4,1,10,19,10,36,5.8
1,3,1,10,20,10,28,4.4
8,1,1,10,20,10,34,5.3
8,4,1,10,20,10,34,5.1
10,4,1,10,20,10,34,4.9
1,7,1,10,21,10,30,4.0
1,9,2,10,21,10,39,6.4
2,6,1,10,21,10,34,4.5
3,1,1,10,21,10,29,4.8
3,10,1,10,21,10,38,7.5
4,7,1,10,21,10,30,4.3
6,3,1,10,21,10,33,5.0
10,9,1,10,21,10,42,6.1
1,6,1,10,22,10,31,3.8
4,9,1,10,22,10,40,5.5
5,1,1,10,22,10,32,5.1
5,2,1,10,22,10,32,4.8
6,7,1,10,22,10,36,5.7
9,1,1,10,22,10,40,7.0
1,9,1,10,23,10,41,6.4
3,1,2,10,23,10,31,4.8
3,4,1,10,23,10,32,4.4
5,3,2,10,23,10,33,5.4
7,1,1,10,23,10,32,4.9
7,4,1,10,23,10,32,4.6
9,5,1,10,23,10,42,5.3
10,3,1,10,23,10,40,9.0
1,10,1,10,24,10,40,5.9
6,7,1,10,24,10,38,5.7
9,3,1,10,24,10,41,4.0
2,1,1,10,25,10,34,4.5
3,5,1,10,25,10,35,6.0
4,2,1,10,25,10,33,4.2
4,9,1,10,25,10,42,5.5
5,2,1,10,25,10,36,4.8
7,1,1,10,25,10,34,4.9
8,4,1,10,25,10,38,5.1
8,6,1,10,25,10,44,5.7
9,3,1,10,25,10,42,4.0
10,3,1,10,25,10,42,9.0
2,1,1,10,26,10,35,4.5
2,5,1,10,26,10,36,5.6
3,1,1,10,26,10,34,4.8
3,5,2,10,26,10,36,6.0
4,3,1,10,26,10,35,4.3
4,7,1,10,26,10,35,4.3
5,2,1,10,26,10,36,4.8
5,3,1,10,26,10,36,5.4
3,1,1,10,27,10,35,4.8
4,3,1,10,27,10,36,4.3
9,4,2,10,27,10,44,5.8
10,3,1,10,27,10,44,9.0
3,1,1,10,28,10,36,4.8
3,5,1,10,28,10,38,6.0
3,9,1,10,28,10,45,4.9
4,9,1,10,28,10,46,5.5
5,7,1,10,28,10,40,4.6
6,3,1,10,28,10,40,5.0
6,8,1,10,28,10,47,5.1
7,9,1,10,28,10,42,4.3
9,1,1,10,28,10,46,7.0
10,4,1,10,28,10,42,4.9
1,9,1,10,29,10,47,6.4
3,1,1,10,29,10,37,4.8
4,2,2,10,29,10,37,4.2
6,3,1,10,29,10,41,5.0
10,9,1,10,29,10,50,6.1
2,5,1,10,30,10,40,5.6
5,2,1,10,30,10,40,4.8
5,3,1,10,31,10,41,5.4
10,3,1,10,31,10,48,9.0
1,10,1,10,32,10,48,5.9
2,1,1,10,32,10,41,4.5
4,7,2,10,32,10,41,4.3
5,3,1,10,32,10,42,5.4
6,7,1,10,32,10,46,5.7
8,4,1,10,32,10,46,5.1
9,5,1,10,32,10,51,5.3
1,9,1,10,33,10,51,6.4
3,1,1,10,33,10,41,4.8
6,3,1,10,33,10,45,5.0
6,7,1,10,33,10,48,5.7
9,4,1,10,33,10,50,5.8
3,4,1,10,34,10,43,4.4
3,5,1,10,34,10,44,6.0
9,4,1,10,34,10,52,5.8
3,1,1,10,35,10,43,4.8
8,1,1,10,35,10,49,5.3
2,5,1,10,36,10,46,5.6
3,1,1,10,36,10,44,4.8
3,4,1,10,36,10,45,4.4
1,7,1,10,37,10,46,4.0
2,1,1,10,37,10,46,4.5
2,4,1,10,37,10,45,3.6
8,4,1,10,37,10,50,5.1
9,4,1,10,37,10,54,5.8
2,1,2,10,38,10,47,4.5
6,7,1,10,38,10,52,5.7
4,2,1,10,39,10,47,4.2
5,7,1,10,39,10,51,4.6
6,7,2,10,39,10,54,5.7
2,6,1,10,40,10,53,4.5
4,2,2,10,40,10,48,4.2
4,9,2,10,40,10,58,5.5
7,4,2,10,40,10,49,4.6
3,1,1,10,41,10,49,4.8
5,1,1,10,41,10,50,5.1
9,10,1,10,41,11,2,5.9
1,9,1,10,42,11,0,6.4
2,6,1,10,42,10,55,4.5
3,1,2,10,42,10,50,4.8
3,4,2,10,42,10,51,4.4
6,3,1,10,42,10,54,5.0
3,10,1,10,43,11,0,7.5
4,7,2,10,43,10,52,4.3
4,10,2,10,43,10,57,4.1
6,1,1,10,43,10,52,4.6
10,4,1,10,43,10,57,4.9
1,10,1,10,44,10,60,5.9
2,4,1,10,44,10,52,3.6
3,1,1,10,44,10,52,4.8
4,2,1,10,44,10,52,4.2
4,7,1,10,44,10,53,4.3
9,1,1,10,44,11,2,7.0
3,9,1,10,45,11,2,4.9
4,2,1,10,45,10,53,4.2
8,4,1,10,45,10,58,5.1
9,4,1,10,45,11,2,5.8
9,5,1,10,45,11,4,5.3
2,1,1,10,46,10,55,4.5
3,4,1,10,46,10,55,4.4
1,9,1,10,47,11,5,6.4
3,5,1,10,47,10,57,6.0
3,9,1,10,47,11,4,4.9
4,2,1,10,47,10,55,4.2
4,7,1,10,47,10,56,4.3
4,9,1,10,47,11,4,5.5
5,8,1,10,47,11,2,4.4
8,4,1,10,47,11,0,5.1
9,1,1,10,47,11,5,7.0
9,4,1,10,47,11,4,5.8
10,3,1,10,47,11,4,9.0
1,9,1,10,48,11,6,6.4
2,6,1,10,48,11,1,4.5
4,3,1,10,48,10,57,4.3
4,9,1,10,48,11,6,5.5
4,7,1,10,49,10,58,4.3
4,9,1,10,49,11,6,5.5
5,2,1,10,49,10,60,4.8
7,1,1,10,49,10,58,4.9
7,4,2,10,49,10,58,4.6
8,6,1,10,49,11,8,5.7
3,5,1,10,50,10,60,6.0
4,2,1,10,50,10,58,4.2
4,3,2,10,50,10,59,4.3
6,7,2,10,50,11,4,5.7
1,9,2,10,51,11,9,6.4
3,4,1,10,51,10,60,4.4
4,7,1,10,51,11,0,4.3
9,4,1,10,51,11,8,5.8
2,5,2,10,52,11,2,5.6
4,2,1,10,52,10,60,4.2
4,10,1,10,52,11,6,4.1
5,1,1,10,52,11,2,5.1
6,1,2,10,52,11,1,4.6
6,7,1,10,52,11,6,5.7
9,3,1,10,52,11,9,4.0
10,4,1,10,52,11,6,4.9
2,1,1,10,53,11,2,4.5
2,5,1,10,53,11,4,5.6
6,7,1,10,53,11,8,5.7
2,5,1,10,54,11,4,5.6
4,3,1,10,54,11,3,4.3
5,1,1,10,54,11,4,5.1
1,10,2,10,55,11,10,5.9
4,2,1,10,55,11,3,4.2
9,5,1,10,55,11,14,5.3
10,3,1,10,55,11,12,9.0
3,1,1,10,56,11,4,4.8
3,4,1,10,56,11,5,4.4
5,9,1,10,56,11,15,5.8
3,4,1,10,57,11,6,4.4
3,9,1,10,57,11,14,4.9
5,1,1,10,57,11,6,5.1
7,1,1,10,57,11,6,4.9
8,4,1,10,57,11,10,5.1
9,3,1,10,57,11,14,4.0
3,5,1,10,58,11,8,6.0
3,9,1,10,58,11,15,4.9
5,1,1,10,58,11,8,5.1
6,7,1,10,58,11,12,5.7
9,10,1,10,58,11,19,5.9
3,4,1,10,59,11,8,4.4
4,2,1,10,59,11,7,4.2
5,1,1,10,59,11,8,5.1
6,7,1,10,59,11,14,5.7
7,1,1,10,59,11,8,4.9
4,9,1,11,0,11,18,5.5
8,4,1,11,0,11,14,4.2
10,3,1,11,0,11,17,7.9
1,3,1,11,1,11,9,4.4
2,9,1,11,1,11,17,5.4
3,5,1,11,1,11,11,5.2
4,2,1,11,1,11,9,4.1
4,9,2,11,1,11,18,5.5
1,3,1,11,2,11,10,4.4
4,2,2,11,2,11,10,4.1
4,7,1,11,2,11,11,4.1
5,2,1,11,2,11,12,5.1
5,3,1,11,2,11,12,5.2
6,7,1,11,2,11,16,5.3
7,4,1,11,2,11,11,4.0
10,9,1,11,2,11,23,5.9
2,1,1,11,3,11,12,4.8
4,2,1,11,3,11,11,4.1
4,9,1,11,3,11,20,5.5
6,7,1,11,3,11,18,5.3
9,3,1,11,3,11,20,4.3
1,10,1,11,4,11,20,6.1
2,5,1,11,4,11,14,5.1
5,1,1,11,4,11,14,5.5
5,2,1,11,4,11,14,5.1
6,3,1,11,4,11,16,4.6
7,4,1,11,4,11,13,4.0
9,4,2,11,4,11,22,5.4
10,3,1,11,4,11,21,7.9
4,2,1,11,5,11,13,4.1
9,5,1,11,5,11,24,4.8
10,3,1,11,5,11,22,7.9
2,5,1,11,6,11,16,5.1
4,2,1,11,6,11,14,4.1
7,4,1,11,7,11,16,4.0
10,9,1,11,7,11,28,5.9
5,9,1,11,8,11,27,6.2
7,4,1,11,8,11,17,4.0
8,6,1,11,9,11,28,4.7
4,7,1,11,10,11,19,4.1
5,3,2,11,10,11,20,5.2
6,7,1,11,10,11,24,5.3
6,9,1,11,10,11,32,6.2
9,3,1,11,10,11,27,4.3
10,9,1,11,10,11,31,5.9
2,4,1,11,11,11,19,4.4
4,2,1,11,11,11,19,4.1
6,7,1,11,11,11,26,5.3
7,4,1,11,11,11,20,4.0
10,3,1,11,11,11,28,7.9
4,7,1,11,12,11,21,4.1
5,8,1,11,12,11,28,4.9
9,1,1,11,12,11,30,7.2
2,5,1,11,13,11,24,5.1
3,9,1,11,13,11,30,4.6
4,7,2,11,13,11,22,4.1
9,4,1,11,13,11,30,5.4
3,6,1,11,14,11,26,4.2
4,2,1,11,14,11,22,4.1
7,4,1,11,14,11,23,4.0
8,1,1,11,14,11,28,4.8
4,7,1,11,15,11,24,4.1
7,4,1,11,15,11,24,4.0
10,9,1,11,15,11,36,5.9
4,7,1,11,16,11,25,4.1
7,4,1,11,16,11,25,4.0
10,9,1,11,16,11,37,5.9
4,2,1,11,17,11,25,4.1
7,4,1,11,17,11,26,4.0
2,1,1,11,18,11,27,4.8
2,5,1,11,18,11,28,5.1
5,3,1,11,18,11,28,5.2
6,7,1,11,18,11,32,5.3
7,1,1,11,18,11,27,4.6
10,4,1,11,18,11,32,5.0
10,9,1,11,18,11,39,5.9
5,9,1,11,19,11,38,6.2
6,9,1,11,19,11,41,6.2
7,4,1,11,19,11,28,4.0
4,2,1,11,20,11,28,4.1
6,7,1,11,20,11,34,5.3
7,4,1,11,20,11,29,4.0
10,3,1,11,20,11,37,7.9
5,3,2,11,21,11,31,5.2
7,4,1,11,21,11,30,4.0
9,4,1,11,21,11,38,5.4
5,3,1,11,22,11,32,5.2
10,9,2,11,22,11,43,5.9
6,7,1,11,23,11,38,5.3
7,1,1,11,23,11,32,4.6
5,3,1,11,24,11,34,5.2
6,7,1,11,24,11,38,5.3
7,4,1,11,24,11,33,4.0
3,1,1,11,25,11,33,4.6
6,3,1,11,25,11,37,4.6
6,7,1,11,25,11,40,5.3
2,5,1,11,26,11,36,5.1
4,7,1,11,26,11,35,4.1
7,4,1,11,26,11,35,4.0
4,7,1,11,27,11,36,4.1
1,3,1,11,28,11,36,4.4
3,5,1,11,28,11,38,5.2
3,9,1,11,28,11,45,4.6
4,7,1,11,28,11,37,4.1
4,9,1,11,28,11,46,5.5
3,10,1,11,29,11,46,7.3
4,8,1,11,29,11,42,4.7
7,10,1,11,29,11,47,5.8
10,9,1,11,29,11,50,5.9
1,10,1,11,30,11,46,6.1
4,2,1,11,30,11,38,4.1
5,9,2,11,30,11,49,6.2
8,4,1,11,30,11,44,4.2
10,3,2,11,30,11,47,7.9
2,5,1,11,31,11,42,5.1
4,7,1,11,31,11,40,4.1
4,7,1,11,32,11,41,4.1
8,6,1,11,32,11,51,4.7
4,2,3,11,33,11,41,4.1
6,7,1,11,33,11,48,5.3
6,8,1,11,33,11,52,4.9
1,10,1,11,34,11,50,6.1
4,8,1,11,34,11,48,4.7
8,6,1,11,34,11,53,4.7
9,4,1,11,34,11,52,5.4
10,9,1,11,34,11,55,5.9
2,5,1,11,35,11,46,5.1
4,2,1,11,35,11,43,4.1
4,9,1,11,35,11,52,5.5
10,4,1,11,35,11,49,5.0
2,5,1,11,36,11,46,5.1
2,6,1,11,36,11,49,4.7
3,5,1,11,36,11,46,5.2
7,1,1,11,36,11,45,4.6
7,4,1,11,36,11,45,4.0
8,1,1,11,36,11,50,4.8
9,4,1,11,36,11,54,5.4
10,4,1,11,36,11,50,5.0
6,3,1,11,37,11,49,4.6
4,2,1,11,38,11,46,4.1
4,2,1,11,39,11,47,4.1
4,9,1,11,39,11,56,5.5
6,7,1,11,39,11,54,5.3
9,4,1,11,39,11,56,5.4
10,3,1,11,39,11,56,7.9
3,5,1,11,40,11,50,5.2
4,2,1,11,40,11,48,4.1
5,1,2,11,40,11,50,5.5
5,3,1,11,40,11,50,5.2
6,3,1,11,40,11,52,4.6
7,1,1,11,40,11,49,4.6
7,4,1,11,41,11,50,4.0
4,9,1,11,42,11,60,5.5
9,3,1,11,42,11,59,4.3
10,3,1,11,42,11,59,7.9
10,4,1,11,42,11,56,5.0
2,5,1,11,43,11,54,5.1
4,8,1,11,43,11,56,4.7
7,1,1,11,44,11,53,4.6
7,4,2,11,44,11,53,4.0
8,1,1,11,45,11,59,4.8
10,9,1,11,45,12,6,5.9
2,5,1,11,46,11,56,5.1
8,6,1,11,46,12,5,4.7
2,5,1,11,47,11,58,5.1
6,7,1,11,47,12,2,5.3
7,6,1,11,47,12,2,4.9
4,9,1,11,48,12,6,5.5
4,10,1,11,48,12,2,4.2
5,3,1,11,48,11,58,5.2
8,3,1,11,48,12,0,4.9
4,2,1,11,49,11,57,4.1
4,9,1,11,49,12,6,5.5
5,3,1,11,49,11,59,5.2
9,1,1,11,49,12,7,7.2
9,3,1,11,49,12,6,4.3
1,10,1,11,50,12,6,6.1
2,5,1,11,50,12,0,5.1
3,9,1,11,51,12,8,4.6
4,2,1,11,51,11,59,4.1
4,7,1,11,51,12,0,4.1
4,9,1,11,52,12,10,5.5
5,3,1,11,52,12,2,5.2
9,4,2,11,52,12,10,5.4
10,9,1,11,52,12,13,5.9
4,7,2,11,53,12,2,4.1
5,3,1,11,53,12,3,5.2
4,2,1,11,54,12,2,4.1
4,8,1,11,54,12,8,4.7
5,8,1,11,54,12,10,4.9
3,9,1,11,55,12,12,4.6
4,9,1,11,55,12,12,5.5
7,1,1,11,55,12,4,4.6
9,3,1,11,55,12,12,4.3
1,9,1,11,56,12,14,6.5
2,4,1,11,56,12,4,4.4
2,6,1,11,56,12,9,4.7
3,5,1,11,56,12,6,5.2
8,4,1,11,56,12,10,4.2
9,4,1,11,56,12,14,5.4
4,7,2,11,57,12,6,4.1
6,7,2,11,57,12,12,5.3
9,3,1,11,57,12,14,4.3
2,5,1,11,58,12,8,5.1
3,9,1,11,58,12,15,4.6
4,7,2,11,58,12,7,4.1
1,8,1,11,59,12,13,4.6
2,5,1,11,59,12,10,5.1
4,7,1,11,59,12,8,4.1
5,2,1,11,59,12,10,5.1
6,7,1,11,59,12,14,5.3
6,9,1,11,59,12,21,6.2
7,4,1,11,59,12,8,4.0
9,1,1,11,59,12,17,7.2
10,3,1,11,59,12,16,7.9
2,6,1,12,0,12,13,4.5
4,8,1,12,0,12,14,4.3
8,3,1,12,0,12,12,4.5
10,4,1,12,0,12,14,4.3
2,5,1,12,1,12,12,5.3
7,4,1,12,1,12,10,4.0
2,5,1,12,2,12,12,5.3
2,9,1,12,2,12,18,5.0
7,4,1,12,2,12,11,4.0
2,5,1,12,3,12,14,5.3
2,6,1,12,3,12,16,4.5
3,5,1,12,3,12,13,5.2
4,8,1,12,3,12,16,4.3
1,10,1,12,4,12,20,5.0
9,4,2,12,4,12,22,4.8
1,7,1,12,5,12,14,4.1
7,4,1,12,5,12,14,4.0
10,3,1,12,5,12,22,6.3
4,9,1,12,6,12,24,5.0
9,4,1,12,7,12,24,4.8
4,3,1,12,8,12,17,3.8
7,4,1,12,8,12,17,4.0
9,4,1,12,8,12,26,4.8
7,4,1,12,9,12,18,4.0
3,9,1,12,10,12,27,4.8
7,4,1,12,11,12,20,4.0
3,5,1,12,12,12,22,5.2
4,2,1,12,13,12,21,3.7
2,5,1,12,14,12,24,5.3
7,1,1,12,14,12,23,4.7
4,9,1,12,16,12,34,5.0
7,4,1,12,16,12,25,4.0
1,3,1,12,17,12,25,4.8
6,1,1,12,17,12,26,4.7
9,3,1,12,17,12,34,4.3
2,5,1,12,18,12,28,5.3
9,3,1,12,18,12,35,4.3
9,4,1,12,18,12,36,4.8
10,4,1,12,18,12,32,4.3
9,10,1,12,19,12,40,6.8
3,6,1,12,20,12,32,3.9
3,10,1,12,20,12,37,8.4
2,5,2,12,23,12,34,5.3
5,2,1,12,23,12,34,4.6
10,3,1,12,23,12,40,6.3
10,3,2,12,24,12,41,6.3
3,9,1,12,25,12,42,4.8
4,9,1,12,25,12,42,5.0
5,9,1,12,25,12,44,4.8
5,2,1,12,26,12,36,4.6
2,5,1,12,27,12,38,5.3
7,4,1,12,27,12,36,4.0
8,3,1,12,29,12,41,4.5
9,4,1,12,29,12,46,4.8
4,2,1,12,30,12,38,3.7
10,3,2,12,30,12,47,6.3
1,3,1,12,31,12,39,4.8
2,5,1,12,31,12,42,5.3
7,10,1,12,31,12,49,6.4
10,4,1,12,31,12,45,4.3
5,2,2,12,32,12,42,4.6
1,10,1,12,33,12,48,5.0
5,2,1,12,33,12,44,4.6
10,4,2,12,33,12,47,4.3
3,9,1,12,34,12,51,4.8
7,4,2,12,34,12,43,4.0
10,3,1,12,34,12,51,6.3
2,5,1,12,35,12,46,5.3
3,5,1,12,35,12,45,5.2
7,4,1,12,35,12,44,4.0
7,10,1,12,35,12,53,6.4
10,3,1,12,35,12,52,6.3
9,4,1,12,36,12,54,4.8
10,3,1,12,36,12,53,6.3
6,7,1,12,37,12,52,4.6
10,3,1,12,37,12,54,6.3
2,5,1,12,38,12,48,5.3
3,9,1,12,38,12,55,4.8
3,6,1,12,39,12,51,3.9
7,4,1,12,39,12,48,4.0
5,2,1,12,40,12,50,4.6
5,2,1,12,41,12,52,4.6
5,9,1,12,41,13,0,4.8
1,9,1,12,43,13,1,6.0
1,10,1,12,43,12,58,5.0
5,2,1,12,45,12,56,4.6
8,4,1,12,45,12,58,4.3
3,9,2,12,47,13,4,4.8
6,7,1,12,47,13,2,4.6
1,10,1,12,48,13,4,5.0
1,9,1,12,49,13,7,6.0
4,9,1,12,49,13,6,5.0
7,4,1,12,49,12,58,4.0
3,9,1,12,50,13,7,4.8
2,5,1,12,52,13,2,5.3
9,10,1,12,52,13,13,6.8
1,10,1,12,53,13,8,5.0
2,5,1,12,53,13,4,5.3
3,9,1,12,53,13,10,4.8
10,3,1,12,53,13,10,6.3
2,5,1,12,54,13,4,5.3
1,9,1,12,55,13,13,6.0
3,9,1,12,55,13,12,4.8
7,4,1,12,57,13,6,4.0
6,10,1,12,58,13,10,4.6
7,1,1,12,58,13,7,4.7
2,5,1,12,59,13,10,5.3
4,9,1,12,59,13,16,5.0
7,1,1,12,59,13,8,4.7
3,5,1,13,0,13,10,5.8
10,3,1,13,0,13,17,7.1
3,5,1,13,1,13,11,5.8
4,2,2,13,2,13,10,3.5
6,7,1,13,2,13,16,4.6
4,7,1,13,3,13,12,3.9
6,7,1,13,3,13,18,4.6
10,6,1,13,3,13,16,5.6
1,10,1,13,4,13,20,4.9
4,7,1,13,6,13,15,3.9
6,7,1,13,6,13,20,4.6
7,4,1,13,6,13,15,3.8
9,2,1,13,7,13,23,5.0
10,3,1,13,7,13,24,7.1
6,7,1,13,9,13,24,4.6
10,5,1,13,10,13,22,3.6
4,9,1,13,11,13,28,4.7
7,4,1,13,11,13,20,3.8
10,2,1,13,11,13,29,6.0
2,9,1,13,12,13,28,4.8
4,7,1,13,12,13,21,3.9
4,2,1,13,13,13,21,3.5
7,4,1,13,13,13,22,3.8
6,7,2,13,14,13,28,4.6
7,4,1,13,14,13,23,3.8
9,2,1,13,14,13,30,5.0
10,3,1,13,14,13,31,7.1
6,7,1,13,15,13,30,4.6
7,4,1,13,15,13,24,3.8
4,7,1,13,18,13,27,3.9
4,9,1,13,18,13,36,4.7
6,7,1,13,20,13,34,4.6
10,3,2,13,22,13,39,7.1
4,7,1,13,23,13,32,3.9
6,7,1,13,24,13,38,4.6
1,7,1,13,25,13,34,4.6
3,9,1,13,25,13,42,5.4
7,4,1,13,25,13,34,3.8
4,9,1,13,26,13,44,4.7
6,7,1,13,26,13,40,4.6
10,3,1,13,26,13,43,7.1
10,9,1,13,26,13,47,4.4
9,3,1,13,27,13,44,3.6
10,3,1,13,27,13,44,7.1
10,1,1,13,28,13,44,6.6
10,4,1,13,28,13,42,4.5
7,4,1,13,29,13,38,3.8
5,2,1,13,30,13,40,4.3
4,2,1,13,31,13,39,3.5
1,3,1,13,32,13,40,4.6
4,9,1,13,32,13,50,4.7
9,2,1,13,32,13,48,5.0
7,4,1,13,34,13,43,3.8
6,7,2,13,36,13,50,4.6
7,6,2,13,37,13,52,4.6
8,6,1,13,37,13,56,5.0
1,3,1,13,38,13,46,4.6
7,4,1,13,38,13,47,3.8
8,6,1,13,38,13,57,5.0
4,2,1,13,39,13,47,3.5
7,4,1,13,39,13,48,3.8
7,4,1,13,40,13,49,3.8
9,1,1,13,40,13,58,7.0
4,7,1,13,41,13,50,3.9
2,1,1,13,42,13,51,4.4
4,7,1,13,42,13,51,3.9
9,2,1,13,43,13,59,5.0
10,9,1,13,43,14,4,4.4
6,7,1,13,44,13,58,4.6
10,4,1,13,44,13,58,4.5
4,7,1,13,46,13,55,3.9
2,6,1,13,47,13,60,4.6
6,1,1,13,47,13,56,4.0
5,7,1,13,48,13,60,4.5
9,2,1,13,48,14,4,5.0
10,4,1,13,48,14,2,4.5
4,7,1,13,49,13,58,3.9
1,10,1,13,50,14,6,4.9
7,5,1,13,50,14,2,5.0
9,4,2,13,50,14,8,5.1
4,7,1,13,51,14,0,3.9
4,2,1,13,52,13,60,3.5
8,4,1,13,52,14,6,4.4
9,2,1,13,52,14,8,5.0
4,7,1,13,53,14,2,3.9
9,4,2,13,53,14,10,5.1
6,7,1,13,55,14,10,4.6
6,7,1,13,56,14,10,4.6
1,10,1,13,57,14,12,4.9
4,10,1,13,57,14,11,4.0
6,7,1,13,57,14,12,4.6
1,3,1,13,58,14,6,4.6
4,3,1,13,58,14,7,3.7
4,9,2,13,58,14,16,4.7
9,3,1,13,59,14,16,3.6
4,7,1,14,0,14,9,4.0
7,1,1,14,0,14,9,4.6
7,4,2,14,1,14,10,4.1
7,4,1,14,2,14,11,4.1
2,5,1,14,3,14,14,4.8
3,9,1,14,3,14,20,4.1
3,10,1,14,3,14,20,6.0
7,4,1,14,3,14,12,4.1
10,3,1,14,3,14,20,6.6
1,2,1,14,4,14,13,4.5
1,7,1,14,4,14,13,4.4
6,7,1,14,4,14,18,4.8
3,5,1,14,5,14,15,5.3
3,9,1,14,5,14,22,4.1
4,7,1,14,5,14,14,4.0
6,7,2,14,5,14,20,4.8
7,1,1,14,5,14,14,4.6
9,4,1,14,5,14,22,5.1
10,6,1,14,5,14,18,5.1
3,4,1,14,6,14,15,4.4
3,5,1,14,6,14,16,5.3
4,2,1,14,6,14,14,3.8
4,7,1,14,6,14,15,4.0
1,7,2,14,7,14,16,4.4
2,5,1,14,7,14,18,4.8
3,5,1,14,7,14,17,5.3
3,9,1,14,7,14,24,4.1
6,7,1,14,7,14,22,4.8
7,6,1,14,7,14,22,4.8
1,9,1,14,8,14,26,6.2
4,7,1,14,8,14,17,4.0
9,4,1,14,8,14,26,5.1
2,1,1,14,9,14,18,4.5
3,4,1,14,9,14,18,4.4
4,7,1,14,9,14,18,4.0
4,9,2,14,9,14,26,5.0
6,7,1,14,9,14,24,4.8
1,7,1,14,10,14,19,4.4
3,5,1,14,10,14,20,5.3
4,7,2,14,10,14,19,4.0
5,1,1,14,10,14,20,4.2
7,4,1,14,10,14,19,4.1
1,2,1,14,11,14,20,4.5
3,5,1,14,11,14,21,5.3
7,4,1,14,11,14,20,4.1
10,6,1,14,11,14,24,5.1
3,4,1,14,12,14,21,4.4
4,10,1,14,12,14,26,4.1
10,3,1,14,12,14,29,6.6
1,2,1,14,13,14,22,4.5
3,5,1,14,13,14,23,5.3
4,7,1,14,13,14,22,4.0
9,4,1,14,13,14,30,5.1
10,9,1,14,13,14,34,4.8
2,5,1,14,14,14,24,4.8
3,5,2,14,14,14,24,5.3
6,10,1,14,14,14,26,4.4
3,5,1,14,16,14,26,5.3
4,7,1,14,16,14,25,4.0
5,9,1,14,16,14,35,4.6
7,4,1,14,16,14,25,4.1
4,7,1,14,17,14,26,4.0
3,5,1,14,18,14,28,5.3
8,3,1,14,18,14,30,4.9
2,6,1,14,19,14,32,4.7
6,7,1,14,19,14,34,4.8
4,9,1,14,20,14,38,5.0
8,4,1,14,20,14,34,4.2
10,3,1,14,20,14,37,6.6
1,7,2,14,21,14,30,4.4
2,1,1,14,21,14,30,4.5
2,5,1,14,21,14,32,4.8
4,2,1,14,21,14,29,3.8
4,9,1,14,21,14,38,5.0
1,2,1,14,22,14,31,4.5
1,7,1,14,22,14,31,4.4
6,7,2,14,22,14,36,4.8
7,4,1,14,22,14,31,4.1
4,7,1,14,23,14,32,4.0
1,7,1,14,24,14,33,4.4
2,5,1,14,24,14,34,4.8
3,5,1,14,24,14,34,5.3
8,4,1,14,24,14,38,4.2
10,3,1,14,24,14,41,6.6
1,7,1,14,25,14,34,4.4
1,10,1,14,25,14,40,5.3
3,5,1,14,25,14,35,5.3
4,9,1,14,25,14,42,5.0
6,7,2,14,25,14,40,4.8
1,10,1,14,26,14,42,5.3
2,5,1,14,26,14,36,4.8
3,5,1,14,26,14,36,5.3
3,9,1,14,26,14,43,4.1
4,2,1,14,27,14,35,3.8
8,4,1,14,27,14,40,4.2
9,3,1,14,27,14,44,4.0
1,10,1,14,28,14,44,5.3
2,5,1,14,28,14,38,4.8
3,9,1,14,28,14,45,4.1
4,8,1,14,28,14,42,4.4
4,9,1,14,28,14,46,5.0
1,7,1,14,29,14,38,4.4
1,10,1,14,29,14,44,5.3
4,7,1,14,29,14,38,4.0
5,9,1,14,29,14,48,4.6
7,1,1,14,29,14,38,4.6
3,10,1,14,30,14,47,6.0
4,7,1,14,30,14,39,4.0
7,4,1,14,30,14,39,4.1
10,9,1,14,30,14,51,4.8
1,7,1,14,31,14,40,4.4
3,10,1,14,31,14,48,6.0
9,1,1,14,31,14,49,7.3
2,5,1,14,32,14,42,4.8
2,6,1,14,32,14,45,4.7
3,5,2,14,32,14,42,5.3
4,8,1,14,32,14,46,4.4
4,9,1,14,32,14,50,5.0
9,1,1,14,32,14,50,7.3
4,9,2,14,33,14,50,5.0
6,7,1,14,33,14,48,4.8
7,6,1,14,33,14,48,4.8
1,7,1,14,34,14,43,4.4
2,4,1,14,34,14,42,4.1
8,4,1,14,34,14,48,4.2
1,2,1,14,35,14,44,4.5
1,7,1,14,35,14,44,4.4
2,5,1,14,35,14,46,4.8
3,1,1,14,35,14,43,4.8
3,5,1,14,35,14,45,5.3
4,3,1,14,35,14,44,3.9
1,7,1,14,36,14,45,4.4
3,5,1,14,36,14,46,5.3
4,9,1,14,36,14,54,5.0
5,3,1,14,36,14,46,5.2
1,10,1,14,37,14,52,5.3
3,4,1,14,37,14,46,4.4
7,4,1,14,37,14,46,4.1
8,3,1,14,37,14,49,4.9
8,5,1,14,37,14,52,4.6
1,7,1,14,38,14,47,4.4
3,5,2,14,38,14,48,5.3
4,2,1,14,38,14,46,3.8
4,7,1,14,38,14,47,4.0
7,4,1,14,38,14,47,4.1
9,3,1,14,38,14,55,4.0
1,10,1,14,39,14,54,5.3
3,4,1,14,39,14,48,4.4
3,5,2,14,39,14,49,5.3
3,10,1,14,39,14,56,6.0
4,7,2,14,39,14,48,4.0
1,3,1,14,40,14,48,4.5
3,1,1,14,40,14,48,4.8
3,5,1,14,40,14,50,5.3
4,2,1,14,40,14,48,3.8
2,5,1,14,41,14,52,4.8
10,3,1,14,41,14,58,6.6
1,2,1,14,42,14,51,4.5
2,6,1,14,42,14,55,4.7
3,1,1,14,42,14,50,4.8
3,5,1,14,42,14,52,5.3
4,2,1,14,42,14,50,3.8
7,1,1,14,42,14,51,4.6
10,3,2,14,42,14,59,6.6
3,5,1,14,43,14,53,5.3
9,1,1,14,43,15,1,7.3
9,4,1,14,43,15,0,5.1
3,5,1,14,44,14,54,5.3
3,9,1,14,45,15,2,4.1
4,9,1,14,45,15,2,5.0
6,7,1,14,45,14,60,4.8
1,10,1,14,46,15,2,5.3
4,7,1,14,46,14,55,4.0
7,1,1,14,46,14,55,4.6
9,1,1,14,46,15,4,7.3
6,3,1,14,47,14,59,3.9
8,1,1,14,47,15,1,4.9
3,4,1,14,48,14,57,4.4
4,2,1,14,48,14,56,3.8
4,7,1,14,48,14,57,4.0
3,4,1,14,49,14,58,4.4
4,2,1,14,49,14,57,3.8
6,3,1,14,49,15,1,3.9
10,3,1,14,50,15,7,6.6
6,7,1,14,51,15,6,4.8
1,9,1,14,52,15,10,6.2
2,5,1,14,52,15,2,4.8
4,7,1,14,52,15,1,4.0
6,7,2,14,52,15,6,4.8
2,1,1,14,53,15,2,4.5
4,2,1,14,53,15,1,3.8
1,7,2,14,54,15,3,4.4
1,7,1,14,55,15,4,4.4
2,1,1,14,55,15,4,4.5
2,4,1,14,55,15,3,4.1
2,5,1,14,55,15,6,4.8
9,3,1,14,55,15,12,4.0
3,4,1,14,56,15,5,4.4
3,5,1,14,56,15,6,5.3
4,9,1,14,56,15,14,5.0
1,10,1,14,57,15,12,5.3
4,2,1,14,58,15,6,3.8
1,3,1,14,59,15,7,4.5
4,9,1,14,59,15,16,5.0
1,7,1,15,0,15,9,4.4
1,10,1,15,0,15,16,4.8
7,4,1,15,0,15,9,3.9
9,1,1,15,0,15,18,7.9
9,2,1,15,1,15,17,4.7
1,10,1,15,2,15,18,4.8
4,7,1,15,2,15,11,3.8
4,10,1,15,2,15,16,4.3
6,7,1,15,2,15,16,4.8
1,10,1,15,3,15,18,4.8
2,5,1,15,3,15,14,4.7
3,5,1,15,3,15,13,5.4
7,1,1,15,3,15,12,4.7
7,4,1,15,3,15,12,3.9
3,5,1,15,4,15,14,5.4
7,1,1,15,4,15,13,4.7
9,4,1,15,4,15,22,5.6
9,5,1,15,4,15,23,4.6
1,2,1,15,5,15,14,4.5
7,4,1,15,5,15,14,3.9
3,5,1,15,6,15,16,5.4
9,5,1,15,6,15,25,4.6
2,5,2,15,7,15,18,4.7
3,1,1,15,7,15,15,4.3
3,5,1,15,7,15,17,5.4
7,4,1,15,7,15,16,3.9
8,1,1,15,7,15,21,4.7
9,10,1,15,7,15,28,6.3
1,10,1,15,8,15,24,4.8
4,7,2,15,8,15,17,3.8
9,3,2,15,8,15,25,4.2
9,5,1,15,8,15,27,4.6
10,1,1,15,8,15,24,6.1
10,3,1,15,8,15,25,7.3
10,4,1,15,8,15,22,4.5
4,9,1,15,9,15,26,4.8
7,1,1,15,9,15,18,4.7
4,2,1,15,10,15,18,3.8
7,4,2,15,10,15,19,3.9
1,9,1,15,11,15,29,6.2
2,5,1,15,11,15,22,4.7
6,7,2,15,11,15,26,4.8
7,1,1,15,11,15,20,4.7
1,10,1,15,12,15,28,4.8
8,6,1,15,12,15,31,4.9
2,1,1,15,13,15,22,4.1
4,3,1,15,14,15,23,4.2
5,3,1,15,14,15,24,5.1
6,7,1,15,14,15,28,4.8
10,9,1,15,14,15,35,6.2
1,7,1,15,15,15,24,4.4
8,5,1,15,15,15,30,5.4
1,9,1,15,16,15,34,6.2
1,10,1,15,16,15,32,4.8
6,7,1,15,16,15,30,4.8
9,3,1,15,16,15,33,4.2
9,4,1,15,16,15,34,5.6
1,2,1,15,17,15,26,4.5
7,4,1,15,17,15,26,3.9
1,7,1,15,18,15,27,4.4
2,5,1,15,18,15,28,4.7
3,6,1,15,18,15,30,4.6
9,2,1,15,18,15,34,4.7
3,5,1,15,19,15,29,5.4
6,7,1,15,19,15,34,4.8
7,4,1,15,19,15,28,3.9
1,3,1,15,20,15,28,4.9
3,5,1,15,20,15,30,5.4
4,7,1,15,20,15,29,3.8
4,3,1,15,21,15,30,4.2
10,3,1,15,21,15,38,7.3
3,4,1,15,22,15,31,4.3
6,7,1,15,22,15,36,4.8
7,10,1,15,22,15,40,5.4
2,1,1,15,23,15,32,4.1
9,4,1,15,23,15,40,5.6
3,5,1,15,24,15,34,5.4
4,9,1,15,24,15,42,4.8
7,4,1,15,24,15,33,3.9
10,3,1,15,24,15,41,7.3
1,2,2,15,25,15,34,4.5
1,10,1,15,25,15,40,4.8
4,3,2,15,25,15,34,4.2
7,4,1,15,25,15,34,3.9
10,3,1,15,25,15,42,7.3
3,1,1,15,26,15,34,4.3
3,5,1,15,26,15,36,5.4
4,7,1,15,26,15,35,3.8
4,7,1,15,27,15,36,3.8
6,7,1,15,27,15,42,4.8
9,10,1,15,27,15,48,6.3
3,5,2,15,28,15,38,5.4
4,7,1,15,28,15,37,3.8
3,1,1,15,29,15,37,4.3
7,4,1,15,29,15,38,3.9
9,3,1,15,29,15,46,4.2
1,10,1,15,30,15,46,4.8
3,5,1,15,30,15,40,5.4
4,2,1,15,30,15,38,3.8
9,2,1,15,30,15,46,4.7
9,4,1,15,30,15,48,5.6
1,2,1,15,31,15,40,4.5
1,3,1,15,31,15,39,4.9
3,5,1,15,31,15,41,5.4
6,7,1,15,31,15,46,4.8
9,4,1,15,31,15,48,5.6
2,5,1,15,32,15,42,4.7
9,4,1,15,32,15,50,5.6
6,2,1,15,33,15,46,4.8
6,3,1,15,33,15,45,4.1
9,4,1,15,33,15,50,5.6
2,5,1,15,34,15,44,4.7
3,5,1,15,34,15,44,5.4
4,2,1,15,34,15,42,3.8
9,4,1,15,34,15,52,5.6
2,5,1,15,35,15,46,4.7
3,6,1,15,35,15,47,4.6
9,2,1,15,35,15,51,4.7
10,3,1,15,35,15,52,7.3
4,2,2,15,36,15,44,3.8
4,3,1,15,36,15,45,4.2
2,4,1,15,37,15,45,4.0
3,1,1,15,37,15,45,4.3
3,5,1,15,37,15,47,5.4
6,1,1,15,37,15,46,4.4
7,4,1,15,37,15,46,3.9
2,1,1,15,38,15,47,4.1
2,5,1,15,39,15,50,4.7
3,5,2,15,39,15,49,5.4
4,7,1,15,39,15,48,3.8
7,1,1,15,39,15,48,4.7
6,7,1,15,40,15,54,4.8
1,10,1,15,41,15,56,4.8
4,2,1,15,41,15,49,3.8
4,3,1,15,41,15,50,4.2
6,7,1,15,41,15,56,4.8
7,4,1,15,41,15,50,3.9
8,4,1,15,41,15,54,4.2
4,7,1,15,42,15,51,3.8
10,3,1,15,42,15,59,7.3
2,5,1,15,43,15,54,4.7
3,6,1,15,43,15,55,4.6
9,2,1,15,43,15,59,4.7
10,1,1,15,43,15,58,6.1
1,3,1,15,44,15,52,4.9
6,7,1,15,44,15,58,4.8
10,3,2,15,44,16,1,7.3
3,5,1,15,45,15,55,5.4
8,6,1,15,45,16,4,4.9
1,2,1,15,46,15,55,4.5
2,5,1,15,46,15,56,4.7
3,6,1,15,46,15,58,4.6
4,7,1,15,46,15,55,3.8
7,1,1,15,46,15,55,4.7
1,9,1,15,47,16,5,6.2
2,5,1,15,47,15,58,4.7
3,5,1,15,47,15,57,5.4
4,2,2,15,47,15,55,3.8
4,7,1,15,47,15,56,3.8
4,9,2,15,47,16,4,4.8
5,9,1,15,47,16,6,4.4
6,10,1,15,47,15,60,5.8
3,5,1,15,48,15,58,5.4
3,6,1,15,48,15,60,4.6
10,3,1,15,48,16,5,7.3
2,5,1,15,49,15,60,4.7
7,4,1,15,49,15,58,3.9
1,2,1,15,50,15,59,4.5
3,1,1,15,50,15,58,4.3
3,5,1,15,50,15,60,5.4
4,2,2,15,50,15,58,3.8
6,7,1,15,50,16,4,4.8
2,5,1,15,51,16,2,4.7
4,2,1,15,51,15,59,3.8
4,7,1,15,51,16,0,3.8
3,5,1,15,52,16,2,5.4
4,3,1,15,52,16,1,4.2
4,9,1,15,52,16,10,4.8
5,1,1,15,52,16,2,6.0
6,7,1,15,52,16,6,4.8
1,2,1,15,53,16,2,4.5
2,6,1,15,53,16,6,5.0
4,2,1,15,53,16,1,3.8
9,4,1,15,53,16,10,5.6
1,2,1,15,54,16,3,4.5
1,6,1,15,54,16,3,3.5
1,7,1,15,54,16,3,4.4
1,9,1,15,54,16,12,6.2
3,5,1,15,54,16,4,5.4
7,1,1,15,54,16,3,4.7
7,4,1,15,54,16,3,3.9
7,10,1,15,54,16,12,5.4
9,3,1,15,54,16,11,4.2
9,10,1,15,54,16,15,6.3
10,4,1,15,54,16,8,4.5
3,6,1,15,55,16,7,4.6
4,8,1,15,55,16,8,4.6
8,6,1,15,55,16,14,4.9
1,9,1,15,56,16,14,6.2
2,1,1,15,56,16,5,4.1
2,5,1,15,56,16,6,4.7
3,5,1,15,56,16,6,5.4
9,4,1,15,56,16,14,5.6
2,1,1,15,57,16,6,4.1
3,4,1,15,57,16,6,4.3
9,4,1,15,57,16,14,5.6
1,2,1,15,58,16,7,4.5
2,5,2,15,58,16,8,4.7
3,5,1,15,58,16,8,5.4
9,2,1,15,58,16,14,4.7
4,8,1,15,59,16,12,4.6
2,5,1,16,0,16,10,5.0
4,2,1,16,0,16,8,4.2
8,5,1,16,0,16,16,5.1
9,10,1,16,0,16,21,7.1
2,5,1,16,1,16,12,5.0
3,9,1,16,1,16,18,4.5
4,2,1,16,1,16,9,4.2
5,9,1,16,1,16,20,4.7
7,4,1,16,1,16,10,4.1
2,4,2,16,2,16,10,4.4
3,5,2,16,2,16,12,5.3
4,7,1,16,2,16,11,3.9
5,9,1,16,2,16,21,4.7
7,4,2,16,2,16,11,4.1
1,10,1,16,3,16,18,6.1
2,5,1,16,3,16,14,5.0
3,4,2,16,3,16,12,4.2
7,4,1,16,3,16,12,4.1
9,3,1,16,3,16,20,4.4
1,10,1,16,4,16,20,6.1
3,10,1,16,4,16,21,7.1
4,3,1,16,4,16,13,4.0
5,2,1,16,4,16,14,4.9
7,4,1,16,4,16,13,4.1
9,4,1,16,4,16,22,6.3
1,10,1,16,5,16,20,6.1
6,7,1,16,5,16,20,4.8
6,8,1,16,5,16,24,4.2
7,5,1,16,5,16,17,5.7
9,5,1,16,5,16,24,5.9
1,5,1,16,6,16,16,4.0
3,9,1,16,6,16,23,4.5
4,9,1,16,6,16,24,5.1
9,4,1,16,6,16,24,6.3
1,6,1,16,7,16,16,4.6
1,10,1,16,7,16,22,6.1
2,4,1,16,7,16,15,4.4
4,2,1,16,7,16,15,4.2
5,9,1,16,7,16,26,4.7
7,4,1,16,7,16,16,4.1
1,3,2,16,8,16,16,4.7
2,5,1,16,8,16,18,5.0
3,6,1,16,8,16,20,4.6
3,9,1,16,8,16,25,4.5
7,4,1,16,8,16,17,4.1
8,3,1,16,8,16,20,4.4
8,5,1,16,8,16,24,5.1
9,4,1,16,8,16,26,6.3
10,3,1,16,8,16,25,6.5
1,6,1,16,9,16,18,4.6
1,10,1,16,9,16,24,6.1
4,2,1,16,9,16,17,4.2
4,10,1,16,9,16,23,4.4
7,6,1,16,9,16,24,5.4
9,10,1,16,9,16,30,7.1
4,2,1,16,10,16,18,4.2
7,1,1,16,10,16,19,4.7
9,1,1,16,10,16,28,7.5
10,4,1,16,10,16,24,4.5
2,5,1,16,11,16,22,5.0
4,2,1,16,11,16,19,4.2
4,7,1,16,11,16,20,3.9
7,4,1,16,11,16,20,4.1
1,3,2,16,12,16,20,4.7
2,4,1,16,12,16,20,4.4
6,3,1,16,12,16,24,4.1
9,10,1,16,12,16,33,7.1
3,4,1,16,13,16,22,4.2
4,2,1,16,13,16,21,4.2
5,2,1,16,13,16,24,4.9
7,4,1,16,13,16,22,4.1
9,1,1,16,13,16,31,7.5
9,3,1,16,13,16,30,4.4
1,9,1,16,14,16,32,5.9
4,2,3,16,14,16,22,4.2
7,1,1,16,14,16,23,4.7
1,3,1,16,15,16,23,4.7
1,6,1,16,15,16,24,4.6
2,1,1,16,15,16,24,4.9
6,1,1,16,15,16,24,4.5
7,4,2,16,15,16,24,4.1
9,5,1,16,15,16,34,5.9
3,4,1,16,16,16,25,4.2
4,8,1,16,16,16,30,4.2
6,8,1,16,16,16,35,4.2
9,4,1,16,16,16,34,6.3
9,5,1,16,16,16,35,5.9
1,10,1,16,17,16,32,6.1
2,5,1,16,17,16,28,5.0
3,6,1,16,17,16,29,4.6
5,3,1,16,17,16,27,5.3
9,3,1,16,17,16,34,4.4
2,5,1,16,18,16,28,5.0
2,6,1,16,18,16,31,5.4
3,5,1,16,18,16,28,5.3
7,5,1,16,18,16,30,5.7
7,6,1,16,18,16,32,5.4
10,3,1,16,18,16,35,6.5
1,3,1,16,19,16,27,4.7
2,5,1,16,19,16,30,5.0
3,5,2,16,19,16,29,5.3
3,6,1,16,19,16,31,4.6
4,2,1,16,19,16,27,4.2
4,3,1,16,19,16,28,4.0
4,7,1,16,19,16,28,3.9
1,2,1,16,20,16,29,4.7
1,5,1,16,20,16,30,4.0
3,5,1,16,20,16,30,5.3
4,2,1,16,20,16,28,4.2
4,8,1,16,20,16,34,4.2
9,4,1,16,20,16,38,6.3
2,4,1,16,21,16,29,4.4
10,4,1,16,21,16,35,4.5
2,1,1,16,22,16,31,4.9
4,2,1,16,22,16,30,4.2
4,9,1,16,22,16,40,5.1
6,7,1,16,22,16,36,4.8
7,4,2,16,22,16,31,4.1
1,9,1,16,23,16,41,5.9
2,5,1,16,23,16,34,5.0
3,4,1,16,23,16,32,4.2
4,2,1,16,23,16,31,4.2
6,1,1,16,23,16,32,4.5
7,4,2,16,24,16,33,4.1
1,9,1,16,25,16,43,5.9
2,4,1,16,25,16,33,4.4
4,2,1,16,25,16,33,4.2
7,4,1,16,25,16,34,4.1
9,3,1,16,25,16,42,4.4
1,5,1,16,26,16,36,4.0
1,6,1,16,26,16,35,4.6
1,3,1,16,27,16,35,4.7
1,6,1,16,27,16,36,4.6
1,9,1,16,27,16,45,5.9
1,10,1,16,27,16,42,6.1
2,1,1,16,27,16,36,4.9
2,6,1,16,27,16,40,5.4
3,9,1,16,27,16,44,4.5
4,7,1,16,27,16,36,3.9
4,9,1,16,27,16,44,5.1
5,3,1,16,27,16,37,5.3
9,4,2,16,27,16,44,6.3
1,3,2,16,28,16,36,4.7
2,10,1,16,28,16,46,7.5
6,3,2,16,28,16,40,4.1
7,1,1,16,28,16,37,4.7
1,3,1,16,29,16,37,4.7
3,5,1,16,29,16,39,5.3
4,2,1,16,29,16,37,4.2
6,3,1,16,29,16,41,4.1
7,1,1,16,29,16,38,4.7
9,10,1,16,29,16,50,7.1
1,3,1,16,30,16,38,4.7
1,6,1,16,30,16,39,4.6
2,1,1,16,30,16,39,4.9
3,10,1,16,30,16,47,7.1
1,3,1,16,31,16,39,4.7
2,5,2,16,31,16,42,5.0
7,1,1,16,31,16,40,4.7
10,3,1,16,31,16,48,6.5
1,2,1,16,32,16,41,4.7
2,4,1,16,32,16,40,4.4
3,5,1,16,32,16,42,5.3
5,9,1,16,32,16,51,4.7
1,6,1,16,33,16,42,4.6
1,7,1,16,33,16,42,4.3
2,1,1,16,33,16,42,4.9
3,9,1,16,33,16,50,4.5
1,3,1,16,34,16,42,4.7
2,4,1,16,34,16,42,4.4
2,6,1,16,34,16,47,5.4
3,1,1,16,34,16,42,4.7
4,2,2,16,34,16,42,4.2
7,4,2,16,34,16,43,4.1
1,3,2,16,35,16,43,4.7
1,9,1,16,35,16,53,5.9
4,2,1,16,35,16,43,4.2
7,1,1,16,35,16,44,4.7
7,4,1,16,35,16,44,4.1
1,6,1,16,36,16,45,4.6
3,5,1,16,36,16,46,5.3
7,4,1,16,36,16,45,4.1
7,9,1,16,36,16,50,4.1
9,5,1,16,36,16,55,5.9
1,3,1,16,37,16,45,4.7
2,1,1,16,37,16,46,4.9
2,5,1,16,37,16,48,5.0
4,2,1,16,37,16,45,4.2
4,7,1,16,37,16,46,3.9
6,7,2,16,37,16,52,4.8
10,4,1,16,37,16,51,4.5
4,9,1,16,38,16,56,5.1
1,2,1,16,39,16,48,4.7
2,6,1,16,39,16,52,5.4
3,9,1,16,39,16,56,4.5
9,1,1,16,39,16,57,7.5
9,10,1,16,39,17,0,7.1
10,3,1,16,39,16,56,6.5
1,3,1,16,40,16,48,4.7
1,10,1,16,40,16,56,6.1
3,4,1,16,40,16,49,4.2
7,1,1,16,40,16,49,4.7
7,4,2,16,40,16,49,4.1
9,3,1,16,40,16,57,4.4
1,10,1,16,41,16,56,6.1
2,4,1,16,41,16,49,4.4
2,5,1,16,41,16,52,5.0
7,4,2,16,41,16,50,4.1
9,4,1,16,41,16,58,6.3
1,10,1,16,42,16,58,6.1
2,5,1,16,42,16,52,5.0
3,4,1,16,42,16,51,4.2
6,7,1,16,42,16,56,4.8
9,4,1,16,42,16,60,6.3
9,10,1,16,42,17,3,7.1
1,2,1,16,43,16,52,4.7
1,3,1,16,43,16,51,4.7
1,6,1,16,43,16,52,4.6
2,1,2,16,43,16,52,4.9
4,2,1,16,43,16,51,4.2
10,3,1,16,43,17,0,6.5
2,5,1,16,44,16,54,5.0
3,4,1,16,44,16,53,4.2
7,4,2,16,44,16,53,4.1
9,10,1,16,44,17,5,7.1
10,3,1,16,44,17,1,6.5
1,6,1,16,45,16,54,4.6
2,4,1,16,45,16,53,4.4
3,6,1,16,45,16,57,4.6
4,2,2,16,45,16,53,4.2
9,1,1,16,45,17,3,7.5
9,3,1,16,46,17,3,4.4
9,4,1,16,46,17,4,6.3
1,3,1,16,47,16,55,4.7
2,5,2,16,47,16,58,5.0
3,10,1,16,47,17,4,7.1
7,4,1,16,47,16,56,4.1
1,9,1,16,48,17,6,5.9
2,4,1,16,48,16,56,4.4
3,6,1,16,48,16,60,4.6
3,9,1,16,48,17,5,4.5
4,3,1,16,48,16,57,4.0
8,3,1,16,48,17,0,4.4
9,4,1,16,49,17,6,6.3
1,7,1,16,50,16,59,4.3
2,5,1,16,50,17,0,5.0
3,10,1,16,50,17,7,7.1
4,2,2,16,50,16,58,4.2
7,4,1,16,50,16,59,4.1
10,9,1,16,50,17,11,3.9
1,3,1,16,51,16,59,4.7
1,5,1,16,51,17,0,4.0
1,6,2,16,51,17,0,4.6
2,4,1,16,51,16,59,4.4
4,2,1,16,51,16,59,4.2
2,4,1,16,52,16,60,4.4
2,5,1,16,52,17,2,5.0
1,3,1,16,53,17,1,4.7
3,5,1,16,53,17,3,5.3
4,2,1,16,53,17,1,4.2
5,9,1,16,53,17,12,4.7
8,1,1,16,53,17,7,4.6
2,4,1,16,54,17,2,4.4
3,5,1,16,54,17,4,5.3
4,2,1,16,54,17,2,4.2
1,3,1,16,55,17,3,4.7
2,1,1,16,55,17,4,4.9
4,2,1,16,55,17,3,4.2
4,7,1,16,55,17,4,3.9
5,3,1,16,55,17,5,5.3
5,9,1,16,55,17,14,4.7
6,7,1,16,55,17,10,4.8
1,2,1,16,56,17,5,4.7
2,6,1,16,56,17,9,5.4
3,5,2,16,56,17,6,5.3
4,2,1,16,56,17,4,4.2
9,4,2,16,56,17,14,6.3
10,4,1,16,56,17,10,4.5
1,3,1,16,57,17,5,4.7
1,5,1,16,57,17,6,4.0
2,1,1,16,57,17,6,4.9
6,3,1,16,57,17,9,4.1
6,7,1,16,57,17,12,4.8
8,3,1,16,57,17,9,4.4
8,6,1,16,57,17,16,5.3
2,6,1,16,58,17,11,5.4
4,10,1,16,58,17,12,4.4
9,4,1,16,58,17,16,6.3
9,5,1,16,58,17,17,5.9
10,3,1,16,58,17,15,6.5
3,5,3,16,59,17,9,5.3
4,2,1,16,59,17,7,4.2
7,4,1,16,59,17,8,4.1
1,2,1,17,0,17,9,4.8
1,10,1,17,0,17,16,6.1
2,4,1,17,0,17,8,5.3
3,10,2,17,0,17,17,9.6
4,2,2,17,0,17,8,4.6
10,3,1,17,0,17,17,8.1
3,1,1,17,1,17,9,5.1
3,4,1,17,1,17,10,5.5
4,2,1,17,1,17,9,4.6
6,7,1,17,1,17,16,5.5
9,1,1,17,1,17,19,7.7
9,3,1,17,1,17,18,5.1
9,4,1,17,1,17,18,6.2
10,9,1,17,1,17,22,4.5
1,6,1,17,2,17,11,4.7
1,10,1,17,2,17,18,6.1
3,5,1,17,2,17,12,6.9
3,10,1,17,2,17,19,9.6
6,7,1,17,2,17,16,5.5
2,1,1,17,3,17,12,5.2
2,4,1,17,3,17,11,5.3
2,6,1,17,3,17,16,7.1
3,4,3,17,3,17,12,5.5
3,5,1,17,3,17,13,6.9
3,6,1,17,3,17,15,5.5
4,3,1,17,3,17,12,4.5
4,9,1,17,3,17,20,5.7
7,1,1,17,3,17,12,4.8
9,5,1,17,3,17,22,5.6
1,2,1,17,4,17,13,4.8
1,7,1,17,4,17,13,4.6
3,1,1,17,4,17,12,5.1
3,5,2,17,4,17,14,6.9
3,6,1,17,4,17,16,5.5
3,10,1,17,4,17,21,9.6
4,2,2,17,4,17,12,4.6
4,7,2,17,4,17,13,4.7
7,4,1,17,4,17,13,4.1
1,3,2,17,5,17,13,5.0
3,1,1,17,5,17,13,5.1
3,4,2,17,5,17,14,5.5
4,3,1,17,5,17,14,4.5
5,10,1,17,5,17,17,3.7
6,2,1,17,5,17,18,5.5
6,7,1,17,5,17,20,5.5
9,4,1,17,5,17,22,6.2
10,3,1,17,5,17,22,8.1
2,1,1,17,6,17,15,5.2
2,6,1,17,6,17,19,7.1
3,4,1,17,6,17,15,5.5
3,5,1,17,6,17,16,6.9
4,3,4,17,6,17,15,4.5
4,7,1,17,6,17,15,4.7
5,7,2,17,6,17,18,5.6
6,7,1,17,6,17,20,5.5
6,8,1,17,6,17,25,4.8
10,3,2,17,6,17,23,8.1
1,2,1,17,7,17,16,4.8
1,7,1,17,7,17,16,4.6
2,4,1,17,7,17,15,5.3
2,10,1,17,7,17,25,7.4
3,1,2,17,7,17,15,5.1
3,4,1,17,7,17,16,5.5
3,5,1,17,7,17,17,6.9
4,2,1,17,7,17,15,4.6
4,7,1,17,7,17,16,4.7
5,2,1,17,7,17,18,5.4
8,6,1,17,7,17,26,5.8
9,5,1,17,7,17,26,5.6
2,1,2,17,8,17,17,5.2
2,5,1,17,8,17,18,6.0
3,5,1,17,8,17,18,6.9
4,2,2,17,8,17,16,4.6
4,3,1,17,8,17,17,4.5
4,7,2,17,8,17,17,4.7
4,8,1,17,8,17,22,4.6
5,3,2,17,8,17,18,5.4
5,10,1,17,8,17,20,3.7
6,1,1,17,8,17,17,3.7
6,7,1,17,8,17,22,5.5
10,3,1,17,8,17,25,8.1
1,2,1,17,9,17,18,4.8
1,3,1,17,9,17,17,5.0
1,7,1,17,9,17,18,4.6
2,4,1,17,9,17,17,5.3
3,4,1,17,9,17,18,5.5
4,2,1,17,9,17,17,4.6
4,7,1,17,9,17,18,4.7
6,7,2,17,9,17,24,5.5
7,1,1,17,9,17,18,4.8
10,4,1,17,9,17,23,4.6
1,3,1,17,10,17,18,5.0
3,1,1,17,10,17,18,5.1
3,5,2,17,10,17,20,6.9
4,3,2,17,10,17,19,4.5
4,9,1,17,10,17,28,5.7
6,3,1,17,10,17,22,4.3
7,4,2,17,10,17,19,4.1
9,1,1,17,10,17,28,7.7
9,3,1,17,10,17,27,5.1
9,4,1,17,10,17,28,6.2
9,10,1,17,10,17,31,6.5
1,3,2,17,11,17,19,5.0
1,7,1,17,11,17,20,4.6
2,1,1,17,11,17,20,5.2
3,4,1,17,11,17,20,5.5
4,2,1,17,11,17,19,4.6
4,7,1,17,11,17,20,4.7
5,2,2,17,11,17,22,5.4
7,4,2,17,11,17,20,4.1
9,1,1,17,11,17,29,7.7
2,4,2,17,12,17,20,5.3
3,4,1,17,12,17,21,5.5
3,5,1,17,12,17,22,6.9
4,3,2,17,12,17,21,4.5
5,2,1,17,12,17,22,5.4
10,3,1,17,12,17,29,8.1
10,4,1,17,12,17,26,4.6
1,3,1,17,13,17,21,5.0
2,4,2,17,13,17,21,5.3
2,5,1,17,13,17,24,6.0
2,6,1,17,13,17,26,7.1
3,4,2,17,13,17,22,5.5
3,10,1,17,13,17,30,9.6
4,3,1,17,13,17,22,4.5
7,1,1,17,13,17,22,4.8
7,4,1,17,13,17,22,4.1
10,3,1,17,13,17,30,8.1
1,2,2,17,14,17,23,4.8
1,3,1,17,14,17,22,5.0
1,10,1,17,14,17,30,6.1
2,5,1,17,14,17,24,6.0
3,4,1,17,14,17,23,5.5
3,10,1,17,14,17,31,9.6
4,7,2,17,14,17,23,4.7
6,1,1,17,14,17,23,3.7
6,7,1,17,14,17,28,5.5
7,5,1,17,14,17,26,5.6
9,4,1,17,14,17,32,6.2
10,5,1,17,14,17,26,3.8
1,2,1,17,15,17,24,4.8
1,7,2,17,15,17,24,4.6
2,1,1,17,15,17,24,5.2
2,4,2,17,15,17,23,5.3
2,5,1,17,15,17,26,6.0
3,4,1,17,15,17,24,5.5
5,2,1,17,15,17,26,5.4
5,3,1,17,15,17,25,5.4
5,9,1,17,15,17,34,5.1
7,4,1,17,15,17,24,4.1
9,5,1,17,15,17,34,5.6
2,5,1,17,16,17,26,6.0
3,5,1,17,16,17,26,6.9
6,1,1,17,16,17,25,3.7
6,2,1,17,16,17,29,5.5
6,7,1,17,16,17,30,5.5
7,4,1,17,16,17,25,4.1
9,4,1,17,16,17,34,6.2
1,3,1,17,17,17,25,5.0
2,4,1,17,17,17,25,5.3
3,10,2,17,17,17,34,9.6
4,2,4,17,17,17,25,4.6
4,7,2,17,17,17,26,4.7
5,3,1,17,17,17,27,5.4
1,7,1,17,18,17,27,4.6
2,4,2,17,18,17,26,5.3
2,5,1,17,18,17,28,6.0
3,4,2,17,18,17,27,5.5
3,5,1,17,18,17,28,6.9
3,6,1,17,18,17,30,5.5
3,10,1,17,18,17,35,9.6
4,2,1,17,18,17,26,4.6
5,2,1,17,18,17,28,5.4
6,7,1,17,18,17,32,5.5
7,4,1,17,18,17,27,4.1
9,1,1,17,18,17,36,7.7
9,10,1,17,18,17,39,6.5
1,3,1,17,19,17,27,5.0
1,10,1,17,19,17,34,6.1
2,4,2,17,19,17,27,5.3
3,1,2,17,19,17,27,5.1
3,5,1,17,19,17,29,6.9
4,2,1,17,19,17,27,4.6
4,7,1,17,19,17,28,4.7
6,1,2,17,19,17,28,3.7
9,4,1,17,19,17,36,6.2
9,10,2,17,19,17,40,6.5
10,3,1,17,19,17,36,8.1
1,7,1,17,20,17,29,4.6
3,10,2,17,20,17,37,9.6
4,2,1,17,20,17,28,4.6
4,3,1,17,20,17,29,4.5
4,7,1,17,20,17,29,4.7
5,9,1,17,20,17,39,5.1
7,1,1,17,20,17,29,4.8
8,1,1,17,20,17,34,5.3
2,4,1,17,21,17,29,5.3
3,4,1,17,21,17,30,5.5
3,5,1,17,21,17,31,6.9
4,2,1,17,21,17,29,4.6
4,3,1,17,21,17,30,4.5
8,4,1,17,21,17,34,4.9
1,2,1,17,22,17,31,4.8
1,7,1,17,22,17,31,4.6
1,10,1,17,22,17,38,6.1
3,4,1,17,22,17,31,5.5
3,5,1,17,22,17,32,6.9
4,2,1,17,22,17,30,4.6
4,3,1,17,22,17,31,4.5
6,7,2,17,22,17,36,5.5
7,4,2,17,22,17,31,4.1
1,5,3,17,23,17,32,5.2
3,1,2,17,23,17,31,5.1
3,4,2,17,23,17,32,5.5
4,2,1,17,23,17,31,4.6
5,1,1,17,23,17,32,4.1
7,4,2,17,23,17,32,4.1
9,1,1,17,23,17,41,7.7
1,2,1,17,24,17,33,4.8
1,9,1,17,24,17,42,6.3
2,1,1,17,24,17,33,5.2
2,4,1,17,24,17,32,5.3
3,1,2,17,24,17,32,5.1
4,9,1,17,24,17,42,5.7
5,3,1,17,24,17,34,5.4
7,4,1,17,24,17,33,4.1
8,3,1,17,24,17,36,5.2
9,10,1,17,24,17,45,6.5
1,5,1,17,25,17,34,5.2
2,4,3,17,25,17,33,5.3
3,5,2,17,25,17,35,6.9
4,2,2,17,25,17,33,4.6
4,7,1,17,25,17,34,4.7
7,1,1,17,25,17,34,4.8
9,4,1,17,25,17,42,6.2
1,3,1,17,26,17,34,5.0
3,4,1,17,26,17,35,5.5
4,2,1,17,26,17,34,4.6
4,7,1,17,26,17,35,4.7
5,3,1,17,26,17,36,5.4
7,4,2,17,26,17,35,4.1
9,1,2,17,26,17,44,7.7
9,3,1,17,26,17,43,5.1
10,3,2,17,26,17,43,8.1
1,2,1,17,27,17,36,4.8
3,1,1,17,27,17,35,5.1
3,4,1,17,27,17,36,5.5
3,6,1,17,27,17,39,5.5
3,10,1,17,27,17,44,9.6
4,3,1,17,27,17,36,4.5
6,7,1,17,27,17,42,5.5
8,1,1,17,27,17,41,5.3
1,2,2,17,28,17,37,4.8
2,4,1,17,28,17,36,5.3
3,4,2,17,28,17,37,5.5
3,5,1,17,28,17,38,6.9
3,6,1,17,28,17,40,5.5
3,10,1,17,28,17,45,9.6
4,2,1,17,28,17,36,4.6
4,3,1,17,28,17,37,4.5
7,4,1,17,28,17,37,4.1
9,10,1,17,28,17,49,6.5
1,2,1,17,29,17,38,4.8
2,1,1,17,29,17,38,5.2
3,5,4,17,29,17,39,6.9
4,2,1,17,29,17,37,4.6
4,9,1,17,29,17,46,5.7
6,7,1,17,29,17,44,5.5
9,10,1,17,29,17,50,6.5
1,2,1,17,30,17,39,4.8
1,5,1,17,30,17,40,5.2
2,4,1,17,30,17,38,5.3
3,4,1,17,30,17,39,5.5
3,10,2,17,30,17,47,9.6
4,3,4,17,30,17,39,4.5
4,7,1,17,30,17,39,4.7
9,1,1,17,30,17,48,7.7
9,4,1,17,30,17,48,6.2
1,5,1,17,31,17,40,5.2
1,7,1,17,31,17,40,4.6
2,4,1,17,31,17,39,5.3
3,1,1,17,31,17,39,5.1
3,4,1,17,31,17,40,5.5
3,5,1,17,31,17,41,6.9
3,10,2,17,31,17,48,9.6
4,2,1,17,31,17,39,4.6
4,3,1,17,31,17,40,4.5
6,8,1,17,31,17,50,4.8
7,4,1,17,31,17,40,4.1
1,3,1,17,32,17,40,5.0
2,4,1,17,32,17,40,5.3
3,1,2,17,32,17,40,5.1
3,4,4,17,32,17,41,5.5
3,4,1,17,32,17,41,5.5
4,2,1,17,32,17,40,4.6
4,3,1,17,32,17,41,4.5
6,7,1,17,32,17,46,5.5
10,3,1,17,32,17,49,8.1
1,3,1,17,33,17,41,5.0
2,4,4,17,33,17,41,5.3
2,4,1,17,33,17,41,5.3
3,4,2,17,33,17,42,5.5
3,5,1,17,33,17,43,6.9
3,10,1,17,33,17,50,9.6
4,2,2,17,33,17,41,4.6
4,7,1,17,33,17,42,4.7
4,9,1,17,33,17,50,5.7
6,1,1,17,33,17,42,3.7
9,5,1,17,33,17,52,5.6
10,4,2,17,33,17,47,4.6
2,5,1,17,34,17,44,6.0
3,1,1,17,34,17,42,5.1
3,4,2,17,34,17,43,5.5
3,5,4,17,34,17,44,6.9
3,10,2,17,34,17,51,9.6
4,2,1,17,34,17,42,4.6
4,7,2,17,34,17,43,4.7
4,8,1,17,34,17,48,4.6
5,2,1,17,34,17,44,5.4
10,9,1,17,34,17,55,4.5
3,1,1,17,35,17,43,5.1
3,4,1,17,35,17,44,5.5
8,4,1,17,35,17,48,4.9
2,4,1,17,36,17,44,5.3
2,5,1,17,36,17,46,6.0
2,6,2,17,36,17,49,7.1
3,1,1,17,36,17,44,5.1
3,10,1,17,36,17,53,9.6
4,2,2,17,36,17,44,4.6
4,7,1,17,36,17,45,4.7
6,7,1,17,36,17,50,5.5
7,1,1,17,36,17,45,4.8
1,3,1,17,37,17,45,5.0
1,7,2,17,37,17,46,4.6
1,10,1,17,37,17,52,6.1
3,1,2,17,37,17,45,5.1
3,4,1,17,37,17,46,5.5
3,5,1,17,37,17,47,6.9
4,7,1,17,37,17,46,4.7
6,7,1,17,37,17,52,5.5
7,6,1,17,37,17,52,5.3
9,4,1,17,37,17,54,6.2
10,9,1,17,37,17,58,4.5
1,7,1,17,38,17,47,4.6
1,10,1,17,38,17,54,6.1
2,4,2,17,38,17,46,5.3
3,4,1,17,38,17,47,5.5
3,5,1,17,38,17,48,6.9
4,7,1,17,38,17,47,4.7
8,2,1,17,38,17,50,4.8
9,10,1,17,38,17,59,6.5
1,2,1,17,39,17,48,4.8
1,7,1,17,39,17,48,4.6
1,10,1,17,39,17,54,6.1
2,4,1,17,39,17,47,5.3
2,5,1,17,39,17,50,6.0
2,10,1,17,39,17,57,7.4
3,5,1,17,39,17,49,6.9
3,10,1,17,39,17,56,9.6
4,2,1,17,39,17,47,4.6
5,2,1,17,39,17,50,5.4
6,7,3,17,39,17,54,5.5
7,4,1,17,39,17,48,4.1
8,6,1,17,39,17,58,5.8
9,4,1,17,39,17,56,6.2
1,2,1,17,40,17,49,4.8
1,3,1,17,40,17,48,5.0
1,5,2,17,40,17,50,5.2
2,5,2,17,40,17,50,6.0
3,4,1,17,40,17,49,5.5
3,5,1,17,40,17,50,6.9
3,10,1,17,40,17,57,9.6
4,2,1,17,40,17,48,4.6
4,3,1,17,40,17,49,4.5
4,9,2,17,40,17,58,5.7
7,1,1,17,40,17,49,4.8
7,4,1,17,40,17,49,4.1
10,3,1,17,40,17,57,8.1
1,5,1,17,41,17,50,5.2
1,9,1,17,41,17,59,6.3
2,1,1,17,41,17,50,5.2
2,4,1,17,41,17,49,5.3
3,5,1,17,41,17,51,6.9
4,9,1,17,41,17,58,5.7
5,2,1,17,41,17,52,5.4
9,1,1,17,41,17,59,7.7
2,1,1,17,42,17,51,5.2
3,4,1,17,42,17,51,5.5
3,10,1,17,42,17,59,9.6
6,8,1,17,42,18,1,4.8
7,6,1,17,42,17,56,5.3
9,6,1,17,42,18,4,6.4
1,7,1,17,43,17,52,4.6
2,4,2,17,43,17,51,5.3
1,5,1,17,44,17,54,5.2
2,4,1,17,44,17,52,5.3
2,5,1,17,44,17,54,6.0
3,4,2,17,44,17,53,5.5
3,5,1,17,44,17,54,6.9
3,10,1,17,44,18,1,9.6
4,3,1,17,44,17,53,4.5
5,2,1,17,44,17,54,5.4
6,7,1,17,44,17,58,5.5
7,4,1,17,44,17,53,4.1
1,2,1,17,45,17,54,4.8
1,5,1,17,45,17,54,5.2
2,4,1,17,45,17,53,5.3
2,6,1,17,45,17,58,7.1
3,4,2,17,45,17,54,5.5
4,3,1,17,45,17,54,4.5
7,4,1,17,45,17,54,4.1
9,4,1,17,45,18,2,6.2
1,2,2,17,46,17,55,4.8
1,7,1,17,46,17,55,4.6
2,4,1,17,46,17,54,5.3
2,5,1,17,46,17,56,6.0
2,6,1,17,46,17,59,7.1
3,1,1,17,46,17,54,5.1
3,4,1,17,46,17,55,5.5
3,5,1,17,46,17,56,6.9
4,3,1,17,46,17,55,4.5
9,5,1,17,46,18,5,5.6
1,3,1,17,47,17,55,5.0
3,1,1,17,47,17,55,5.1
3,4,1,17,47,17,56,5.5
3,5,2,17,47,17,57,6.9
3,6,1,17,47,17,59,5.5
3,10,1,17,47,18,4,9.6
4,2,1,17,47,17,55,4.6
4,3,1,17,47,17,56,4.5
5,10,1,17,47,17,59,3.7
6,7,1,17,47,18,2,5.5
7,4,1,17,47,17,56,4.1
1,7,1,17,48,17,57,4.6
2,4,2,17,48,17,56,5.3
3,4,1,17,48,17,57,5.5
3,5,1,17,48,17,58,6.9
3,10,1,17,48,18,5,9.6
4,3,1,17,48,17,57,4.5
5,2,1,17,48,17,58,5.4
5,9,1,17,48,18,7,5.1
1,5,1,17,49,17,58,5.2
2,4,1,17,49,17,57,5.3
3,4,3,17,49,17,58,5.5
3,5,2,17,49,17,59,6.9
4,2,2,17,49,17,57,4.6
4,3,1,17,49,17,58,4.5
4,9,2,17,49,18,6,5.7
6,7,1,17,49,18,4,5.5
9,1,1,17,49,18,7,7.7
9,4,1,17,49,18,6,6.2
10,3,1,17,49,18,6,8.1
1,10,1,17,50,18,6,6.1
2,4,3,17,50,17,58,5.3
3,5,1,17,50,17,60,6.9
4,2,1,17,50,17,58,4.6
7,4,1,17,50,17,59,4.1
9,10,1,17,50,18,11,6.5
1,2,1,17,51,18,0,4.8
1,5,1,17,51,18,0,5.2
1,7,1,17,51,17,60,4.6
2,4,1,17,51,17,59,5.3
2,5,2,17,51,18,2,6.0
3,4,2,17,51,17,60,5.5
3,5,1,17,51,18,1,6.9
4,2,2,17,51,17,59,4.6
4,3,1,17,51,17,60,4.5
9,5,1,17,51,18,10,5.6
2,5,1,17,52,18,2,6.0
3,4,1,17,52,18,1,5.5
3,5,1,17,52,18,2,6.9
4,7,1,17,52,18,1,4.7
7,1,1,17,52,18,1,4.8
7,4,1,17,52,18,1,4.1
9,4,1,17,52,18,10,6.2
1,2,1,17,53,18,2,4.8
1,7,1,17,53,18,2,4.6
2,4,1,17,53,18,1,5.3
3,4,1,17,53,18,2,5.5
3,5,2,17,53,18,3,6.9
4,3,1,17,53,18,2,4.5
4,7,1,17,53,18,2,4.7
4,9,1,17,53,18,10,5.7
7,4,1,17,53,18,2,4.1
1,2,1,17,54,18,3,4.8
1,5,1,17,54,18,4,5.2
4,2,1,17,54,18,2,4.6
4,3,1,17,54,18,3,4.5
4,7,1,17,54,18,3,4.7
4,8,1,17,54,18,8,4.6
5,1,1,17,54,18,4,4.1
6,7,1,17,54,18,8,5.5
7,4,1,17,54,18,3,4.1
8,2,1,17,54,18,6,4.8
8,3,1,17,54,18,6,5.2
9,5,1,17,54,18,13,5.6
10,3,2,17,54,18,11,8.1
1,5,1,17,55,18,4,5.2
3,1,1,17,55,18,3,5.1
3,4,1,17,55,18,4,5.5
3,10,1,17,55,18,12,9.6
4,3,3,17,55,18,4,4.5
4,7,1,17,55,18,4,4.7
6,7,1,17,55,18,10,5.5
7,4,1,17,55,18,4,4.1
9,1,1,17,55,18,13,7.7
9,3,1,17,55,18,12,5.1
1,2,1,17,56,18,5,4.8
1,3,1,17,56,18,4,5.0
1,5,1,17,56,18,6,5.2
1,6,1,17,56,18,5,4.7
2,1,2,17,56,18,5,5.2
4,2,1,17,56,18,4,4.6
7,4,1,17,56,18,5,4.1
8,6,1,17,56,18,15,5.8
10,3,2,17,56,18,13,8.1
10,4,1,17,56,18,10,4.6
1,7,1,17,57,18,6,4.6
2,1,1,17,57,18,6,5.2
2,5,1,17,57,18,8,6.0
3,4,1,17,57,18,6,5.5
3,5,2,17,57,18,7,6.9
3,6,1,17,57,18,9,5.5
4,2,1,17,57,18,5,4.6
4,7,1,17,57,18,6,4.7
4,8,1,17,57,18,10,4.6
6,1,1,17,57,18,6,3.7
6,7,2,17,57,18,12,5.5
9,1,1,17,57,18,15,7.7
3,4,1,17,58,18,7,5.5
4,2,2,17,58,18,6,4.6
4,3,3,17,58,18,7,4.5
4,7,2,17,58,18,7,4.7
4,10,1,17,58,18,12,5.1
5,2,1,17,58,18,8,5.4
7,1,1,17,58,18,7,4.8
1,2,1,17,59,18,8,4.8
1,5,1,17,59,18,8,5.2
3,5,1,17,59,18,9,6.9
5,9,1,17,59,18,18,5.1
8,4,1,17,59,18,12,4.9
10,4,1,17,59,18,13,4.6
1,3,1,18,0,18,8,5.3
1,7,1,18,0,18,9,5.2
4,3,2,18,0,18,9,4.6
7,3,1,18,0,18,9,4.1
9,4,1,18,0,18,18,6.4
1,2,1,18,1,18,10,5.4
1,3,1,18,1,18,9,5.3
3,1,1,18,1,18,9,5.2
4,3,1,18,1,18,10,4.6
1,3,1,18,2,18,10,5.3
2,1,1,18,2,18,11,5.7
2,5,1,18,2,18,12,7.0
3,1,1,18,2,18,10,5.2
4,3,3,18,2,18,11,4.6
5,2,1,18,2,18,12,6.6
6,9,1,18,2,18,24,6.6
7,6,1,18,2,18,16,5.6
1,3,3,18,3,18,11,5.3
2,5,1,18,3,18,14,7.0
2,10,1,18,3,18,21,8.5
3,1,1,18,3,18,11,5.2
4,7,1,18,3,18,12,4.6
7,6,1,18,3,18,18,5.6
8,6,1,18,3,18,22,4.6
1,3,2,18,4,18,12,5.3
1,5,1,18,4,18,14,4.8
2,1,1,18,4,18,13,5.7
2,4,2,18,4,18,12,5.5
8,1,1,18,4,18,18,6.1
1,3,1,18,5,18,13,5.3
1,7,1,18,5,18,14,5.2
2,5,1,18,5,18,16,7.0
3,4,1,18,5,18,14,5.2
3,8,1,18,5,18,17,4.6
4,3,2,18,5,18,14,4.6
1,3,1,18,6,18,14,5.3
1,7,1,18,6,18,15,5.2
2,5,1,18,6,18,16,7.0
6,9,1,18,6,18,28,6.6
9,4,1,18,6,18,24,6.4
1,2,1,18,7,18,16,5.4
1,3,1,18,7,18,15,5.3
1,5,1,18,7,18,16,4.8
1,7,2,18,7,18,16,5.2
2,1,2,18,7,18,16,5.7
2,4,1,18,7,18,15,5.5
7,4,1,18,7,18,16,4.8
7,6,2,18,7,18,22,5.6
9,2,1,18,7,18,23,5.2
1,7,1,18,8,18,17,5.2
2,4,1,18,8,18,16,5.5
2,5,1,18,8,18,18,7.0
3,10,1,18,8,18,25,8.5
4,3,1,18,8,18,17,4.6
7,4,1,18,8,18,17,4.8
1,3,1,18,9,18,17,5.3
1,8,1,18,9,18,23,4.8
3,10,1,18,9,18,26,8.5
1,3,1,18,10,18,18,5.3
2,4,1,18,10,18,18,5.5
6,9,1,18,10,18,32,6.6
8,1,1,18,10,18,24,6.1
1,7,3,18,11,18,20,5.2
4,2,1,18,11,18,19,5.5
5,3,1,18,11,18,21,6.2
8,1,1,18,11,18,25,6.1
1,2,2,18,12,18,21,5.4
1,3,4,18,12,18,20,5.3
1,8,1,18,12,18,26,4.8
2,5,1,18,12,18,22,7.0
4,3,2,18,12,18,21,4.6
7,1,1,18,12,18,21,4.9
7,6,1,18,12,18,26,5.6
2,5,1,18,13,18,24,7.0
3,5,1,18,13,18,23,6.9
4,3,1,18,13,18,22,4.6
7,3,1,18,13,18,22,4.1
2,4,1,18,14,18,22,5.5
3,1,1,18,14,18,22,5.2
1,7,1,18,15,18,24,5.2
1,8,1,18,15,18,29,4.8
2,4,1,18,15,18,23,5.5
4,2,1,18,15,18,23,5.5
4,7,1,18,15,18,24,4.6
5,3,1,18,15,18,25,6.2
7,4,1,18,15,18,24,4.8
1,3,1,18,16,18,24,5.3
2,5,1,18,16,18,26,7.0
4,8,1,18,16,18,30,5.4
7,1,1,18,16,18,25,4.9
10,7,1,18,16,18,34,5.1
1,3,2,18,17,18,25,5.3
2,4,1,18,17,18,25,5.5
2,5,1,18,17,18,28,7.0
4,3,2,18,17,18,26,4.6
4,9,1,18,17,18,34,8.1
7,4,1,18,17,18,26,4.8
7,6,1,18,17,18,32,5.6
1,3,2,18,18,18,26,5.3
2,5,1,18,18,18,28,7.0
2,6,1,18,18,18,31,8.9
3,4,1,18,18,18,27,5.2
4,3,1,18,18,18,27,4.6
7,8,1,18,18,18,27,4.3
4,2,1,18,19,18,27,5.5
4,3,1,18,19,18,28,4.6
8,6,1,18,19,18,38,4.6
1,3,1,18,20,18,28,5.3
2,5,1,18,20,18,30,7.0
4,2,1,18,20,18,28,5.5
9,4,2,18,20,18,38,6.4
1,3,1,18,21,18,29,5.3
4,7,1,18,21,18,30,4.6
6,9,1,18,21,18,43,6.6
7,5,1,18,21,18,33,5.0
2,5,1,18,22,18,32,7.0
4,7,1,18,22,18,31,4.6
5,3,1,18,22,18,32,6.2
7,6,1,18,22,18,36,5.6
1,3,1,18,23,18,31,5.3
1,6,1,18,23,18,32,4.7
2,1,1,18,23,18,32,5.7
2,5,1,18,23,18,34,7.0
4,3,2,18,23,18,32,4.6
4,7,1,18,23,18,32,4.6
1,7,1,18,24,18,33,5.2
4,3,1,18,24,18,33,4.6
4,8,1,18,24,18,38,5.4
7,4,1,18,24,18,33,4.8
1,3,1,18,25,18,33,5.3
2,4,1,18,25,18,33,5.5
2,5,1,18,25,18,36,7.0
3,5,1,18,25,18,35,6.9
4,3,2,18,25,18,34,4.6
4,7,2,18,25,18,34,4.6
9,4,1,18,25,18,42,6.4
1,2,1,18,26,18,35,5.4
1,3,1,18,26,18,34,5.3
1,5,1,18,26,18,36,4.8
1,3,2,18,27,18,35,5.3
1,6,1,18,27,18,36,4.7
2,1,1,18,27,18,36,5.7
2,5,2,18,27,18,38,7.0
4,3,2,18,27,18,36,4.6
7,4,1,18,27,18,36,4.8
9,4,1,18,27,18,44,6.4
1,3,1,18,28,18,36,5.3
1,7,1,18,28,18,37,5.2
2,5,1,18,28,18,38,7.0
9,4,1,18,28,18,46,6.4
1,3,1,18,29,18,37,5.3
2,4,1,18,29,18,37,5.5
2,5,1,18,29,18,40,7.0
4,2,1,18,29,18,37,5.5
4,3,2,18,29,18,38,4.6
7,4,1,18,29,18,38,4.8
8,1,1,18,29,18,43,6.1
9,4,1,18,29,18,46,6.4
1,5,1,18,30,18,40,4.8
1,7,1,18,30,18,39,5.2
2,5,1,18,30,18,40,7.0
3,4,1,18,30,18,39,5.2
7,4,1,18,30,18,39,4.8
3,4,1,18,31,18,40,5.2
4,2,1,18,31,18,39,5.5
4,3,1,18,31,18,40,4.6
4,8,1,18,31,18,44,5.4
4,9,1,18,31,18,48,8.1
5,3,1,18,31,18,41,6.2
1,6,1,18,32,18,41,4.7
3,5,1,18,32,18,42,6.9
4,3,1,18,32,18,41,4.6
8,4,1,18,32,18,46,4.1
1,6,1,18,33,18,42,4.7
2,5,1,18,33,18,44,7.0
2,6,1,18,33,18,46,8.9
4,3,1,18,33,18,42,4.6
1,3,1,18,34,18,42,5.3
1,8,2,18,34,18,48,4.8
2,6,1,18,34,18,47,8.9
4,7,1,18,34,18,43,4.6
1,3,1,18,35,18,43,5.3
4,3,3,18,35,18,44,4.6
8,3,1,18,35,18,47,5.6
8,6,1,18,35,18,54,4.6
9,10,1,18,35,18,56,6.5
1,7,1,18,36,18,45,5.2
3,5,1,18,36,18,46,6.9
4,3,1,18,36,18,45,4.6
1,7,1,18,37,18,46,5.2
2,5,1,18,37,18,48,7.0
3,5,1,18,37,18,47,6.9
4,2,2,18,37,18,45,5.5
7,6,1,18,37,18,52,5.6
3,4,1,18,38,18,47,5.2
1,2,1,18,39,18,48,5.4
1,3,1,18,39,18,47,5.3
2,4,1,18,39,18,47,5.5
4,3,2,18,39,18,48,4.6
1,7,1,18,40,18,49,5.2
2,1,1,18,40,18,49,5.7
2,6,1,18,40,18,53,8.9
4,3,2,18,40,18,49,4.6
7,4,1,18,40,18,49,4.8
8,6,1,18,40,18,59,4.6
1,2,1,18,41,18,50,5.4
1,3,1,18,41,18,49,5.3
2,5,1,18,41,18,52,7.0
3,4,3,18,41,18,50,5.2
4,8,1,18,41,18,54,5.4
7,6,1,18,41,18,56,5.6
1,7,1,18,42,18,51,5.2
2,4,2,18,42,18,50,5.5
3,5,1,18,42,18,52,6.9
4,3,1,18,42,18,51,4.6
7,4,1,18,42,18,51,4.8
1,2,1,18,43,18,52,5.4
1,3,1,18,43,18,51,5.3
1,6,1,18,43,18,52,4.7
1,7,2,18,43,18,52,5.2
2,5,1,18,43,18,54,7.0
4,2,1,18,43,18,51,5.5
4,3,3,18,43,18,52,4.6
2,1,1,18,44,18,53,5.7
2,5,1,18,44,18,54,7.0
3,1,1,18,44,18,52,5.2
3,10,1,18,44,19,1,8.5
2,10,1,18,45,19,3,8.5
4,2,1,18,45,18,53,5.5
4,3,1,18,45,18,54,4.6
6,1,1,18,45,18,54,3.7
8,1,1,18,45,18,59,6.1
1,3,2,18,46,18,54,5.3
2,4,1,18,46,18,54,5.5
3,5,1,18,46,18,56,6.9
4,8,1,18,46,18,60,5.4
6,9,1,18,46,19,8,6.6
8,3,1,18,46,18,58,5.6
1,2,1,18,47,18,56,5.4
1,3,1,18,47,18,55,5.3
1,7,1,18,47,18,56,5.2
2,1,1,18,47,18,56,5.7
2,5,1,18,47,18,58,7.0
3,4,1,18,47,18,56,5.2
4,9,1,18,47,19,4,8.1
7,6,2,18,47,19,2,5.6
2,5,1,18,48,18,58,7.0
4,7,1,18,48,18,57,4.6
2,5,1,18,49,18,60,7.0
4,2,2,18,49,18,57,5.5
4,3,1,18,49,18,58,4.6
4,7,1,18,49,18,58,4.6
6,9,1,18,49,19,11,6.6
2,4,2,18,50,18,58,5.5
3,4,1,18,50,18,59,5.2
1,3,1,18,51,18,59,5.3
2,4,1,18,51,18,59,5.5
3,4,1,18,51,18,60,5.2
1,3,1,18,52,18,60,5.3
4,2,2,18,52,18,60,5.5
4,3,1,18,52,19,1,4.6
4,7,1,18,52,19,1,4.6
4,8,1,18,52,19,6,5.4
6,9,1,18,52,19,14,6.6
9,4,1,18,52,19,10,6.4
2,5,1,18,53,19,4,7.0
3,5,1,18,53,19,3,6.9
3,6,1,18,53,19,5,5.0
7,6,1,18,53,19,8,5.6
1,3,1,18,54,19,2,5.3
1,6,1,18,54,19,3,4.7
2,4,1,18,54,19,2,5.5
2,5,1,18,54,19,4,7.0
1,3,1,18,55,19,3,5.3
1,8,1,18,55,19,9,4.8
2,1,1,18,55,19,4,5.7
2,5,1,18,55,19,6,7.0
4,2,1,18,55,19,3,5.5
4,3,1,18,55,19,4,4.6
2,5,1,18,56,19,6,7.0
3,6,1,18,56,19,8,5.0
4,2,1,18,56,19,4,5.5
4,3,1,18,56,19,5,4.6
1,3,3,18,57,19,5,5.3
2,4,1,18,57,19,5,5.5
2,6,1,18,57,19,10,8.9
4,6,1,18,57,19,6,4.5
1,3,2,18,58,19,6,5.3
3,6,1,18,58,19,10,5.0
4,7,1,18,58,19,7,4.6
9,4,1,18,58,19,16,6.4
1,7,1,18,59,19,8,5.2
2,4,1,18,59,19,7,5.5
2,5,1,18,59,19,10,7.0
4,2,2,18,59,19,7,5.5
4,3,1,18,59,19,8,4.6
1,2,1,19,0,19,9,4.6
1,3,1,19,0,19,8,5.3
1,5,1,19,0,19,10,5.4
1,6,1,19,0,19,9,4.6
4,2,1,19,0,19,8,4.6
4,3,1,19,0,19,9,4.6
4,6,1,19,0,19,9,4.5
1,3,1,19,1,19,9,5.3
1,6,1,19,1,19,10,4.6
2,4,1,19,1,19,9,5.1
4,2,1,19,1,19,9,4.6
4,6,1,19,1,19,10,4.5
1,3,1,19,2,19,10,5.3
1,6,1,19,2,19,11,4.6
2,1,1,19,2,19,11,4.6
2,6,1,19,2,19,15,7.2
4,6,2,19,2,19,11,4.5
1,6,2,19,3,19,12,4.6
2,5,1,19,3,19,14,6.5
2,6,1,19,3,19,16,7.2
4,3,1,19,3,19,12,4.6
4,7,1,19,3,19,12,4.7
9,10,1,19,3,19,24,4.7
2,4,1,19,4,19,12,5.1
2,5,1,19,4,19,14,6.5
2,5,1,19,5,19,16,6.5
2,6,1,19,5,19,18,7.2
4,6,1,19,5,19,14,4.5
1,3,1,19,6,19,14,5.3
1,6,1,19,6,19,15,4.6
1,7,1,19,6,19,15,4.5
1,3,1,19,7,19,15,5.3
2,4,1,19,7,19,15,5.1
2,6,1,19,7,19,20,7.2
4,6,1,19,7,19,16,4.5
1,3,1,19,8,19,16,5.3
5,8,1,19,8,19,24,3.6
7,4,1,19,8,19,17,4.8
1,3,1,19,9,19,17,5.3
1,8,1,19,9,19,23,4.8
2,1,1,19,9,19,18,4.6
2,5,1,19,9,19,20,6.5
2,6,2,19,9,19,22,7.2
3,4,1,19,9,19,18,5.0
4,2,1,19,9,19,17,4.6
4,6,2,19,9,19,18,4.5
1,3,2,19,10,19,18,5.3
2,4,2,19,10,19,18,5.1
2,6,1,19,10,19,23,7.2
3,4,1,19,10,19,19,5.0
3,5,1,19,10,19,20,6.3
4,3,1,19,10,19,19,4.6
4,6,1,19,10,19,19,4.5
4,9,1,19,10,19,28,7.3
1,2,1,19,11,19,20,4.6
1,6,1,19,11,19,20,4.6
4,6,1,19,11,19,20,4.5
7,6,1,19,11,19,26,5.6
9,4,1,19,11,19,28,4.8
1,3,1,19,12,19,20,5.3
1,5,1,19,12,19,22,5.4
1,6,1,19,12,19,21,4.6
2,4,1,19,12,19,20,5.1
2,6,1,19,12,19,25,7.2
4,3,1,19,12,19,21,4.6
4,6,2,19,12,19,21,4.5
7,6,1,19,12,19,26,5.6
1,3,1,19,13,19,21,5.3
3,1,1,19,13,19,21,5.0
1,5,1,19,14,19,24,5.4
2,1,1,19,14,19,23,4.6
1,3,1,19,15,19,23,5.3
1,7,1,19,15,19,24,4.5
3,5,1,19,15,19,25,6.3
4,2,1,19,15,19,23,4.6
4,6,2,19,15,19,24,4.5
8,1,1,19,15,19,29,5.4
9,4,1,19,15,19,32,4.8
1,3,1,19,16,19,24,5.3
3,5,1,19,16,19,26,6.3
4,2,2,19,16,19,24,4.6
7,4,1,19,16,19,25,4.8
1,3,2,19,17,19,25,5.3
1,5,1,19,17,19,26,5.4
1,7,1,19,17,19,26,4.5
3,5,2,19,17,19,27,6.3
3,10,1,19,17,19,34,9.1
1,3,1,19,18,19,26,5.3
1,6,1,19,18,19,27,4.6
2,5,1,19,18,19,28,6.5
2,6,1,19,18,19,31,7.2
4,6,1,19,18,19,27,4.5
1,2,1,19,19,19,28,4.6
1,5,1,19,19,19,28,5.4
2,5,1,19,19,19,30,6.5
3,4,1,19,19,19,28,5.0
4,6,1,19,19,19,28,4.5
2,6,2,19,20,19,33,7.2
5,8,1,19,20,19,36,3.6
7,6,1,19,20,19,34,5.6
2,4,1,19,21,19,29,5.1
4,3,1,19,21,19,30,4.6
2,6,1,19,22,19,35,7.2
3,5,1,19,22,19,32,6.3
4,3,1,19,22,19,31,4.6
4,6,1,19,22,19,31,4.5
9,4,1,19,22,19,40,4.8
2,1,1,19,23,19,32,4.6
2,5,2,19,23,19,34,6.5
2,6,2,19,23,19,36,7.2
4,6,1,19,23,19,32,4.5
5,2,1,19,23,19,34,5.6
7,6,2,19,23,19,38,5.6
8,1,1,19,23,19,37,5.4
1,2,1,19,24,19,33,4.6
1,3,1,19,24,19,32,5.3
2,5,1,19,24,19,34,6.5
7,5,1,19,24,19,36,4.9
7,6,1,19,24,19,38,5.6
1,3,1,19,25,19,33,5.3
1,8,1,19,25,19,39,4.8
4,7,1,19,25,19,34,4.7
9,4,2,19,25,19,42,4.8
2,5,1,19,26,19,36,6.5
4,3,3,19,26,19,35,4.6
5,2,1,19,26,19,36,5.6
1,3,1,19,27,19,35,5.3
1,6,1,19,27,19,36,4.6
1,7,1,19,27,19,36,4.5
2,5,1,19,27,19,38,6.5
2,6,1,19,27,19,40,7.2
4,3,2,19,27,19,36,4.6
4,8,1,19,27,19,40,5.3
1,6,2,19,28,19,37,4.6
2,8,1,19,28,19,40,5.4
4,2,1,19,28,19,36,4.6
8,1,1,19,28,19,42,5.4
1,6,1,19,29,19,38,4.6
2,1,1,19,29,19,38,4.6
2,4,1,19,29,19,37,5.1
4,6,1,19,29,19,38,4.5
2,5,1,19,30,19,40,6.5
4,3,1,19,30,19,39,4.6
4,6,2,19,30,19,39,4.5
4,8,1,19,30,19,44,5.3
1,3,1,19,31,19,39,5.3
1,7,1,19,31,19,40,4.5
8,1,2,19,31,19,45,5.4
2,1,1,19,32,19,41,4.6
2,6,1,19,32,19,45,7.2
4,2,1,19,32,19,40,4.6
4,9,1,19,32,19,50,7.3
9,4,1,19,32,19,50,4.8
2,5,1,19,33,19,44,6.5
4,3,1,19,33,19,42,4.6
4,6,3,19,33,19,42,4.5
1,3,1,19,34,19,42,5.3
2,10,1,19,34,19,52,8.7
4,3,1,19,34,19,43,4.6
4,6,1,19,34,19,43,4.5
4,9,1,19,34,19,52,7.3
9,10,1,19,34,19,55,4.7
2,6,1,19,35,19,48,7.2
4,3,1,19,35,19,44,4.6
4,6,1,19,35,19,44,4.5
9,4,1,19,35,19,52,4.8
1,6,1,19,36,19,45,4.6
2,4,1,19,36,19,44,5.1
2,5,1,19,36,19,46,6.5
4,6,1,19,36,19,45,4.5
1,3,1,19,37,19,45,5.3
1,6,1,19,37,19,46,4.6
2,4,1,19,37,19,45,5.1
2,5,1,19,37,19,48,6.5
4,3,2,19,37,19,46,4.6
7,6,1,19,37,19,52,5.6
1,3,2,19,39,19,47,5.3
4,2,1,19,39,19,47,4.6
4,3,1,19,39,19,48,4.6
4,7,1,19,39,19,48,4.7
9,4,1,19,39,19,56,4.8
1,5,1,19,40,19,50,5.4
3,4,2,19,40,19,49,5.0
1,2,1,19,41,19,50,4.6
1,6,1,19,41,19,50,4.6
3,4,1,19,41,19,50,5.0
4,3,1,19,41,19,50,4.6
4,7,1,19,41,19,50,4.7
1,3,1,19,42,19,50,5.3
1,8,1,19,42,19,56,4.8
4,2,2,19,42,19,50,4.6
4,3,1,19,42,19,51,4.6
4,6,1,19,42,19,51,4.5
4,8,1,19,42,19,56,5.3
4,8,1,19,43,19,56,5.3
1,3,1,19,44,19,52,5.3
1,7,1,19,44,19,53,4.5
1,8,1,19,44,19,58,4.8
4,2,2,19,44,19,52,4.6
8,1,2,19,44,19,58,5.4
2,4,1,19,45,19,53,5.1
4,8,1,19,45,19,58,5.3
7,5,1,19,45,19,57,4.9
9,4,1,19,45,20,2,4.8
1,3,1,19,46,19,54,5.3
1,7,1,19,46,19,55,4.5
2,4,1,19,46,19,54,5.1
2,6,1,19,46,19,59,7.2
4,3,1,19,46,19,55,4.6
4,6,1,19,46,19,55,4.5
7,6,1,19,46,20,0,5.6
1,3,2,19,47,19,55,5.3
1,6,2,19,47,19,56,4.6
3,6,1,19,47,19,59,4.4
4,3,1,19,47,19,56,4.6
7,6,1,19,47,20,2,5.6
1,2,1,19,48,19,57,4.6
4,2,1,19,48,19,56,4.6
4,6,1,19,48,19,57,4.5
8,1,1,19,48,20,2,5.4
1,3,1,19,49,19,57,5.3
1,7,1,19,49,19,58,4.5
2,4,1,19,49,19,57,5.1
3,4,1,19,49,19,58,5.0
4,3,2,19,49,19,58,4.6
4,6,1,19,49,19,58,4.5
1,3,1,19,50,19,58,5.3
2,5,1,19,50,20,0,6.5
3,4,1,19,50,19,59,5.0
4,3,1,19,50,19,59,4.6
6,9,1,19,50,20,12,5.3
7,6,1,19,50,20,4,5.6
1,3,1,19,51,19,59,5.3
1,6,1,19,51,20,0,4.6
1,7,1,19,51,19,60,4.5
2,6,2,19,51,20,4,7.2
4,2,1,19,51,19,59,4.6
1,5,1,19,52,20,2,5.4
2,5,2,19,52,20,2,6.5
2,8,1,19,52,20,4,5.4
1,6,1,19,53,20,2,4.6
1,7,1,19,53,20,2,4.5
3,5,1,19,53,20,3,6.3
4,7,2,19,53,20,2,4.7
4,8,1,19,53,20,6,5.3
7,5,2,19,53,20,5,4.9
1,3,1,19,54,20,2,5.3
1,6,3,19,54,20,3,4.6
2,5,1,19,54,20,4,6.5
2,6,1,19,54,20,7,7.2
5,8,1,19,54,20,10,3.6
2,4,1,19,55,20,3,5.1
2,6,1,19,55,20,8,7.2
4,3,1,19,55,20,4,4.6
4,6,1,19,55,20,4,4.5
1,3,1,19,56,20,4,5.3
2,4,1,19,56,20,4,5.1
2,6,1,19,56,20,9,7.2
2,10,1,19,56,20,14,8.7
4,6,1,19,56,20,5,4.5
4,7,1,19,56,20,5,4.7
9,1,1,19,56,20,14,3.6
1,2,1,19,57,20,6,4.6
2,5,1,19,57,20,8,6.5
2,6,1,19,57,20,10,7.2
3,4,1,19,57,20,6,5.0
4,3,1,19,57,20,6,4.6
9,10,1,19,57,20,18,4.7
1,3,1,19,58,20,6,5.3
1,9,1,19,58,20,16,8.7
2,4,2,19,58,20,6,5.1
2,5,1,19,58,20,8,6.5
3,4,1,19,58,20,7,5.0
1,2,1,19,59,20,8,4.6
1,3,1,19,59,20,7,5.3
1,6,1,19,59,20,8,4.6
2,4,1,19,59,20,7,5.1
2,5,2,19,59,20,10,6.5
4,3,1,19,59,20,8,4.6
4,6,2,19,59,20,8,4.5
4,7,1,19,59,20,8,4.7
1,6,1,20,0,20,9,4.8
2,6,1,20,0,20,13,4.9
3,5,1,20,0,20,10,4.9
2,5,1,20,1,20,12,4.6
2,5,2,20,2,20,12,4.6
1,6,2,20,3,20,12,4.8
1,9,1,20,3,20,21,6.0
3,5,1,20,3,20,13,4.9
2,5,1,20,4,20,14,4.6
4,9,1,20,4,20,22,3.7
2,5,2,20,5,20,16,4.6
4,9,1,20,5,20,22,3.7
9,4,1,20,5,20,22,4.4
2,5,4,20,6,20,16,4.6
2,6,1,20,7,20,20,4.9
6,9,2,20,7,20,29,4.0
9,4,1,20,7,20,24,4.4
3,10,1,20,8,20,25,6.1
1,5,1,20,9,20,18,3.9
2,5,3,20,9,20,20,4.6
3,5,1,20,10,20,20,4.9
1,6,1,20,11,20,20,4.8
2,5,4,20,11,20,22,4.6
2,5,1,20,11,20,22,4.6
4,6,1,20,11,20,20,3.7
4,9,1,20,11,20,28,3.7
6,9,1,20,11,20,33,4.0
10,4,1,20,11,20,25,3.8
2,5,1,20,12,20,22,4.6
7,5,1,20,12,20,24,4.3
9,4,1,20,12,20,30,4.4
2,5,1,20,13,20,24,4.6
1,6,1,20,14,20,23,4.8
2,5,4,20,14,20,24,4.6
2,5,1,20,14,20,24,4.6
4,6,1,20,14,20,23,3.7
6,9,1,20,14,20,36,4.0
1,6,1,20,15,20,24,4.8
9,4,1,20,15,20,32,4.4
2,5,2,20,16,20,26,4.6
8,1,1,20,16,20,30,6.6
9,4,1,20,16,20,34,4.4
2,5,1,20,17,20,28,4.6
2,10,1,20,17,20,35,7.0
2,5,1,20,18,20,28,4.6
4,9,1,20,18,20,36,3.7
6,9,1,20,18,20,40,4.0
7,5,1,20,18,20,30,4.3
1,6,1,20,19,20,28,4.8
2,5,4,20,19,20,30,4.6
2,5,1,20,19,20,30,4.6
2,6,2,20,19,20,32,4.9
3,5,1,20,19,20,29,4.9
4,10,1,20,19,20,33,5.0
7,6,1,20,19,20,34,4.2
1,6,1,20,20,20,29,4.8
2,5,1,20,20,20,30,4.6
5,2,1,20,20,20,30,5.1
1,6,1,20,21,20,30,4.8
2,5,1,20,21,20,32,4.6
4,9,1,20,21,20,38,3.7
6,9,2,20,21,20,43,4.0
2,5,3,20,22,20,32,4.6
4,9,1,20,22,20,40,3.7
6,9,1,20,22,20,44,4.0
9,4,1,20,22,20,40,4.4
1,6,1,20,23,20,32,4.8
2,5,1,20,23,20,34,4.6
6,9,1,20,23,20,45,4.0
8,1,1,20,23,20,37,6.6
10,7,1,20,23,20,41,4.4
3,5,1,20,24,20,34,4.9
8,1,2,20,24,20,38,6.6
1,6,1,20,25,20,34,4.8
2,5,3,20,25,20,36,4.6
2,6,1,20,25,20,38,4.9
2,5,1,20,26,20,36,4.6
2,10,1,20,26,20,44,7.0
6,9,1,20,26,20,48,4.0
1,6,1,20,27,20,36,4.8
2,5,2,20,27,20,38,4.6
9,4,1,20,27,20,44,4.4
9,5,1,20,27,20,46,3.4
1,6,1,20,28,20,37,4.8
2,6,1,20,28,20,41,4.9
4,9,1,20,28,20,46,3.7
8,1,1,20,28,20,42,6.6
9,4,1,20,28,20,46,4.4
2,5,3,20,29,20,40,4.6
2,10,1,20,29,20,47,7.0
6,9,1,20,29,20,51,4.0
9,4,2,20,29,20,46,4.4
2,5,1,20,30,20,40,4.6
2,6,1,20,30,20,43,4.9
4,9,2,20,30,20,48,3.7
2,5,2,20,31,20,42,4.6
6,9,1,20,31,20,53,4.0
1,6,2,20,32,20,41,4.8
2,5,1,20,33,20,44,4.6
2,6,1,20,33,20,46,4.9
8,1,1,20,33,20,47,6.6
2,5,3,20,35,20,46,4.6
1,6,1,20,36,20,45,4.8
2,5,1,20,36,20,46,4.6
5,3,1,20,36,20,46,5.8
9,4,1,20,36,20,54,4.4
2,5,1,20,37,20,48,4.6
9,4,1,20,37,20,54,4.4
2,5,4,20,38,20,48,4.6
3,5,1,20,38,20,48,4.9
9,4,2,20,39,20,56,4.4
1,6,1,20,41,20,50,4.8
2,5,2,20,41,20,52,4.6
2,5,2,20,42,20,52,4.6
3,5,1,20,42,20,52,4.9
6,9,1,20,42,21,4,4.0
9,4,2,20,42,20,60,4.4
2,5,1,20,43,20,54,4.6
3,5,1,20,43,20,53,4.9
4,9,1,20,43,21,0,3.7
6,9,1,20,43,21,5,4.0
7,6,1,20,44,20,58,4.2
10,4,1,20,44,20,58,3.8
2,5,1,20,45,20,56,4.6
2,10,1,20,45,21,3,7.0
4,9,1,20,45,21,2,3.7
9,4,1,20,45,21,2,4.4
10,4,1,20,45,20,59,3.8
1,6,1,20,46,20,55,4.8
2,5,2,20,46,20,56,4.6
2,5,1,20,47,20,58,4.6
4,10,1,20,47,21,1,5.0
2,5,4,20,48,20,58,4.6
3,5,1,20,48,20,58,4.9
5,2,1,20,48,20,58,5.1
9,4,2,20,48,21,6,4.4
2,5,2,20,49,20,60,4.6
4,10,1,20,49,21,3,5.0
7,6,1,20,49,21,4,4.2
2,5,3,20,50,21,0,4.6
9,4,1,20,50,21,8,4.4
10,7,1,20,50,21,8,4.4
2,5,2,20,51,21,2,4.6
3,10,1,20,51,21,8,6.1
8,1,1,20,51,21,5,6.6
1,6,1,20,52,21,1,4.8
2,5,1,20,53,21,4,4.6
2,10,1,20,53,21,11,7.0
5,2,1,20,53,21,4,5.1
6,9,1,20,53,21,15,4.0
2,5,2,20,54,21,4,4.6
3,5,1,20,54,21,4,4.9
6,9,1,20,54,21,16,4.0
2,5,2,20,55,21,6,4.6
3,5,1,20,55,21,5,4.9
1,5,1,20,56,21,6,3.9
1,6,1,20,56,21,5,4.8
3,10,1,20,56,21,13,6.1
9,4,1,20,56,21,14,4.4
1,6,1,20,57,21,6,4.8
2,5,2,20,57,21,8,4.6
3,10,1,20,57,21,14,6.1
4,9,2,20,57,21,14,3.7
9,4,1,20,57,21,14,4.4
3,5,1,20,58,21,8,4.9
9,4,1,20,58,21,16,4.4
1,6,1,20,59,21,8,4.8
2,6,1,20,59,21,12,4.9
2,9,1,21,0,21,16,4.3
3,9,1,21,0,21,17,3.6
6,7,2,21,0,21,14,4.4
10,3,2,21,0,21,17,5.9
4,10,1,21,1,21,15,4.2
10,2,1,21,1,21,19,5.1
10,3,2,21,1,21,18,5.9
4,9,1,21,2,21,20,4.4
10,3,1,21,2,21,19,5.9
3,9,1,21,3,21,20,3.6
6,7,1,21,3,21,18,4.4
10,3,2,21,3,21,20,5.9
10,4,1,21,3,21,17,4.3
1,10,1,21,4,21,20,5.2
3,5,1,21,4,21,14,5.7
3,10,1,21,4,21,21,6.0
4,10,1,21,4,21,18,4.2
10,3,1,21,4,21,21,5.9
10,4,2,21,4,21,18,4.3
1,10,4,21,5,21,20,5.2
6,7,1,21,5,21,20,4.4
10,3,1,21,5,21,22,5.9
1,10,1,21,6,21,22,5.2
9,4,1,21,6,21,24,4.3
10,3,1,21,6,21,23,5.9
3,5,1,21,7,21,17,5.7
4,9,1,21,7,21,24,4.4
6,7,1,21,7,21,22,4.4
1,10,1,21,8,21,24,5.2
5,10,1,21,8,21,20,3.2
6,7,1,21,8,21,22,4.4
10,4,1,21,8,21,22,4.3
6,7,1,21,9,21,24,4.4
10,1,1,21,9,21,24,5.2
10,3,3,21,9,21,26,5.9
1,6,1,21,10,21,19,3.3
1,10,2,21,10,21,26,5.2
10,3,2,21,10,21,27,5.9
6,7,1,21,11,21,26,4.4
9,4,1,21,11,21,28,4.3
1,10,1,21,12,21,28,5.2
3,10,1,21,12,21,29,6.0
6,7,1,21,12,21,26,4.4
10,3,1,21,12,21,29,5.9
10,4,1,21,12,21,26,4.3
7,5,1,21,13,21,25,4.7
9,5,1,21,13,21,32,3.8
10,3,1,21,13,21,30,5.9
1,10,1,21,14,21,30,5.2
6,7,1,21,14,21,28,4.4
10,3,1,21,14,21,31,5.9
10,4,2,21,14,21,28,4.3
4,9,1,21,15,21,32,4.4
7,6,1,21,15,21,30,4.6
10,3,1,21,15,21,32,5.9
4,9,1,21,16,21,34,4.4
6,7,1,21,16,21,30,4.4
9,4,1,21,16,21,34,4.3
1,10,1,21,17,21,32,5.2
3,5,1,21,17,21,27,5.7
4,10,1,21,17,21,31,4.2
1,10,1,21,18,21,34,5.2
6,7,1,21,18,21,32,4.4
7,10,1,21,18,21,36,4.5
10,3,1,21,18,21,35,5.9
10,4,1,21,18,21,32,4.3
3,5,1,21,19,21,29,5.7
9,1,1,21,19,21,37,5.4
8,6,1,21,20,21,39,3.5
3,9,1,21,21,21,38,3.6
4,10,1,21,21,21,35,4.2
10,4,1,21,21,21,35,4.3
10,3,1,21,22,21,39,5.9
1,6,1,21,23,21,32,3.3
1,10,1,21,23,21,38,5.2
6,7,1,21,23,21,38,4.4
1,10,2,21,24,21,40,5.2
3,5,1,21,24,21,34,5.7
4,10,1,21,24,21,38,4.2
1,6,1,21,25,21,34,3.3
1,10,1,21,25,21,40,5.2
2,10,1,21,25,21,43,5.1
1,8,1,21,26,21,40,4.0
1,10,1,21,26,21,42,5.2
10,3,1,21,26,21,43,5.9
10,4,1,21,26,21,40,4.3
1,6,1,21,27,21,36,3.3
4,9,1,21,27,21,44,4.4
10,3,1,21,27,21,44,5.9
10,4,1,21,27,21,41,4.3
10,3,1,21,28,21,45,5.9
10,4,1,21,28,21,42,4.3
1,6,1,21,29,21,38,3.3
1,10,1,21,29,21,44,5.2
4,9,1,21,29,21,46,4.4
6,7,1,21,29,21,44,4.4
1,10,1,21,30,21,46,5.2
2,6,1,21,30,21,43,4.1
4,10,1,21,30,21,44,4.2
5,2,1,21,30,21,40,5.3
7,10,1,21,30,21,48,4.5
10,3,1,21,30,21,47,5.9
3,10,1,21,31,21,48,6.0
8,6,1,21,31,21,50,3.5
10,3,1,21,31,21,48,5.9
1,10,3,21,32,21,48,5.2
3,9,1,21,32,21,49,3.6
10,4,1,21,32,21,46,4.3
1,10,1,21,33,21,48,5.2
4,10,1,21,33,21,47,4.2
6,7,1,21,33,21,48,4.4
10,3,2,21,33,21,50,5.9
10,2,1,21,34,21,52,5.1
10,3,1,21,34,21,51,5.9
10,4,1,21,34,21,48,4.3
4,10,1,21,35,21,49,4.2
10,1,1,21,35,21,50,5.2
10,3,1,21,35,21,52,5.9
1,10,1,21,36,21,52,5.2
6,7,1,21,36,21,50,4.4
10,3,1,21,36,21,53,5.9
4,9,1,21,37,21,54,4.4
6,7,1,21,37,21,52,4.4
10,4,1,21,37,21,51,4.3
1,10,1,21,38,21,54,5.2
8,6,1,21,38,21,57,3.5
1,6,1,21,39,21,48,3.3
1,10,2,21,39,21,54,5.2
6,10,1,21,39,21,52,4.0
1,10,2,21,40,21,56,5.2
7,6,1,21,40,21,54,4.6
10,3,2,21,40,21,57,5.9
4,9,1,21,41,21,58,4.4
6,7,1,21,41,21,56,4.4
10,3,2,21,41,21,58,5.9
4,9,2,21,42,21,60,4.4
10,3,1,21,42,21,59,5.9
1,10,1,21,43,21,58,5.2
4,9,1,21,43,22,0,4.4
4,10,1,21,43,21,57,4.2
10,3,1,21,43,22,0,5.9
1,6,1,21,44,21,53,3.3
4,9,1,21,44,22,2,4.4
10,2,1,21,44,22,2,5.1
10,3,1,21,44,22,1,5.9
10,4,1,21,44,21,58,4.3
1,10,1,21,45,22,0,5.2
10,3,1,21,45,22,2,5.9
3,9,1,21,46,22,3,3.6
3,10,1,21,46,22,3,6.0
4,9,1,21,46,22,4,4.4
10,3,1,21,46,22,3,5.9
3,10,1,21,47,22,4,6.0
5,3,1,21,47,21,57,5.2
5,9,1,21,47,22,6,4.6
6,7,1,21,47,22,2,4.4
10,3,1,21,47,22,4,5.9
1,10,1,21,48,22,4,5.2
2,10,1,21,48,22,6,5.1
3,5,1,21,48,21,58,5.7
4,9,1,21,48,22,6,4.4
4,10,2,21,48,22,2,4.2
10,3,1,21,48,22,5,5.9
10,3,2,21,49,22,6,5.9
1,6,1,21,50,21,59,3.3
9,4,1,21,50,22,8,4.3
10,3,2,21,50,22,7,5.9
6,7,1,21,51,22,6,4.4
10,3,2,21,51,22,8,5.9
1,10,2,21,52,22,8,5.2
7,10,1,21,52,22,10,4.5
10,3,1,21,52,22,9,5.9
1,10,2,21,53,22,8,5.2
10,3,1,21,53,22,10,5.9
4,9,2,21,54,22,12,4.4
9,1,1,21,54,22,12,5.4
10,4,1,21,54,22,8,4.3
3,5,1,21,55,22,5,5.7
10,4,1,21,55,22,9,4.3
1,10,1,21,56,22,12,5.2
6,7,1,21,56,22,10,4.4
6,10,1,21,56,22,8,4.0
1,10,1,21,57,22,12,5.2
10,3,4,21,57,22,14,5.9
4,9,1,21,58,22,16,4.4
1,10,1,21,59,22,14,5.2
4,10,1,21,59,22,13,4.2
7,6,1,21,59,22,14,4.6
10,3,1,21,59,22,16,5.9
10,4,1,21,59,22,13,4.3
1,10,2,22,0,22,16,5.0
10,3,1,22,0,22,17,5.8
2,6,1,22,2,22,15,4.4
10,4,1,22,2,22,16,4.0
1,9,1,22,3,22,21,5.1
1,10,1,22,3,22,18,5.0
2,5,1,22,3,22,14,4.9
2,6,1,22,3,22,16,4.4
10,3,2,22,3,22,20,5.8
1,10,1,22,5,22,20,5.0
2,5,1,22,5,22,16,4.9
6,7,2,22,5,22,20,4.2
2,5,1,22,6,22,16,4.9
1,10,1,22,7,22,22,5.0
4,10,1,22,7,22,21,3.9
6,7,2,22,8,22,22,4.2
2,6,1,22,9,22,22,4.4
6,7,1,22,9,22,24,4.2
1,8,1,22,10,22,24,4.6
4,10,1,22,10,22,24,3.9
10,3,1,22,10,22,27,5.8
1,10,2,22,11,22,26,5.0
6,3,1,22,11,22,23,3.1
6,7,1,22,11,22,26,4.2
8,1,1,22,11,22,25,4.3
1,10,1,22,12,22,28,5.0
2,5,1,22,12,22,22,4.9
2,6,1,22,12,22,25,4.4
3,10,1,22,12,22,29,5.9
4,9,1,22,12,22,30,4.0
4,10,1,22,12,22,26,3.9
10,1,1,22,12,22,28,5.2
1,6,2,22,13,22,22,3.2
1,10,2,22,13,22,28,5.0
4,10,2,22,13,22,27,3.9
10,2,1,22,13,22,31,5.2
10,3,1,22,13,22,30,5.8
2,9,1,22,14,22,30,4.4
6,7,1,22,14,22,28,4.2
10,3,1,22,14,22,31,5.8
2,6,1,22,15,22,28,4.4
3,9,1,22,15,22,32,4.2
4,9,1,22,15,22,32,4.0
10,3,1,22,16,22,33,5.8
1,10,1,22,17,22,32,5.0
4,10,1,22,17,22,31,3.9
10,3,1,22,17,22,34,5.8
4,9,1,22,18,22,36,4.0
4,9,2,22,19,22,36,4.0
10,3,1,22,19,22,36,5.8
2,5,1,22,20,22,30,4.9
2,5,1,22,22,22,32,4.9
4,10,2,22,22,22,36,3.9
1,10,1,22,26,22,42,5.0
10,3,1,22,26,22,43,5.8
10,4,1,22,26,22,40,4.0
6,7,1,22,27,22,42,4.2
3,10,1,22,28,22,45,5.9
4,10,1,22,28,22,42,3.9
1,10,1,22,29,22,44,5.0
2,5,1,22,30,22,40,4.9
4,9,1,22,30,22,48,4.0
10,3,1,22,30,22,47,5.8
1,10,1,22,31,22,46,5.0
6,3,1,22,34,22,46,3.1
2,5,1,22,35,22,46,4.9
4,9,1,22,35,22,52,4.0
6,7,1,22,35,22,50,4.2
6,10,1,22,35,22,48,3.8
10,4,1,22,35,22,49,4.0
1,10,1,22,36,22,52,5.0
4,9,1,22,36,22,54,4.0
4,10,1,22,36,22,50,3.9
5,9,1,22,36,22,55,4.3
10,3,1,22,38,22,55,5.8
1,10,1,22,40,22,56,5.0
2,5,1,22,40,22,50,4.9
1,10,1,22,41,22,56,5.0
2,10,1,22,41,22,59,5.5
6,3,2,22,42,22,54,3.1
6,7,2,22,42,22,56,4.2
4,10,1,22,43,22,57,3.9
10,3,1,22,44,23,1,5.8
2,5,1,22,45,22,56,4.9
10,4,1,22,45,22,59,4.0
6,3,1,22,46,22,58,3.1
7,10,1,22,46,23,4,4.3
10,3,2,22,46,23,3,5.8
4,9,1,22,47,23,4,4.0
1,6,1,22,48,22,57,3.2
6,7,1,22,48,23,2,4.2
9,4,1,22,48,23,6,4.4
6,7,1,22,49,23,4,4.2
9,4,1,22,49,23,6,4.4
10,3,1,22,49,23,6,5.8
1,6,1,22,50,22,59,3.2
1,10,1,22,50,23,6,5.0
6,3,1,22,50,23,2,3.1
1,10,1,22,51,23,6,5.0
2,9,1,22,51,23,7,4.4
2,10,1,22,53,23,11,5.5
10,1,1,22,53,23,8,5.2
9,4,1,22,54,23,12,4.4
10,3,1,22,54,23,11,5.8
1,10,1,22,55,23,10,5.0
10,3,1,22,55,23,12,5.8
10,4,1,22,55,23,9,4.0
1,8,1,22,56,23,10,4.6
4,10,1,22,56,23,10,3.9
10,3,1,22,56,23,13,5.8
10,4,1,22,56,23,10,4.0
10,3,1,22,57,23,14,5.8
1,10,1,22,58,23,14,5.0
4,9,1,22,58,23,16,4.0
1,10,1,22,59,23,14,5.0
2,5,1,22,59,23,10,4.9
6,7,1,22,59,23,14,4.2
10,3,1,22,59,23,16,5.8
8,6,1,23,2,23,21,3.4
3,9,1,23,3,23,20,3.8
10,4,1,23,3,23,17,4.0
10,4,1,23,4,23,18,4.0
1,8,1,23,5,23,19,4.2
1,10,1,23,5,23,20,5.3
3,6,1,23,5,23,17,5.2
6,7,1,23,6,23,20,3.9
1,10,1,23,9,23,24,5.3
4,10,1,23,9,23,23,4.1
4,9,1,23,11,23,28,3.9
10,3,1,23,12,23,29,5.5
4,9,1,23,13,23,30,3.9
3,6,1,23,14,23,26,5.2
3,6,1,23,16,23,28,5.2
3,10,1,23,17,23,34,6.2
10,3,1,23,17,23,34,5.5
1,10,1,23,20,23,36,5.3
3,5,1,23,22,23,32,4.6
4,9,1,23,22,23,40,3.9
10,4,1,23,24,23,38,4.0
4,9,1,23,31,23,48,3.9
2,9,1,23,34,23,50,4.1
8,6,1,23,34,23,53,3.4
4,9,1,23,35,23,52,3.9
1,10,1,23,37,23,52,5.3
10,3,2,23,37,23,54,5.5
3,10,1,23,39,23,56,6.2
10,3,1,23,40,23,57,5.5
1,10,1,23,42,23,58,5.3
10,3,1,23,43,0,0,5.5
8,10,1,23,44,0,3,4.8
10,6,1,23,46,23,58,5.0
4,10,1,23,47,0,1,4.1
10,3,1,23,48,0,5,5.5
1,10,1,23,49,0,4,5.3
10,3,2,23,49,0,6,5.5
1,10,1,23,51,0,6,5.3
3,9,1,23,51,0,8,3.8
3,10,1,23,51,0,8,6.2
4,9,1,23,53,0,10,3.9
10,3,1,23,56,0,13,5.5
8,6,1,23,58,0,17,3.4
