vehicle_id,sequence,event,from_node,to_node,physical_from_node,physical_to_node,start_time,end_time,start_time_hhmm,end_time_hhmm,duration_min,travel_time,travel_distance_km,charging_time,charged_range_km,remaining_range_before,remaining_range_after,onboard_passengers,related_batch_id,movement_type,from_event,to_event
0,0,Stay,1,1,1,1,0,250,05:40,09:50,250,0,0.0,250,0.0,160.0,160.0,0,B120,parking_charging,Position,Movement
0,1,Movement,1,6,1,6,250,257,09:50,09:57,7,7,23.39,0,0.0,160.0,136.61,0,B120,empty_repositioning,Position,Pickup
0,2,Pickup,6,6,6,6,257,260,09:57,10:00,3,0,0.0,2,8.534,136.61,145.144,2,B120,pickup_service,Pickup,Pickup
0,3,Stay,6,6,6,6,260,264,10:00,10:04,4,0,0.0,4,14.856,145.144,160.0,2,B120,parking_charging,Position,Movement
0,4,Movement,6,7,6,7,264,276,10:04,10:16,12,12,43.48,0,0.0,160.0,116.52,2,B120,passenger_flight,Position,Delivery
0,5,Delivery,7,7,7,7,276,279,10:16,10:19,3,0,0.0,2,8.534,116.52,125.054,0,B120,delivery_service,Delivery,Delivery
0,6,Stay,7,7,7,7,279,287,10:19,10:27,8,0,0.0,8,34.136,125.054,159.19,0,B162,parking_charging,Position,Pickup
0,7,Pickup,7,7,7,7,287,290,10:27,10:30,3,0,0.0,2,0.81,159.19,160.0,1,B162,pickup_service,Pickup,Pickup
0,8,Pickup,7,7,7,7,290,293,10:30,10:33,3,0,0.0,2,0.0,160.0,160.0,2,B168,pickup_service,Pickup,Pickup
0,9,Movement,7,4,7,4,293,300,10:33,10:40,7,7,21.43,0,0.0,160.0,138.57,2,B162,passenger_flight,Position,Delivery
0,10,Delivery,4,4,4,4,300,303,10:40,10:43,3,0,0.0,2,8.534,138.57,147.104,1,B162,delivery_service,Delivery,Delivery
0,11,Delivery,4,4,4,4,303,306,10:43,10:46,3,0,0.0,2,8.534,147.104,155.638,0,B168,delivery_service,Delivery,Delivery
0,12,Pickup,4,4,4,4,306,309,10:46,10:49,3,0,0.0,2,4.362,155.638,160.0,1,B184,pickup_service,Pickup,Pickup
0,13,Movement,4,2,4,2,309,315,10:49,10:55,6,6,16.13,0,0.0,160.0,143.87,1,B184,passenger_flight,Position,Delivery
0,14,Delivery,2,2,2,2,315,318,10:55,10:58,3,0,0.0,2,8.534,143.87,152.404,0,B184,delivery_service,Delivery,Delivery
0,15,Stay,2,2,2,2,318,326,10:58,11:06,8,0,0.0,8,7.596,152.404,160.0,0,B205,parking_charging,Position,Pickup
0,16,Pickup,2,2,2,2,326,329,11:06,11:09,3,0,0.0,2,0.0,160.0,160.0,1,B205,pickup_service,Pickup,Pickup
0,17,Movement,2,4,2,4,329,335,11:09,11:15,6,6,16.13,0,0.0,160.0,143.87,1,B205,passenger_flight,Position,Delivery
0,18,Delivery,4,4,4,4,335,338,11:15,11:18,3,0,0.0,2,8.534,143.87,152.404,0,B205,delivery_service,Delivery,Delivery
0,19,Stay,4,4,4,4,338,360,11:18,11:40,22,0,0.0,22,7.596,152.404,160.0,0,B232,parking_charging,Position,Pickup
0,20,Pickup,4,4,4,4,360,363,11:40,11:43,3,0,0.0,2,0.0,160.0,160.0,1,B232,pickup_service,Pickup,Pickup
0,21,Movement,4,2,4,2,363,369,11:43,11:49,6,6,16.13,0,0.0,160.0,143.87,1,B232,passenger_flight,Position,Delivery
0,22,Delivery,2,2,2,2,369,372,11:49,11:52,3,0,0.0,2,8.534,143.87,152.404,0,B232,delivery_service,Delivery,Delivery
0,23,Stay,2,2,2,2,372,380,11:52,12:00,8,0,0.0,8,7.596,152.404,160.0,0,B252,parking_charging,Position,Pickup
0,24,Pickup,2,2,2,2,380,383,12:00,12:03,3,0,0.0,2,0.0,160.0,160.0,1,B252,pickup_service,Pickup,Pickup
0,25,Movement,2,4,2,4,383,389,12:03,12:09,6,6,16.13,0,0.0,160.0,143.87,1,B252,passenger_flight,Position,Delivery
0,26,Delivery,4,4,4,4,389,392,12:09,12:12,3,0,0.0,2,8.534,143.87,152.404,0,B252,delivery_service,Delivery,Delivery
0,27,Stay,4,4,4,4,392,407,12:12,12:27,15,0,0.0,15,7.596,152.404,160.0,0,B262,parking_charging,Position,Pickup
0,28,Pickup,4,4,4,4,407,410,12:27,12:30,3,0,0.0,2,0.0,160.0,160.0,1,B262,pickup_service,Pickup,Pickup
0,29,Movement,4,2,4,2,410,416,12:30,12:36,6,6,16.13,0,0.0,160.0,143.87,1,B262,passenger_flight,Position,Delivery
0,30,Delivery,2,2,2,2,416,419,12:36,12:39,3,0,0.0,2,8.534,143.87,152.404,0,B262,delivery_service,Delivery,Delivery
0,31,Stay,2,2,2,2,419,582,12:39,15:22,163,0,0.0,163,7.596,152.404,160.0,0,B372,parking_charging,Position,Pickup
0,32,Pickup,2,2,2,2,582,585,15:22,15:25,3,0,0.0,2,0.0,160.0,160.0,1,B372,pickup_service,Pickup,Pickup
0,33,Movement,2,4,2,4,585,591,15:25,15:31,6,6,16.13,0,0.0,160.0,143.87,1,B372,passenger_flight,Position,Delivery
0,34,Delivery,4,4,4,4,591,594,15:31,15:34,3,0,0.0,2,8.534,143.87,152.404,0,B372,delivery_service,Delivery,Delivery
0,35,Stay,4,4,4,4,594,601,15:34,15:41,7,0,0.0,7,7.596,152.404,160.0,0,B389,parking_charging,Position,Pickup
0,36,Pickup,4,4,4,4,601,604,15:41,15:44,3,0,0.0,2,0.0,160.0,160.0,1,B389,pickup_service,Pickup,Pickup
0,37,Movement,4,2,4,2,604,610,15:44,15:50,6,6,16.13,0,0.0,160.0,143.87,1,B389,passenger_flight,Position,Delivery
0,38,Delivery,2,2,2,2,610,613,15:50,15:53,3,0,0.0,2,8.534,143.87,152.404,0,B389,delivery_service,Delivery,Delivery
0,39,Stay,2,2,2,2,613,620,15:53,16:00,7,0,0.0,7,7.596,152.404,160.0,0,B399,parking_charging,Position,Pickup
0,40,Pickup,2,2,2,2,620,623,16:00,16:03,3,0,0.0,2,0.0,160.0,160.0,1,B399,pickup_service,Pickup,Pickup
0,41,Movement,2,4,2,4,623,629,16:03,16:09,6,6,16.13,0,0.0,160.0,143.87,1,B399,passenger_flight,Position,Delivery
0,42,Delivery,4,4,4,4,629,632,16:09,16:12,3,0,0.0,2,8.534,143.87,152.404,0,B399,delivery_service,Delivery,Delivery
0,43,Stay,4,4,4,4,632,669,16:12,16:49,37,0,0.0,37,7.596,152.404,160.0,0,B475,parking_charging,Position,Pickup
0,44,Pickup,4,4,4,4,669,672,16:49,16:52,3,0,0.0,2,0.0,160.0,160.0,2,B475,pickup_service,Pickup,Pickup
0,45,Movement,4,2,4,2,672,678,16:52,16:58,6,6,16.13,0,0.0,160.0,143.87,2,B475,passenger_flight,Position,Delivery
0,46,Delivery,2,2,2,2,678,681,16:58,17:01,3,0,0.0,2,8.534,143.87,152.404,0,B475,delivery_service,Delivery,Delivery
0,47,Pickup,2,2,2,2,681,684,17:01,17:04,3,0,0.0,2,7.596,152.404,160.0,1,B490,pickup_service,Pickup,Pickup
0,48,Movement,2,4,2,4,684,690,17:04,17:10,6,6,16.13,0,0.0,160.0,143.87,1,B490,passenger_flight,Position,Delivery
0,49,Delivery,4,4,4,4,690,693,17:10,17:13,3,0,0.0,2,8.534,143.87,152.404,0,B490,delivery_service,Delivery,Delivery
0,50,Stay,4,4,4,4,693,713,17:13,17:33,20,0,0.0,20,7.596,152.404,160.0,0,B594,parking_charging,Position,Pickup
0,51,Pickup,4,4,4,4,713,716,17:33,17:36,3,0,0.0,2,0.0,160.0,160.0,1,B594,pickup_service,Pickup,Pickup
0,52,Pickup,4,4,4,4,716,719,17:36,17:39,3,0,0.0,2,0.0,160.0,160.0,3,B602,pickup_service,Pickup,Pickup
0,53,Movement,4,2,4,2,719,725,17:39,17:45,6,6,16.13,0,0.0,160.0,143.87,3,B594,passenger_flight,Position,Delivery
0,54,Delivery,2,2,2,2,725,728,17:45,17:48,3,0,0.0,2,8.534,143.87,152.404,2,B594,delivery_service,Delivery,Delivery
0,55,Delivery,2,2,2,2,728,731,17:48,17:51,3,0,0.0,2,7.596,152.404,160.0,0,B602,delivery_service,Delivery,Delivery
0,56,Stay,2,2,2,2,731,746,17:51,18:06,15,0,0.0,15,0.0,160.0,160.0,0,B665,parking_charging,Position,Pickup
0,57,Pickup,2,2,2,2,746,749,18:06,18:09,3,0,0.0,2,0.0,160.0,160.0,1,B665,pickup_service,Pickup,Pickup
0,58,Pickup,2,2,2,2,749,752,18:09,18:12,3,0,0.0,2,0.0,160.0,160.0,2,B668,pickup_service,Pickup,Pickup
0,59,Movement,2,4,2,4,752,758,18:12,18:18,6,6,16.13,0,0.0,160.0,143.87,2,B665,passenger_flight,Position,Delivery
0,60,Delivery,4,4,4,4,758,761,18:18,18:21,3,0,0.0,2,8.534,143.87,152.404,1,B665,delivery_service,Delivery,Delivery
0,61,Delivery,4,4,4,4,761,764,18:21,18:24,3,0,0.0,2,7.596,152.404,160.0,0,B668,delivery_service,Delivery,Delivery
0,62,Pickup,4,4,4,4,764,767,18:24,18:27,3,0,0.0,2,0.0,160.0,160.0,2,B685,pickup_service,Pickup,Pickup
0,63,Pickup,4,4,4,4,767,770,18:27,18:30,3,0,0.0,2,0.0,160.0,160.0,3,B691,pickup_service,Pickup,Pickup
0,64,Movement,4,3,4,3,770,777,18:30,18:37,7,7,12.6,0,0.0,160.0,147.4,3,B685,passenger_flight,Position,Delivery
0,65,Delivery,3,3,3,3,777,780,18:37,18:40,3,0,0.0,2,8.534,147.4,155.934,1,B685,delivery_service,Delivery,Delivery
0,66,Delivery,3,3,3,3,780,783,18:40,18:43,3,0,0.0,2,4.066,155.934,160.0,0,B691,delivery_service,Delivery,Delivery
0,67,Movement,3,1,3,1,783,789,18:43,18:49,6,6,9.61,0,0.0,160.0,150.39,0,,return_to_depot,Position,Depot
1,0,Stay,2,2,2,2,0,120,05:40,07:40,120,0,0.0,120,0.0,160.0,160.0,0,B21,parking_charging,Position,Pickup
1,1,Pickup,2,2,2,2,120,123,07:40,07:43,3,0,0.0,2,0.0,160.0,160.0,1,B21,pickup_service,Pickup,Pickup
1,2,Movement,2,4,2,4,123,129,07:43,07:49,6,6,16.13,0,0.0,160.0,143.87,1,B21,passenger_flight,Position,Delivery
1,3,Delivery,4,4,4,4,129,132,07:49,07:52,3,0,0.0,2,8.534,143.87,152.404,0,B21,delivery_service,Delivery,Delivery
1,4,Stay,4,4,4,4,132,240,07:52,09:40,108,0,0.0,108,7.596,152.404,160.0,0,B110,parking_charging,Position,Pickup
1,5,Pickup,4,4,4,4,240,243,09:40,09:43,3,0,0.0,2,0.0,160.0,160.0,1,B110,pickup_service,Pickup,Pickup
1,6,Movement,4,2,4,2,243,249,09:43,09:49,6,6,16.13,0,0.0,160.0,143.87,1,B110,passenger_flight,Position,Delivery
1,7,Delivery,2,2,2,2,249,252,09:49,09:52,3,0,0.0,2,8.534,143.87,152.404,0,B110,delivery_service,Delivery,Delivery
1,8,Stay,2,2,2,2,252,262,09:52,10:02,10,0,0.0,10,7.596,152.404,160.0,0,B127,parking_charging,Position,Pickup
1,9,Pickup,2,2,2,2,262,265,10:02,10:05,3,0,0.0,2,0.0,160.0,160.0,1,B127,pickup_service,Pickup,Pickup
1,10,Pickup,2,2,2,2,265,268,10:05,10:08,3,0,0.0,2,0.0,160.0,160.0,2,B129,pickup_service,Pickup,Pickup
1,11,Movement,2,5,2,5,268,276,10:08,10:16,8,8,27.57,0,0.0,160.0,132.43,2,B127,passenger_flight,Position,Delivery
1,12,Delivery,5,5,5,5,276,279,10:16,10:19,3,0,0.0,2,8.534,132.43,140.964,1,B127,delivery_service,Delivery,Delivery
1,13,Delivery,5,5,5,5,279,282,10:19,10:22,3,0,0.0,2,8.534,140.964,149.498,0,B129,delivery_service,Delivery,Delivery
1,14,Stay,5,5,5,5,282,723,10:22,17:43,441,0,0.0,441,10.502,149.498,160.0,0,B621,parking_charging,Position,Pickup
1,15,Pickup,5,5,5,5,723,726,17:43,17:46,3,0,0.0,2,0.0,160.0,160.0,1,B621,pickup_service,Pickup,Pickup
1,16,Movement,5,2,5,2,726,734,17:46,17:54,8,8,27.57,0,0.0,160.0,132.43,1,B621,passenger_flight,Position,Delivery
1,17,Delivery,2,2,2,2,734,737,17:54,17:57,3,0,0.0,2,8.534,132.43,140.964,0,B621,delivery_service,Delivery,Delivery
1,18,Stay,2,2,2,2,737,761,17:57,18:21,24,0,0.0,24,19.036,140.964,160.0,0,B682,parking_charging,Position,Pickup
1,19,Pickup,2,2,2,2,761,764,18:21,18:24,3,0,0.0,2,0.0,160.0,160.0,1,B682,pickup_service,Pickup,Pickup
1,20,Pickup,2,2,2,2,764,767,18:24,18:27,3,0,0.0,2,0.0,160.0,160.0,2,B686,pickup_service,Pickup,Pickup
1,21,Movement,2,4,2,4,767,773,18:27,18:33,6,6,16.13,0,0.0,160.0,143.87,2,B682,passenger_flight,Position,Delivery
1,22,Delivery,4,4,4,4,773,776,18:33,18:36,3,0,0.0,2,8.534,143.87,152.404,1,B682,delivery_service,Delivery,Delivery
1,23,Delivery,4,4,4,4,776,779,18:36,18:39,3,0,0.0,2,7.596,152.404,160.0,0,B686,delivery_service,Delivery,Delivery
1,24,Stay,4,4,4,4,779,781,18:39,18:41,2,0,0.0,2,0.0,160.0,160.0,0,B718,parking_charging,Position,Pickup
1,25,Pickup,4,4,4,4,781,784,18:41,18:44,3,0,0.0,2,0.0,160.0,160.0,2,B718,pickup_service,Pickup,Pickup
1,26,Pickup,4,4,4,4,784,787,18:44,18:47,3,0,0.0,2,0.0,160.0,160.0,3,B722,pickup_service,Pickup,Pickup
1,27,Movement,4,3,4,3,787,794,18:47,18:54,7,7,12.6,0,0.0,160.0,147.4,3,B718,passenger_flight,Position,Delivery
1,28,Delivery,3,3,3,3,794,797,18:54,18:57,3,0,0.0,2,8.534,147.4,155.934,1,B718,delivery_service,Delivery,Delivery
1,29,Delivery,3,3,3,3,797,800,18:57,19:00,3,0,0.0,2,4.066,155.934,160.0,0,B722,delivery_service,Delivery,Delivery
1,30,Movement,3,2,3,2,800,803,19:00,19:03,3,3,4.08,0,0.0,160.0,155.92,0,,return_to_depot,Position,Depot
2,0,Stay,3,3,3,3,0,159,05:40,08:19,159,0,0.0,159,0.0,160.0,160.0,0,B44,parking_charging,Position,Pickup
2,1,Pickup,3,3,3,3,159,162,08:19,08:22,3,0,0.0,2,0.0,160.0,160.0,2,B44,pickup_service,Pickup,Pickup
2,2,Movement,3,1,3,1,162,168,08:22,08:28,6,6,9.61,0,0.0,160.0,150.39,2,B44,passenger_flight,Position,Delivery
2,3,Delivery,1,1,1,1,168,171,08:28,08:31,3,0,0.0,2,8.534,150.39,158.924,0,B44,delivery_service,Delivery,Delivery
2,4,Stay,1,1,1,1,171,300,08:31,10:40,129,0,0.0,129,1.076,158.924,160.0,0,B175,parking_charging,Position,Pickup
2,5,Pickup,1,1,1,1,300,303,10:40,10:43,3,0,0.0,2,0.0,160.0,160.0,1,B175,pickup_service,Pickup,Pickup
2,6,Movement,1,6,1,6,303,310,10:43,10:50,7,7,23.39,0,0.0,160.0,136.61,1,B175,passenger_flight,Position,Delivery
2,7,Delivery,6,6,6,6,310,313,10:50,10:53,3,0,0.0,2,8.534,136.61,145.144,0,B175,delivery_service,Delivery,Delivery
2,8,Stay,6,6,6,6,313,339,10:53,11:19,26,0,0.0,26,14.856,145.144,160.0,0,B219,parking_charging,Position,Pickup
2,9,Pickup,6,6,6,6,339,342,11:19,11:22,3,0,0.0,2,0.0,160.0,160.0,1,B219,pickup_service,Pickup,Pickup
2,10,Stay,6,6,6,6,342,345,11:22,11:25,3,0,0.0,3,0.0,160.0,160.0,1,B219,parking_charging,Position,Movement
2,11,Movement,6,7,6,7,345,357,11:25,11:37,12,12,43.48,0,0.0,160.0,116.52,1,B219,passenger_flight,Position,Delivery
2,12,Delivery,7,7,7,7,357,360,11:37,11:40,3,0,0.0,2,8.534,116.52,125.054,0,B219,delivery_service,Delivery,Delivery
2,13,Stay,7,7,7,7,360,540,11:40,14:40,180,0,0.0,180,34.946,125.054,160.0,0,B336,parking_charging,Position,Pickup
2,14,Pickup,7,7,7,7,540,543,14:40,14:43,3,0,0.0,2,0.0,160.0,160.0,1,B336,pickup_service,Pickup,Pickup
2,15,Pickup,7,7,7,7,543,546,14:43,14:46,3,0,0.0,2,0.0,160.0,160.0,2,B340,pickup_service,Pickup,Pickup
2,16,Movement,7,4,7,4,546,553,14:46,14:53,7,7,21.43,0,0.0,160.0,138.57,2,B336,passenger_flight,Position,Delivery
2,17,Delivery,4,4,4,4,553,556,14:53,14:56,3,0,0.0,2,8.534,138.57,147.104,1,B336,delivery_service,Delivery,Delivery
2,18,Delivery,4,4,4,4,556,559,14:56,14:59,3,0,0.0,2,8.534,147.104,155.638,0,B340,delivery_service,Delivery,Delivery
2,19,Stay,4,4,4,4,559,567,14:59,15:07,8,0,0.0,8,4.362,155.638,160.0,0,B363,parking_charging,Position,Pickup
2,20,Pickup,4,4,4,4,567,570,15:07,15:10,3,0,0.0,2,0.0,160.0,160.0,1,B363,pickup_service,Pickup,Pickup
2,21,Movement,4,2,4,2,570,576,15:10,15:16,6,6,16.13,0,0.0,160.0,143.87,1,B363,passenger_flight,Position,Delivery
2,22,Delivery,2,2,2,2,576,579,15:16,15:19,3,0,0.0,2,8.534,143.87,152.404,0,B363,delivery_service,Delivery,Delivery
2,23,Stay,2,2,2,2,579,583,15:19,15:23,4,0,0.0,4,7.596,152.404,160.0,0,B375,parking_charging,Position,Pickup
2,24,Pickup,2,2,2,2,583,586,15:23,15:26,3,0,0.0,2,0.0,160.0,160.0,1,B375,pickup_service,Pickup,Pickup
2,25,Pickup,2,2,2,2,586,589,15:26,15:29,3,0,0.0,2,0.0,160.0,160.0,2,B376,pickup_service,Pickup,Pickup
2,26,Movement,2,5,2,5,589,597,15:29,15:37,8,8,27.57,0,0.0,160.0,132.43,2,B375,passenger_flight,Position,Delivery
2,27,Delivery,5,5,5,5,597,600,15:37,15:40,3,0,0.0,2,8.534,132.43,140.964,1,B375,delivery_service,Delivery,Delivery
2,28,Delivery,5,5,5,5,600,603,15:40,15:43,3,0,0.0,2,8.534,140.964,149.498,0,B376,delivery_service,Delivery,Delivery
2,29,Movement,5,3,5,3,603,611,15:43,15:51,8,8,23.93,0,0.0,149.498,125.568,0,,return_to_depot,Position,Depot
3,0,Stay,4,4,4,4,0,267,05:40,10:07,267,0,0.0,267,0.0,160.0,160.0,0,B131,parking_charging,Position,Pickup
3,1,Pickup,4,4,4,4,267,270,10:07,10:10,3,0,0.0,2,0.0,160.0,160.0,1,B131,pickup_service,Pickup,Pickup
3,2,Pickup,4,4,4,4,270,273,10:10,10:13,3,0,0.0,2,0.0,160.0,160.0,2,B133,pickup_service,Pickup,Pickup
3,3,Movement,4,2,4,2,273,279,10:13,10:19,6,6,16.13,0,0.0,160.0,143.87,2,B131,passenger_flight,Position,Delivery
3,4,Delivery,2,2,2,2,279,282,10:19,10:22,3,0,0.0,2,8.534,143.87,152.404,1,B131,delivery_service,Delivery,Delivery
3,5,Delivery,2,2,2,2,282,285,10:22,10:25,3,0,0.0,2,7.596,152.404,160.0,0,B133,delivery_service,Delivery,Delivery
3,6,Stay,2,2,2,2,285,310,10:25,10:50,25,0,0.0,25,0.0,160.0,160.0,0,B190,parking_charging,Position,Pickup
3,7,Pickup,2,2,2,2,310,313,10:50,10:53,3,0,0.0,2,0.0,160.0,160.0,1,B190,pickup_service,Pickup,Pickup
3,8,Movement,2,4,2,4,313,319,10:53,10:59,6,6,16.13,0,0.0,160.0,143.87,1,B190,passenger_flight,Position,Delivery
3,9,Delivery,4,4,4,4,319,322,10:59,11:02,3,0,0.0,2,8.534,143.87,152.404,0,B190,delivery_service,Delivery,Delivery
3,10,Stay,4,4,4,4,322,324,11:02,11:04,2,0,0.0,2,7.596,152.404,160.0,0,B200,parking_charging,Position,Pickup
3,11,Pickup,4,4,4,4,324,327,11:04,11:07,3,0,0.0,2,0.0,160.0,160.0,1,B200,pickup_service,Pickup,Pickup
3,12,Pickup,4,4,4,4,327,330,11:07,11:10,3,0,0.0,2,0.0,160.0,160.0,2,B206,pickup_service,Pickup,Pickup
3,13,Movement,4,2,4,2,330,336,11:10,11:16,6,6,16.13,0,0.0,160.0,143.87,2,B200,passenger_flight,Position,Delivery
3,14,Delivery,2,2,2,2,336,339,11:16,11:19,3,0,0.0,2,8.534,143.87,152.404,1,B200,delivery_service,Delivery,Delivery
3,15,Delivery,2,2,2,2,339,342,11:19,11:22,3,0,0.0,2,7.596,152.404,160.0,0,B206,delivery_service,Delivery,Delivery
3,16,Stay,2,2,2,2,342,360,11:22,11:40,18,0,0.0,18,0.0,160.0,160.0,0,B230,parking_charging,Position,Pickup
3,17,Pickup,2,2,2,2,360,363,11:40,11:43,3,0,0.0,2,0.0,160.0,160.0,1,B230,pickup_service,Pickup,Pickup
3,18,Movement,2,1,2,1,363,370,11:43,11:50,7,7,13.61,0,0.0,160.0,146.39,1,B230,passenger_flight,Position,Delivery
3,19,Delivery,1,1,1,1,370,373,11:50,11:53,3,0,0.0,2,8.534,146.39,154.924,0,B230,delivery_service,Delivery,Delivery
3,20,Stay,1,1,1,1,373,646,11:53,16:26,273,0,0.0,273,5.076,154.924,160.0,0,B429,parking_charging,Position,Pickup
3,21,Pickup,1,1,1,1,646,649,16:26,16:29,3,0,0.0,2,0.0,160.0,160.0,1,B429,pickup_service,Pickup,Pickup
3,22,Movement,1,3,1,3,649,655,16:29,16:35,6,6,9.61,0,0.0,160.0,150.39,1,B429,passenger_flight,Position,Delivery
3,23,Delivery,3,3,3,3,655,658,16:35,16:38,3,0,0.0,2,8.534,150.39,158.924,0,B429,delivery_service,Delivery,Delivery
3,24,Stay,3,3,3,3,658,689,16:38,17:09,31,0,0.0,31,1.076,158.924,160.0,0,B524,parking_charging,Position,Pickup
3,25,Pickup,3,3,3,3,689,692,17:09,17:12,3,0,0.0,2,0.0,160.0,160.0,1,B524,pickup_service,Pickup,Pickup
3,26,Pickup,3,3,3,3,692,695,17:12,17:15,3,0,0.0,2,0.0,160.0,160.0,3,B526,pickup_service,Pickup,Pickup
3,27,Movement,3,4,3,4,695,702,17:15,17:22,7,7,12.6,0,0.0,160.0,147.4,3,B524,passenger_flight,Position,Delivery
3,28,Delivery,4,4,4,4,702,705,17:22,17:25,3,0,0.0,2,8.534,147.4,155.934,2,B524,delivery_service,Delivery,Delivery
3,29,Delivery,4,4,4,4,705,708,17:25,17:28,3,0,0.0,2,4.066,155.934,160.0,0,B526,delivery_service,Delivery,Delivery
3,30,Stay,4,4,4,4,708,709,17:28,17:29,1,0,0.0,1,0.0,160.0,160.0,0,B579,parking_charging,Position,Pickup
3,31,Pickup,4,4,4,4,709,712,17:29,17:32,3,0,0.0,2,0.0,160.0,160.0,1,B579,pickup_service,Pickup,Pickup
3,32,Movement,4,2,4,2,712,718,17:32,17:38,6,6,16.13,0,0.0,160.0,143.87,1,B579,passenger_flight,Position,Delivery
3,33,Delivery,2,2,2,2,718,721,17:38,17:41,3,0,0.0,2,8.534,143.87,152.404,0,B579,delivery_service,Delivery,Delivery
3,34,Pickup,2,2,2,2,721,724,17:41,17:44,3,0,0.0,2,7.596,152.404,160.0,2,B615,pickup_service,Pickup,Pickup
3,35,Movement,2,5,2,5,724,732,17:44,17:52,8,8,27.57,0,0.0,160.0,132.43,2,B615,passenger_flight,Position,Delivery
3,36,Delivery,5,5,5,5,732,735,17:52,17:55,3,0,0.0,2,8.534,132.43,140.964,0,B615,delivery_service,Delivery,Delivery
3,37,Movement,5,4,5,4,735,741,17:55,18:01,6,6,11.45,0,0.0,140.964,129.514,0,,return_to_depot,Position,Depot
4,0,Stay,5,5,5,5,0,158,05:40,08:18,158,0,0.0,158,0.0,160.0,160.0,0,B43,parking_charging,Position,Pickup
4,1,Pickup,5,5,5,5,158,161,08:18,08:21,3,0,0.0,2,0.0,160.0,160.0,1,B43,pickup_service,Pickup,Pickup
4,2,Stay,5,5,5,5,161,164,08:21,08:24,3,0,0.0,3,0.0,160.0,160.0,1,B43,parking_charging,Position,Movement
4,3,Movement,5,3,5,3,164,172,08:24,08:32,8,8,23.93,0,0.0,160.0,136.07,1,B43,passenger_flight,Position,Delivery
4,4,Delivery,3,3,3,3,172,175,08:32,08:35,3,0,0.0,2,8.534,136.07,144.604,0,B43,delivery_service,Delivery,Delivery
4,5,Stay,3,3,3,3,175,180,08:35,08:40,5,0,0.0,5,15.396,144.604,160.0,0,B67,parking_charging,Position,Pickup
4,6,Pickup,3,3,3,3,180,183,08:40,08:43,3,0,0.0,2,0.0,160.0,160.0,1,B67,pickup_service,Pickup,Pickup
4,7,Movement,3,4,3,4,183,190,08:43,08:50,7,7,12.6,0,0.0,160.0,147.4,1,B67,passenger_flight,Position,Delivery
4,8,Delivery,4,4,4,4,190,193,08:50,08:53,3,0,0.0,2,8.534,147.4,155.934,0,B67,delivery_service,Delivery,Delivery
4,9,Stay,4,4,4,4,193,271,08:53,10:11,78,0,0.0,78,4.066,155.934,160.0,0,B137,parking_charging,Position,Pickup
4,10,Pickup,4,4,4,4,271,274,10:11,10:14,3,0,0.0,2,0.0,160.0,160.0,1,B137,pickup_service,Pickup,Pickup
4,11,Stay,4,4,4,4,274,275,10:14,10:15,1,0,0.0,1,0.0,160.0,160.0,1,B147,parking_charging,Position,Pickup
4,12,Pickup,4,4,4,4,275,278,10:15,10:18,3,0,0.0,2,0.0,160.0,160.0,2,B147,pickup_service,Pickup,Pickup
4,13,Movement,4,2,4,2,278,284,10:18,10:24,6,6,16.13,0,0.0,160.0,143.87,2,B137,passenger_flight,Position,Delivery
4,14,Delivery,2,2,2,2,284,287,10:24,10:27,3,0,0.0,2,8.534,143.87,152.404,1,B137,delivery_service,Delivery,Delivery
4,15,Delivery,2,2,2,2,287,290,10:27,10:30,3,0,0.0,2,7.596,152.404,160.0,0,B147,delivery_service,Delivery,Delivery
4,16,Stay,2,2,2,2,290,627,10:30,16:07,337,0,0.0,337,0.0,160.0,160.0,0,B406,parking_charging,Position,Pickup
4,17,Pickup,2,2,2,2,627,630,16:07,16:10,3,0,0.0,2,0.0,160.0,160.0,1,B406,pickup_service,Pickup,Pickup
4,18,Movement,2,4,2,4,630,636,16:10,16:16,6,6,16.13,0,0.0,160.0,143.87,1,B406,passenger_flight,Position,Delivery
4,19,Delivery,4,4,4,4,636,639,16:16,16:19,3,0,0.0,2,8.534,143.87,152.404,0,B406,delivery_service,Delivery,Delivery
4,20,Stay,4,4,4,4,639,640,16:19,16:20,1,0,0.0,1,4.267,152.404,156.671,0,B421,parking_charging,Position,Pickup
4,21,Pickup,4,4,4,4,640,643,16:20,16:23,3,0,0.0,2,3.329,156.671,160.0,1,B421,pickup_service,Pickup,Pickup
4,22,Movement,4,2,4,2,643,649,16:23,16:29,6,6,16.13,0,0.0,160.0,143.87,1,B421,passenger_flight,Position,Delivery
4,23,Delivery,2,2,2,2,649,652,16:29,16:32,3,0,0.0,2,8.534,143.87,152.404,0,B421,delivery_service,Delivery,Delivery
4,24,Stay,2,2,2,2,652,670,16:32,16:50,18,0,0.0,18,7.596,152.404,160.0,0,B477,parking_charging,Position,Pickup
4,25,Pickup,2,2,2,2,670,673,16:50,16:53,3,0,0.0,2,0.0,160.0,160.0,1,B477,pickup_service,Pickup,Pickup
4,26,Movement,2,4,2,4,673,679,16:53,16:59,6,6,16.13,0,0.0,160.0,143.87,1,B477,passenger_flight,Position,Delivery
4,27,Delivery,4,4,4,4,679,682,16:59,17:02,3,0,0.0,2,8.534,143.87,152.404,0,B477,delivery_service,Delivery,Delivery
4,28,Stay,4,4,4,4,682,683,17:02,17:03,1,0,0.0,1,4.267,152.404,156.671,0,B500,parking_charging,Position,Pickup
4,29,Pickup,4,4,4,4,683,686,17:03,17:06,3,0,0.0,2,3.329,156.671,160.0,2,B500,pickup_service,Pickup,Pickup
4,30,Movement,4,3,4,3,686,693,17:06,17:13,7,7,12.6,0,0.0,160.0,147.4,2,B500,passenger_flight,Position,Delivery
4,31,Delivery,3,3,3,3,693,696,17:13,17:16,3,0,0.0,2,8.534,147.4,155.934,0,B500,delivery_service,Delivery,Delivery
4,32,Stay,3,3,3,3,696,704,17:16,17:24,8,0,0.0,8,4.066,155.934,160.0,0,B560,parking_charging,Position,Pickup
4,33,Pickup,3,3,3,3,704,707,17:24,17:27,3,0,0.0,2,0.0,160.0,160.0,2,B560,pickup_service,Pickup,Pickup
4,34,Stay,3,3,3,3,707,709,17:27,17:29,2,0,0.0,2,0.0,160.0,160.0,2,B578,parking_charging,Position,Pickup
4,35,Pickup,3,3,3,3,709,712,17:29,17:32,3,0,0.0,2,0.0,160.0,160.0,4,B578,pickup_service,Pickup,Pickup
4,36,Movement,3,5,3,5,712,720,17:32,17:40,8,8,23.93,0,0.0,160.0,136.07,4,B560,passenger_flight,Position,Delivery
4,37,Delivery,5,5,5,5,720,723,17:40,17:43,3,0,0.0,2,8.534,136.07,144.604,2,B560,delivery_service,Delivery,Delivery
4,38,Delivery,5,5,5,5,723,726,17:43,17:46,3,0,0.0,2,8.534,144.604,153.138,0,B578,delivery_service,Delivery,Delivery
5,0,Stay,6,6,6,6,0,100,05:40,07:20,100,0,0.0,100,0.0,160.0,160.0,0,B14,parking_charging,Position,Pickup
5,1,Pickup,6,6,6,6,100,103,07:20,07:23,3,0,0.0,2,0.0,160.0,160.0,1,B14,pickup_service,Pickup,Pickup
5,2,Movement,6,1,6,1,103,110,07:23,07:30,7,7,23.39,0,0.0,160.0,136.61,1,B14,passenger_flight,Position,Delivery
5,3,Delivery,1,1,1,1,110,113,07:30,07:33,3,0,0.0,2,8.534,136.61,145.144,0,B14,delivery_service,Delivery,Delivery
5,4,Stay,1,1,1,1,113,360,07:33,11:40,247,0,0.0,247,14.856,145.144,160.0,0,B231,parking_charging,Position,Pickup
5,5,Pickup,1,1,1,1,360,363,11:40,11:43,3,0,0.0,2,0.0,160.0,160.0,1,B231,pickup_service,Pickup,Pickup
5,6,Movement,1,3,1,3,363,369,11:43,11:49,6,6,9.61,0,0.0,160.0,150.39,1,B231,passenger_flight,Position,Delivery
5,7,Delivery,3,3,3,3,369,372,11:49,11:52,3,0,0.0,2,8.534,150.39,158.924,0,B231,delivery_service,Delivery,Delivery
5,8,Stay,3,3,3,3,372,541,11:52,14:41,169,0,0.0,169,1.076,158.924,160.0,0,B338,parking_charging,Position,Pickup
5,9,Pickup,3,3,3,3,541,544,14:41,14:44,3,0,0.0,2,0.0,160.0,160.0,1,B338,pickup_service,Pickup,Pickup
5,10,Movement,3,4,3,4,544,551,14:44,14:51,7,7,12.6,0,0.0,160.0,147.4,1,B338,passenger_flight,Position,Delivery
5,11,Delivery,4,4,4,4,551,554,14:51,14:54,3,0,0.0,2,8.534,147.4,155.934,0,B338,delivery_service,Delivery,Delivery
5,12,Stay,4,4,4,4,554,576,14:54,15:16,22,0,0.0,22,4.066,155.934,160.0,0,B368,parking_charging,Position,Pickup
5,13,Pickup,4,4,4,4,576,579,15:16,15:19,3,0,0.0,2,0.0,160.0,160.0,1,B368,pickup_service,Pickup,Pickup
5,14,Pickup,4,4,4,4,579,582,15:19,15:22,3,0,0.0,2,0.0,160.0,160.0,2,B371,pickup_service,Pickup,Pickup
5,15,Movement,4,2,4,2,582,588,15:22,15:28,6,6,16.13,0,0.0,160.0,143.87,2,B368,passenger_flight,Position,Delivery
5,16,Delivery,2,2,2,2,588,591,15:28,15:31,3,0,0.0,2,8.534,143.87,152.404,1,B368,delivery_service,Delivery,Delivery
5,17,Delivery,2,2,2,2,591,594,15:31,15:34,3,0,0.0,2,7.596,152.404,160.0,0,B371,delivery_service,Delivery,Delivery
5,18,Stay,2,2,2,2,594,648,15:34,16:28,54,0,0.0,54,0.0,160.0,160.0,0,B431,parking_charging,Position,Pickup
5,19,Pickup,2,2,2,2,648,651,16:28,16:31,3,0,0.0,2,0.0,160.0,160.0,1,B431,pickup_service,Pickup,Pickup
5,20,Movement,2,4,2,4,651,657,16:31,16:37,6,6,16.13,0,0.0,160.0,143.87,1,B431,passenger_flight,Position,Delivery
5,21,Delivery,4,4,4,4,657,660,16:37,16:40,3,0,0.0,2,8.534,143.87,152.404,0,B431,delivery_service,Delivery,Delivery
5,22,Stay,4,4,4,4,660,685,16:40,17:05,25,0,0.0,25,7.596,152.404,160.0,0,B511,parking_charging,Position,Pickup
5,23,Pickup,4,4,4,4,685,688,17:05,17:08,3,0,0.0,2,0.0,160.0,160.0,1,B511,pickup_service,Pickup,Pickup
5,24,Movement,4,2,4,2,688,694,17:08,17:14,6,6,16.13,0,0.0,160.0,143.87,1,B511,passenger_flight,Position,Delivery
5,25,Delivery,2,2,2,2,694,697,17:14,17:17,3,0,0.0,2,8.534,143.87,152.404,0,B511,delivery_service,Delivery,Delivery
5,26,Stay,2,2,2,2,697,715,17:17,17:35,18,0,0.0,18,7.596,152.404,160.0,0,B599,parking_charging,Position,Pickup
5,27,Pickup,2,2,2,2,715,718,17:35,17:38,3,0,0.0,2,0.0,160.0,160.0,1,B599,pickup_service,Pickup,Pickup
5,28,Stay,2,2,2,2,718,724,17:38,17:44,6,0,0.0,6,0.0,160.0,160.0,1,B599,parking_charging,Position,Movement
5,29,Movement,2,5,2,5,724,732,17:44,17:52,8,8,27.57,0,0.0,160.0,132.43,1,B599,passenger_flight,Position,Delivery
5,30,Delivery,5,5,5,5,732,735,17:52,17:55,3,0,0.0,2,8.534,132.43,140.964,0,B599,delivery_service,Delivery,Delivery
5,31,Movement,5,6,5,6,735,742,17:55,18:02,7,7,12.76,0,0.0,140.964,128.204,0,,return_to_depot,Position,Depot
6,0,Stay,7,7,7,7,0,184,05:40,08:44,184,0,0.0,184,0.0,160.0,160.0,0,B73,parking_charging,Position,Pickup
6,1,Pickup,7,7,7,7,184,187,08:44,08:47,3,0,0.0,2,0.0,160.0,160.0,1,B73,pickup_service,Pickup,Pickup
6,2,Pickup,7,7,7,7,187,190,08:47,08:50,3,0,0.0,2,0.0,160.0,160.0,2,B78,pickup_service,Pickup,Pickup
6,3,Movement,7,4,7,4,190,197,08:50,08:57,7,7,21.43,0,0.0,160.0,138.57,2,B73,passenger_flight,Position,Delivery
6,4,Delivery,4,4,4,4,197,200,08:57,09:00,3,0,0.0,2,8.534,138.57,147.104,1,B73,delivery_service,Delivery,Delivery
6,5,Delivery,4,4,4,4,200,203,09:00,09:03,3,0,0.0,2,8.534,147.104,155.638,0,B78,delivery_service,Delivery,Delivery
6,6,Stay,4,4,4,4,203,272,09:03,10:12,69,0,0.0,69,4.362,155.638,160.0,0,B140,parking_charging,Position,Pickup
6,7,Pickup,4,4,4,4,272,275,10:12,10:15,3,0,0.0,2,0.0,160.0,160.0,1,B140,pickup_service,Pickup,Pickup
6,8,Pickup,4,4,4,4,275,278,10:15,10:18,3,0,0.0,2,0.0,160.0,160.0,2,B143,pickup_service,Pickup,Pickup
6,9,Movement,4,3,4,3,278,285,10:18,10:25,7,7,12.6,0,0.0,160.0,147.4,2,B140,passenger_flight,Position,Delivery
6,10,Delivery,3,3,3,3,285,288,10:25,10:28,3,0,0.0,2,8.534,147.4,155.934,1,B140,delivery_service,Delivery,Delivery
6,11,Delivery,3,3,3,3,288,291,10:28,10:31,3,0,0.0,2,4.066,155.934,160.0,0,B143,delivery_service,Delivery,Delivery
6,12,Stay,3,3,3,3,291,301,10:31,10:41,10,0,0.0,10,0.0,160.0,160.0,0,B179,parking_charging,Position,Pickup
6,13,Pickup,3,3,3,3,301,304,10:41,10:44,3,0,0.0,2,0.0,160.0,160.0,1,B179,pickup_service,Pickup,Pickup
6,14,Movement,3,1,3,1,304,310,10:44,10:50,6,6,9.61,0,0.0,160.0,150.39,1,B179,passenger_flight,Position,Delivery
6,15,Delivery,1,1,1,1,310,313,10:50,10:53,3,0,0.0,2,8.534,150.39,158.924,0,B179,delivery_service,Delivery,Delivery
6,16,Stay,1,1,1,1,313,680,10:53,17:00,367,0,0.0,367,1.076,158.924,160.0,0,B487,parking_charging,Position,Pickup
6,17,Pickup,1,1,1,1,680,683,17:00,17:03,3,0,0.0,2,0.0,160.0,160.0,1,B487,pickup_service,Pickup,Pickup
6,18,Movement,1,6,1,6,683,690,17:03,17:10,7,7,23.39,0,0.0,160.0,136.61,1,B487,passenger_flight,Position,Delivery
6,19,Delivery,6,6,6,6,690,693,17:10,17:13,3,0,0.0,2,8.534,136.61,145.144,0,B487,delivery_service,Delivery,Delivery
6,20,Movement,6,7,6,7,693,705,17:13,17:25,12,12,43.48,0,0.0,145.144,101.664,0,,return_to_depot,Position,Depot
7,0,Stay,8,8,8,8,0,181,05:40,08:41,181,0,0.0,181,0.0,160.0,160.0,0,B69,parking_charging,Position,Pickup
7,1,Pickup,8,8,8,8,181,184,08:41,08:44,3,0,0.0,2,0.0,160.0,160.0,2,B69,pickup_service,Pickup,Pickup
7,2,Movement,8,1,8,1,184,196,08:44,08:56,12,12,41.05,0,0.0,160.0,118.95,2,B69,passenger_flight,Position,Delivery
7,3,Delivery,1,1,1,1,196,199,08:56,08:59,3,0,0.0,2,8.534,118.95,127.484,0,B69,delivery_service,Delivery,Delivery
7,4,Stay,1,1,1,1,199,656,08:59,16:36,457,0,0.0,457,32.516,127.484,160.0,0,B442,parking_charging,Position,Pickup
7,5,Pickup,1,1,1,1,656,659,16:36,16:39,3,0,0.0,2,0.0,160.0,160.0,1,B442,pickup_service,Pickup,Pickup
7,6,Stay,1,1,1,1,659,663,16:39,16:43,4,0,0.0,4,0.0,160.0,160.0,1,B442,parking_charging,Position,Movement
7,7,Movement,1,2,1,2,663,670,16:43,16:50,7,7,13.61,0,0.0,160.0,146.39,1,B442,passenger_flight,Position,Delivery
7,8,Delivery,2,2,2,2,670,673,16:50,16:53,3,0,0.0,2,8.534,146.39,154.924,0,B442,delivery_service,Delivery,Delivery
7,9,Stay,2,2,2,2,673,683,16:53,17:03,10,0,0.0,10,5.076,154.924,160.0,0,B499,parking_charging,Position,Pickup
7,10,Pickup,2,2,2,2,683,686,17:03,17:06,3,0,0.0,2,0.0,160.0,160.0,1,B499,pickup_service,Pickup,Pickup
7,11,Pickup,2,2,2,2,686,689,17:06,17:09,3,0,0.0,2,0.0,160.0,160.0,2,B508,pickup_service,Pickup,Pickup
7,12,Movement,2,4,2,4,689,695,17:09,17:15,6,6,16.13,0,0.0,160.0,143.87,2,B499,passenger_flight,Position,Delivery
7,13,Delivery,4,4,4,4,695,698,17:15,17:18,3,0,0.0,2,8.534,143.87,152.404,1,B499,delivery_service,Delivery,Delivery
7,14,Delivery,4,4,4,4,698,701,17:18,17:21,3,0,0.0,2,7.596,152.404,160.0,0,B508,delivery_service,Delivery,Delivery
7,15,Pickup,4,4,4,4,701,704,17:21,17:24,3,0,0.0,2,0.0,160.0,160.0,1,B553,pickup_service,Pickup,Pickup
7,16,Movement,4,2,4,2,704,710,17:24,17:30,6,6,16.13,0,0.0,160.0,143.87,1,B553,passenger_flight,Position,Delivery
7,17,Delivery,2,2,2,2,710,713,17:30,17:33,3,0,0.0,2,8.534,143.87,152.404,0,B553,delivery_service,Delivery,Delivery
7,18,Stay,2,2,2,2,713,717,17:33,17:37,4,0,0.0,4,7.596,152.404,160.0,0,B603,parking_charging,Position,Pickup
7,19,Pickup,2,2,2,2,717,720,17:37,17:40,3,0,0.0,2,0.0,160.0,160.0,1,B603,pickup_service,Pickup,Pickup
7,20,Stay,2,2,2,2,720,725,17:40,17:45,5,0,0.0,5,0.0,160.0,160.0,1,B603,parking_charging,Position,Movement
7,21,Movement,2,1,2,1,725,732,17:45,17:52,7,7,13.61,0,0.0,160.0,146.39,1,B603,passenger_flight,Position,Delivery
7,22,Delivery,1,1,1,1,732,735,17:52,17:55,3,0,0.0,2,8.534,146.39,154.924,0,B603,delivery_service,Delivery,Delivery
7,23,Pickup,1,1,1,1,735,738,17:55,17:58,3,0,0.0,2,5.076,154.924,160.0,2,B643,pickup_service,Pickup,Pickup
7,24,Movement,1,2,1,2,738,745,17:58,18:05,7,7,13.61,0,0.0,160.0,146.39,2,B643,passenger_flight,Position,Delivery
7,25,Delivery,2,2,2,2,745,748,18:05,18:08,3,0,0.0,2,8.534,146.39,154.924,0,B643,delivery_service,Delivery,Delivery
7,26,Stay,2,2,2,2,748,756,18:08,18:16,8,0,0.0,8,5.076,154.924,160.0,0,B674,parking_charging,Position,Pickup
7,27,Pickup,2,2,2,2,756,759,18:16,18:19,3,0,0.0,2,0.0,160.0,160.0,1,B674,pickup_service,Pickup,Pickup
7,28,Stay,2,2,2,2,759,764,18:19,18:24,5,0,0.0,5,0.0,160.0,160.0,1,B674,parking_charging,Position,Movement
7,29,Movement,2,4,2,4,764,770,18:24,18:30,6,6,16.13,0,0.0,160.0,143.87,1,B674,passenger_flight,Position,Delivery
7,30,Delivery,4,4,4,4,770,773,18:30,18:33,3,0,0.0,2,8.534,143.87,152.404,0,B674,delivery_service,Delivery,Delivery
7,31,Pickup,4,4,4,4,773,776,18:33,18:36,3,0,0.0,2,7.596,152.404,160.0,2,B701,pickup_service,Pickup,Pickup
7,32,Pickup,4,4,4,4,776,779,18:36,18:39,3,0,0.0,2,0.0,160.0,160.0,3,B707,pickup_service,Pickup,Pickup
7,33,Movement,4,3,4,3,779,786,18:39,18:46,7,7,12.6,0,0.0,160.0,147.4,3,B701,passenger_flight,Position,Delivery
7,34,Delivery,3,3,3,3,786,789,18:46,18:49,3,0,0.0,2,8.534,147.4,155.934,1,B701,delivery_service,Delivery,Delivery
7,35,Delivery,3,3,3,3,789,792,18:49,18:52,3,0,0.0,2,4.066,155.934,160.0,0,B707,delivery_service,Delivery,Delivery
7,36,Movement,3,8,3,8,792,802,18:52,19:02,10,10,35.17,0,0.0,160.0,124.83,0,,return_to_depot,Position,Depot
9,0,Stay,10,10,10,10,0,375,05:40,11:55,375,0,0.0,375,0.0,160.0,160.0,0,B250,parking_charging,Position,Pickup
9,1,Pickup,10,10,10,10,375,378,11:55,11:58,3,0,0.0,2,0.0,160.0,160.0,2,B250,pickup_service,Pickup,Pickup
9,2,Movement,10,3,10,3,378,393,11:58,12:13,15,15,54.92,0,0.0,160.0,105.08,2,B250,passenger_flight,Position,Delivery
9,3,Delivery,3,3,3,3,393,396,12:13,12:16,3,0,0.0,2,8.534,105.08,113.614,0,B250,delivery_service,Delivery,Delivery
9,4,Stay,3,3,3,3,396,591,12:16,15:31,195,0,0.0,195,46.386,113.614,160.0,0,B380,parking_charging,Position,Pickup
9,5,Pickup,3,3,3,3,591,594,15:31,15:34,3,0,0.0,2,0.0,160.0,160.0,2,B380,pickup_service,Pickup,Pickup
9,6,Stay,3,3,3,3,594,595,15:34,15:35,1,0,0.0,1,0.0,160.0,160.0,2,B383,parking_charging,Position,Pickup
9,7,Pickup,3,3,3,3,595,598,15:35,15:38,3,0,0.0,2,0.0,160.0,160.0,3,B383,pickup_service,Pickup,Pickup
9,8,Movement,3,5,3,5,598,606,15:38,15:46,8,8,23.93,0,0.0,160.0,136.07,3,B380,passenger_flight,Position,Delivery
9,9,Delivery,5,5,5,5,606,609,15:46,15:49,3,0,0.0,2,8.534,136.07,144.604,1,B380,delivery_service,Delivery,Delivery
9,10,Delivery,5,5,5,5,609,612,15:49,15:52,3,0,0.0,2,8.534,144.604,153.138,0,B383,delivery_service,Delivery,Delivery
9,11,Movement,5,10,5,10,612,622,15:52,16:02,10,10,33.52,0,0.0,153.138,119.618,0,,return_to_depot,Position,Depot
10,0,Stay,1,1,1,1,0,680,05:40,17:00,680,0,0.0,680,0.0,160.0,160.0,0,B489,parking_charging,Position,Pickup
10,1,Pickup,1,1,1,1,680,683,17:00,17:03,3,0,0.0,2,0.0,160.0,160.0,1,B489,pickup_service,Pickup,Pickup
10,2,Movement,1,6,1,6,683,690,17:03,17:10,7,7,23.39,0,0.0,160.0,136.61,1,B489,passenger_flight,Position,Delivery
10,3,Delivery,6,6,6,6,690,693,17:10,17:13,3,0,0.0,2,8.534,136.61,145.144,0,B489,delivery_service,Delivery,Delivery
10,4,Movement,6,1,6,1,693,700,17:13,17:20,7,7,23.39,0,0.0,145.144,121.754,0,,return_to_depot,Position,Depot
11,0,Stay,2,2,2,2,0,121,05:40,07:41,121,0,0.0,121,0.0,160.0,160.0,0,B22,parking_charging,Position,Pickup
11,1,Pickup,2,2,2,2,121,124,07:41,07:44,3,0,0.0,2,0.0,160.0,160.0,1,B22,pickup_service,Pickup,Pickup
11,2,Movement,2,4,2,4,124,130,07:44,07:50,6,6,16.13,0,0.0,160.0,143.87,1,B22,passenger_flight,Position,Delivery
11,3,Delivery,4,4,4,4,130,133,07:50,07:53,3,0,0.0,2,8.534,143.87,152.404,0,B22,delivery_service,Delivery,Delivery
11,4,Stay,4,4,4,4,133,276,07:53,10:16,143,0,0.0,143,7.596,152.404,160.0,0,B153,parking_charging,Position,Pickup
11,5,Pickup,4,4,4,4,276,279,10:16,10:19,3,0,0.0,2,0.0,160.0,160.0,1,B153,pickup_service,Pickup,Pickup
11,6,Pickup,4,4,4,4,279,282,10:19,10:22,3,0,0.0,2,0.0,160.0,160.0,2,B156,pickup_service,Pickup,Pickup
11,7,Movement,4,3,4,3,282,289,10:22,10:29,7,7,12.6,0,0.0,160.0,147.4,2,B153,passenger_flight,Position,Delivery
11,8,Delivery,3,3,3,3,289,292,10:29,10:32,3,0,0.0,2,8.534,147.4,155.934,1,B153,delivery_service,Delivery,Delivery
11,9,Delivery,3,3,3,3,292,295,10:32,10:35,3,0,0.0,2,4.066,155.934,160.0,0,B156,delivery_service,Delivery,Delivery
11,10,Stay,3,3,3,3,295,302,10:35,10:42,7,0,0.0,7,0.0,160.0,160.0,0,B181,parking_charging,Position,Pickup
11,11,Pickup,3,3,3,3,302,305,10:42,10:45,3,0,0.0,2,0.0,160.0,160.0,1,B181,pickup_service,Pickup,Pickup
11,12,Movement,3,1,3,1,305,311,10:45,10:51,6,6,9.61,0,0.0,160.0,150.39,1,B181,passenger_flight,Position,Delivery
11,13,Delivery,1,1,1,1,311,314,10:51,10:54,3,0,0.0,2,8.534,150.39,158.924,0,B181,delivery_service,Delivery,Delivery
11,14,Stay,1,1,1,1,314,680,10:54,17:00,366,0,0.0,366,1.076,158.924,160.0,0,B491,parking_charging,Position,Pickup
11,15,Pickup,1,1,1,1,680,683,17:00,17:03,3,0,0.0,2,0.0,160.0,160.0,1,B491,pickup_service,Pickup,Pickup
11,16,Movement,1,3,1,3,683,689,17:03,17:09,6,6,9.61,0,0.0,160.0,150.39,1,B491,passenger_flight,Position,Delivery
11,17,Delivery,3,3,3,3,689,692,17:09,17:12,3,0,0.0,2,8.534,150.39,158.924,0,B491,delivery_service,Delivery,Delivery
11,18,Stay,3,3,3,3,692,703,17:12,17:23,11,0,0.0,11,1.076,158.924,160.0,0,B557,parking_charging,Position,Pickup
11,19,Pickup,3,3,3,3,703,706,17:23,17:26,3,0,0.0,2,0.0,160.0,160.0,1,B557,pickup_service,Pickup,Pickup
11,20,Movement,3,1,3,1,706,712,17:26,17:32,6,6,9.61,0,0.0,160.0,150.39,1,B557,passenger_flight,Position,Delivery
11,21,Delivery,1,1,1,1,712,715,17:32,17:35,3,0,0.0,2,8.534,150.39,158.924,0,B557,delivery_service,Delivery,Delivery
11,22,Stay,1,1,1,1,715,743,17:35,18:03,28,0,0.0,28,1.076,158.924,160.0,0,B659,parking_charging,Position,Pickup
11,23,Pickup,1,1,1,1,743,746,18:03,18:06,3,0,0.0,2,0.0,160.0,160.0,1,B659,pickup_service,Pickup,Pickup
11,24,Movement,1,3,1,3,746,752,18:06,18:12,6,6,9.61,0,0.0,160.0,150.39,1,B659,passenger_flight,Position,Delivery
11,25,Delivery,3,3,3,3,752,755,18:12,18:15,3,0,0.0,2,8.534,150.39,158.924,0,B659,delivery_service,Delivery,Delivery
11,26,Movement,3,2,3,2,755,758,18:15,18:18,3,3,4.08,0,0.0,158.924,154.844,0,,return_to_depot,Position,Depot
12,0,Stay,3,3,3,3,0,221,05:40,09:21,221,0,0.0,221,0.0,160.0,160.0,0,B100,parking_charging,Position,Pickup
12,1,Pickup,3,3,3,3,221,224,09:21,09:24,3,0,0.0,2,0.0,160.0,160.0,1,B100,pickup_service,Pickup,Pickup
12,2,Movement,3,4,3,4,224,231,09:24,09:31,7,7,12.6,0,0.0,160.0,147.4,1,B100,passenger_flight,Position,Delivery
12,3,Delivery,4,4,4,4,231,234,09:31,09:34,3,0,0.0,2,8.534,147.4,155.934,0,B100,delivery_service,Delivery,Delivery
12,4,Stay,4,4,4,4,234,294,09:34,10:34,60,0,0.0,60,4.066,155.934,160.0,0,B170,parking_charging,Position,Pickup
12,5,Pickup,4,4,4,4,294,297,10:34,10:37,3,0,0.0,2,0.0,160.0,160.0,2,B170,pickup_service,Pickup,Pickup
12,6,Movement,4,2,4,2,297,303,10:37,10:43,6,6,16.13,0,0.0,160.0,143.87,2,B170,passenger_flight,Position,Delivery
12,7,Delivery,2,2,2,2,303,306,10:43,10:46,3,0,0.0,2,8.534,143.87,152.404,0,B170,delivery_service,Delivery,Delivery
12,8,Stay,2,2,2,2,306,699,10:46,17:19,393,0,0.0,393,7.596,152.404,160.0,0,B546,parking_charging,Position,Pickup
12,9,Pickup,2,2,2,2,699,702,17:19,17:22,3,0,0.0,2,0.0,160.0,160.0,1,B546,pickup_service,Pickup,Pickup
12,10,Stay,2,2,2,2,702,705,17:22,17:25,3,0,0.0,3,0.0,160.0,160.0,1,B546,parking_charging,Position,Movement
12,11,Movement,2,4,2,4,705,711,17:25,17:31,6,6,16.13,0,0.0,160.0,143.87,1,B546,passenger_flight,Position,Delivery
12,12,Delivery,4,4,4,4,711,714,17:31,17:34,3,0,0.0,2,8.534,143.87,152.404,0,B546,delivery_service,Delivery,Delivery
12,13,Stay,4,4,4,4,714,718,17:34,17:38,4,0,0.0,4,7.596,152.404,160.0,0,B605,parking_charging,Position,Pickup
12,14,Pickup,4,4,4,4,718,721,17:38,17:41,3,0,0.0,2,0.0,160.0,160.0,1,B605,pickup_service,Pickup,Pickup
12,15,Stay,4,4,4,4,721,724,17:41,17:44,3,0,0.0,3,0.0,160.0,160.0,1,B605,parking_charging,Position,Movement
12,16,Movement,4,2,4,2,724,730,17:44,17:50,6,6,16.13,0,0.0,160.0,143.87,1,B605,passenger_flight,Position,Delivery
12,17,Delivery,2,2,2,2,730,733,17:50,17:53,3,0,0.0,2,8.534,143.87,152.404,0,B605,delivery_service,Delivery,Delivery
12,18,Stay,2,2,2,2,733,780,17:53,18:40,47,0,0.0,47,7.596,152.404,160.0,0,B714,parking_charging,Position,Pickup
12,19,Pickup,2,2,2,2,780,783,18:40,18:43,3,0,0.0,2,0.0,160.0,160.0,1,B714,pickup_service,Pickup,Pickup
12,20,Movement,2,4,2,4,783,789,18:43,18:49,6,6,16.13,0,0.0,160.0,143.87,1,B714,passenger_flight,Position,Delivery
12,21,Delivery,4,4,4,4,789,792,18:49,18:52,3,0,0.0,2,8.534,143.87,152.404,0,B714,delivery_service,Delivery,Delivery
12,22,Movement,4,3,4,3,792,799,18:52,18:59,7,7,12.6,0,0.0,152.404,139.804,0,,return_to_depot,Position,Depot
13,0,Stay,4,4,4,4,0,327,05:40,11:07,327,0,0.0,327,0.0,160.0,160.0,0,B208,parking_charging,Position,Pickup
13,1,Pickup,4,4,4,4,327,330,11:07,11:10,3,0,0.0,2,0.0,160.0,160.0,1,B208,pickup_service,Pickup,Pickup
13,2,Movement,4,2,4,2,330,336,11:10,11:16,6,6,16.13,0,0.0,160.0,143.87,1,B208,passenger_flight,Position,Delivery
13,3,Delivery,2,2,2,2,336,339,11:16,11:19,3,0,0.0,2,8.534,143.87,152.404,0,B208,delivery_service,Delivery,Delivery
13,4,Stay,2,2,2,2,339,701,11:19,17:21,362,0,0.0,362,7.596,152.404,160.0,0,B551,parking_charging,Position,Pickup
13,5,Pickup,2,2,2,2,701,704,17:21,17:24,3,0,0.0,2,0.0,160.0,160.0,1,B551,pickup_service,Pickup,Pickup
13,6,Stay,2,2,2,2,704,706,17:24,17:26,2,0,0.0,2,0.0,160.0,160.0,1,B568,parking_charging,Position,Pickup
13,7,Pickup,2,2,2,2,706,709,17:26,17:29,3,0,0.0,2,0.0,160.0,160.0,2,B568,pickup_service,Pickup,Pickup
13,8,Movement,2,4,2,4,709,715,17:29,17:35,6,6,16.13,0,0.0,160.0,143.87,2,B551,passenger_flight,Position,Delivery
13,9,Delivery,4,4,4,4,715,718,17:35,17:38,3,0,0.0,2,8.534,143.87,152.404,1,B551,delivery_service,Delivery,Delivery
13,10,Delivery,4,4,4,4,718,721,17:38,17:41,3,0,0.0,2,7.596,152.404,160.0,0,B568,delivery_service,Delivery,Delivery
13,11,Pickup,4,4,4,4,721,724,17:41,17:44,3,0,0.0,2,0.0,160.0,160.0,1,B616,pickup_service,Pickup,Pickup
13,12,Movement,4,2,4,2,724,730,17:44,17:50,6,6,16.13,0,0.0,160.0,143.87,1,B616,passenger_flight,Position,Delivery
13,13,Delivery,2,2,2,2,730,733,17:50,17:53,3,0,0.0,2,8.534,143.87,152.404,0,B616,delivery_service,Delivery,Delivery
13,14,Movement,2,4,2,4,733,739,17:53,17:59,6,6,16.13,0,0.0,152.404,136.274,0,,return_to_depot,Position,Depot
14,0,Stay,5,5,5,5,0,142,05:40,08:02,142,0,0.0,142,0.0,160.0,160.0,0,B26,parking_charging,Position,Pickup
14,1,Pickup,5,5,5,5,142,145,08:02,08:05,3,0,0.0,2,0.0,160.0,160.0,1,B26,pickup_service,Pickup,Pickup
14,2,Pickup,5,5,5,5,145,148,08:05,08:08,3,0,0.0,2,0.0,160.0,160.0,2,B29,pickup_service,Pickup,Pickup
14,3,Movement,5,3,5,3,148,156,08:08,08:16,8,8,23.93,0,0.0,160.0,136.07,2,B26,passenger_flight,Position,Delivery
14,4,Delivery,3,3,3,3,156,159,08:16,08:19,3,0,0.0,2,8.534,136.07,144.604,1,B26,delivery_service,Delivery,Delivery
14,5,Delivery,3,3,3,3,159,162,08:19,08:22,3,0,0.0,2,8.534,144.604,153.138,0,B29,delivery_service,Delivery,Delivery
14,6,Stay,3,3,3,3,162,217,08:22,09:17,55,0,0.0,55,6.862,153.138,160.0,0,B99,parking_charging,Position,Pickup
14,7,Pickup,3,3,3,3,217,220,09:17,09:20,3,0,0.0,2,0.0,160.0,160.0,1,B99,pickup_service,Pickup,Pickup
14,8,Stay,3,3,3,3,220,224,09:20,09:24,4,0,0.0,4,0.0,160.0,160.0,1,B99,parking_charging,Position,Movement
14,9,Movement,3,4,3,4,224,231,09:24,09:31,7,7,12.6,0,0.0,160.0,147.4,1,B99,passenger_flight,Position,Delivery
14,10,Delivery,4,4,4,4,231,234,09:31,09:34,3,0,0.0,2,8.534,147.4,155.934,0,B99,delivery_service,Delivery,Delivery
14,11,Stay,4,4,4,4,234,325,09:34,11:05,91,0,0.0,91,4.066,155.934,160.0,0,B203,parking_charging,Position,Pickup
14,12,Pickup,4,4,4,4,325,328,11:05,11:08,3,0,0.0,2,0.0,160.0,160.0,1,B203,pickup_service,Pickup,Pickup
14,13,Pickup,4,4,4,4,328,331,11:08,11:11,3,0,0.0,2,0.0,160.0,160.0,2,B209,pickup_service,Pickup,Pickup
14,14,Movement,4,7,4,7,331,338,11:11,11:18,7,7,21.43,0,0.0,160.0,138.57,2,B203,passenger_flight,Position,Delivery
14,15,Delivery,7,7,7,7,338,341,11:18,11:21,3,0,0.0,2,8.534,138.57,147.104,1,B203,delivery_service,Delivery,Delivery
14,16,Delivery,7,7,7,7,341,344,11:21,11:24,3,0,0.0,2,8.534,147.104,155.638,0,B209,delivery_service,Delivery,Delivery
14,17,Stay,7,7,7,7,344,431,11:24,12:51,87,0,0.0,87,4.362,155.638,160.0,0,B274,parking_charging,Position,Pickup
14,18,Pickup,7,7,7,7,431,434,12:51,12:54,3,0,0.0,2,0.0,160.0,160.0,1,B274,pickup_service,Pickup,Pickup
14,19,Pickup,7,7,7,7,434,437,12:54,12:57,3,0,0.0,2,0.0,160.0,160.0,2,B276,pickup_service,Pickup,Pickup
14,20,Movement,7,4,7,4,437,444,12:57,13:04,7,7,21.43,0,0.0,160.0,138.57,2,B274,passenger_flight,Position,Delivery
14,21,Delivery,4,4,4,4,444,447,13:04,13:07,3,0,0.0,2,8.534,138.57,147.104,1,B274,delivery_service,Delivery,Delivery
14,22,Delivery,4,4,4,4,447,450,13:07,13:10,3,0,0.0,2,8.534,147.104,155.638,0,B276,delivery_service,Delivery,Delivery
14,23,Stay,4,4,4,4,450,460,13:10,13:20,10,0,0.0,10,4.362,155.638,160.0,0,B290,parking_charging,Position,Pickup
14,24,Pickup,4,4,4,4,460,463,13:20,13:23,3,0,0.0,2,0.0,160.0,160.0,1,B290,pickup_service,Pickup,Pickup
14,25,Movement,4,3,4,3,463,470,13:23,13:30,7,7,12.6,0,0.0,160.0,147.4,1,B290,passenger_flight,Position,Delivery
14,26,Delivery,3,3,3,3,470,473,13:30,13:33,3,0,0.0,2,8.534,147.4,155.934,0,B290,delivery_service,Delivery,Delivery
14,27,Stay,3,3,3,3,473,588,13:33,15:28,115,0,0.0,115,4.066,155.934,160.0,0,B378,parking_charging,Position,Pickup
14,28,Pickup,3,3,3,3,588,591,15:28,15:31,3,0,0.0,2,0.0,160.0,160.0,1,B378,pickup_service,Pickup,Pickup
14,29,Movement,3,1,3,1,591,597,15:31,15:37,6,6,9.61,0,0.0,160.0,150.39,1,B378,passenger_flight,Position,Delivery
14,30,Delivery,1,1,1,1,597,600,15:37,15:40,3,0,0.0,2,8.534,150.39,158.924,0,B378,delivery_service,Delivery,Delivery
14,31,Stay,1,1,1,1,600,711,15:40,17:31,111,0,0.0,111,1.076,158.924,160.0,0,B585,parking_charging,Position,Pickup
14,32,Pickup,1,1,1,1,711,714,17:31,17:34,3,0,0.0,2,0.0,160.0,160.0,1,B585,pickup_service,Pickup,Pickup
14,33,Stay,1,1,1,1,714,715,17:34,17:35,1,0,0.0,1,0.0,160.0,160.0,1,B598,parking_charging,Position,Pickup
14,34,Pickup,1,1,1,1,715,718,17:35,17:38,3,0,0.0,2,0.0,160.0,160.0,3,B598,pickup_service,Pickup,Pickup
14,35,Movement,1,5,1,5,718,726,17:38,17:46,8,8,14.88,0,0.0,160.0,145.12,3,B585,passenger_flight,Position,Delivery
14,36,Delivery,5,5,5,5,726,729,17:46,17:49,3,0,0.0,2,8.534,145.12,153.654,2,B585,delivery_service,Delivery,Delivery
14,37,Delivery,5,5,5,5,729,732,17:49,17:52,3,0,0.0,2,6.346,153.654,160.0,0,B598,delivery_service,Delivery,Delivery
15,0,Stay,6,6,6,6,0,107,05:40,07:27,107,0,0.0,107,0.0,160.0,160.0,0,B16,parking_charging,Position,Pickup
15,1,Pickup,6,6,6,6,107,110,07:27,07:30,3,0,0.0,2,0.0,160.0,160.0,1,B16,pickup_service,Pickup,Pickup
15,2,Pickup,6,6,6,6,110,113,07:30,07:33,3,0,0.0,2,0.0,160.0,160.0,2,B18,pickup_service,Pickup,Pickup
15,3,Movement,6,1,6,1,113,120,07:33,07:40,7,7,23.39,0,0.0,160.0,136.61,2,B16,passenger_flight,Position,Delivery
15,4,Delivery,1,1,1,1,120,123,07:40,07:43,3,0,0.0,2,8.534,136.61,145.144,1,B16,delivery_service,Delivery,Delivery
15,5,Delivery,1,1,1,1,123,126,07:43,07:46,3,0,0.0,2,8.534,145.144,153.678,0,B18,delivery_service,Delivery,Delivery
15,6,Stay,1,1,1,1,126,681,07:46,17:01,555,0,0.0,555,6.322,153.678,160.0,0,B494,parking_charging,Position,Pickup
15,7,Pickup,1,1,1,1,681,684,17:01,17:04,3,0,0.0,2,0.0,160.0,160.0,1,B494,pickup_service,Pickup,Pickup
15,8,Pickup,1,1,1,1,684,687,17:04,17:07,3,0,0.0,2,0.0,160.0,160.0,2,B502,pickup_service,Pickup,Pickup
15,9,Movement,1,2,1,2,687,694,17:07,17:14,7,7,13.61,0,0.0,160.0,146.39,2,B494,passenger_flight,Position,Delivery
15,10,Delivery,2,2,2,2,694,697,17:14,17:17,3,0,0.0,2,8.534,146.39,154.924,1,B494,delivery_service,Delivery,Delivery
15,11,Delivery,2,2,2,2,697,700,17:17,17:20,3,0,0.0,2,5.076,154.924,160.0,0,B502,delivery_service,Delivery,Delivery
15,12,Pickup,2,2,2,2,700,703,17:20,17:23,3,0,0.0,2,0.0,160.0,160.0,1,B540,pickup_service,Pickup,Pickup
15,13,Movement,2,1,2,1,703,710,17:23,17:30,7,7,13.61,0,0.0,160.0,146.39,1,B540,passenger_flight,Position,Delivery
15,14,Delivery,1,1,1,1,710,713,17:30,17:33,3,0,0.0,2,8.534,146.39,154.924,0,B540,delivery_service,Delivery,Delivery
15,15,Stay,1,1,1,1,713,760,17:33,18:20,47,0,0.0,47,5.076,154.924,160.0,0,B677,parking_charging,Position,Pickup
15,16,Pickup,1,1,1,1,760,763,18:20,18:23,3,0,0.0,2,0.0,160.0,160.0,1,B677,pickup_service,Pickup,Pickup
15,17,Movement,1,3,1,3,763,769,18:23,18:29,6,6,9.61,0,0.0,160.0,150.39,1,B677,passenger_flight,Position,Delivery
15,18,Delivery,3,3,3,3,769,772,18:29,18:32,3,0,0.0,2,8.534,150.39,158.924,0,B677,delivery_service,Delivery,Delivery
15,19,Movement,3,6,3,6,772,782,18:32,18:42,10,10,32.98,0,0.0,158.924,125.944,0,,return_to_depot,Position,Depot
16,0,Stay,7,7,7,7,0,407,05:40,12:27,407,0,0.0,407,0.0,160.0,160.0,0,B263,parking_charging,Position,Pickup
16,1,Pickup,7,7,7,7,407,410,12:27,12:30,3,0,0.0,2,0.0,160.0,160.0,1,B263,pickup_service,Pickup,Pickup
16,2,Stay,7,7,7,7,410,412,12:30,12:32,2,0,0.0,2,0.0,160.0,160.0,1,B266,parking_charging,Position,Pickup
16,3,Pickup,7,7,7,7,412,415,12:32,12:35,3,0,0.0,2,0.0,160.0,160.0,2,B266,pickup_service,Pickup,Pickup
16,4,Movement,7,5,7,5,415,425,12:35,12:45,10,10,32.24,0,0.0,160.0,127.76,2,B263,passenger_flight,Position,Delivery
16,5,Delivery,5,5,5,5,425,428,12:45,12:48,3,0,0.0,2,8.534,127.76,136.294,1,B263,delivery_service,Delivery,Delivery
16,6,Delivery,5,5,5,5,428,431,12:48,12:51,3,0,0.0,2,8.534,136.294,144.828,0,B266,delivery_service,Delivery,Delivery
16,7,Movement,5,7,5,7,431,441,12:51,13:01,10,10,32.24,0,0.0,144.828,112.588,0,,return_to_depot,Position,Depot
17,0,Stay,8,8,8,8,0,180,05:40,08:40,180,0,0.0,180,0.0,160.0,160.0,0,B66,parking_charging,Position,Pickup
17,1,Pickup,8,8,8,8,180,183,08:40,08:43,3,0,0.0,2,0.0,160.0,160.0,1,B66,pickup_service,Pickup,Pickup
17,2,Movement,8,9,8,9,183,189,08:43,08:49,6,6,18.04,0,0.0,160.0,141.96,1,B66,passenger_flight,Position,Delivery
17,3,Delivery,9,9,9,9,189,192,08:49,08:52,3,0,0.0,2,8.534,141.96,150.494,0,B66,delivery_service,Delivery,Delivery
17,4,Movement,9,8,9,8,192,198,08:52,08:58,6,6,18.04,0,0.0,150.494,132.454,0,,return_to_depot,Position,Depot
20,0,Stay,1,1,1,1,0,686,05:40,17:06,686,0,0.0,686,0.0,160.0,160.0,0,B514,parking_charging,Position,Pickup
20,1,Pickup,1,1,1,1,686,689,17:06,17:09,3,0,0.0,2,0.0,160.0,160.0,1,B514,pickup_service,Pickup,Pickup
20,2,Pickup,1,1,1,1,689,692,17:09,17:12,3,0,0.0,2,0.0,160.0,160.0,2,B518,pickup_service,Pickup,Pickup
20,3,Movement,1,7,1,7,692,699,17:12,17:19,7,7,21.03,0,0.0,160.0,138.97,2,B514,passenger_flight,Position,Delivery
20,4,Delivery,7,7,7,7,699,702,17:19,17:22,3,0,0.0,2,8.534,138.97,147.504,1,B514,delivery_service,Delivery,Delivery
20,5,Delivery,7,7,7,7,702,705,17:22,17:25,3,0,0.0,2,8.534,147.504,156.038,0,B518,delivery_service,Delivery,Delivery
20,6,Movement,7,1,7,1,705,712,17:25,17:32,7,7,21.03,0,0.0,156.038,135.008,0,,return_to_depot,Position,Depot
21,0,Stay,2,2,2,2,0,150,05:40,08:10,150,0,0.0,150,0.0,160.0,160.0,0,B31,parking_charging,Position,Pickup
21,1,Pickup,2,2,2,2,150,153,08:10,08:13,3,0,0.0,2,0.0,160.0,160.0,1,B31,pickup_service,Pickup,Pickup
21,2,Movement,2,4,2,4,153,159,08:13,08:19,6,6,16.13,0,0.0,160.0,143.87,1,B31,passenger_flight,Position,Delivery
21,3,Delivery,4,4,4,4,159,162,08:19,08:22,3,0,0.0,2,8.534,143.87,152.404,0,B31,delivery_service,Delivery,Delivery
21,4,Stay,4,4,4,4,162,360,08:22,11:40,198,0,0.0,198,7.596,152.404,160.0,0,B234,parking_charging,Position,Pickup
21,5,Pickup,4,4,4,4,360,363,11:40,11:43,3,0,0.0,2,0.0,160.0,160.0,1,B234,pickup_service,Pickup,Pickup
21,6,Movement,4,2,4,2,363,369,11:43,11:49,6,6,16.13,0,0.0,160.0,143.87,1,B234,passenger_flight,Position,Delivery
21,7,Delivery,2,2,2,2,369,372,11:49,11:52,3,0,0.0,2,8.534,143.87,152.404,0,B234,delivery_service,Delivery,Delivery
21,8,Stay,2,2,2,2,372,710,11:52,17:30,338,0,0.0,338,7.596,152.404,160.0,0,B582,parking_charging,Position,Pickup
21,9,Pickup,2,2,2,2,710,713,17:30,17:33,3,0,0.0,2,0.0,160.0,160.0,1,B582,pickup_service,Pickup,Pickup
21,10,Pickup,2,2,2,2,713,716,17:33,17:36,3,0,0.0,2,0.0,160.0,160.0,2,B592,pickup_service,Pickup,Pickup
21,11,Movement,2,4,2,4,716,722,17:36,17:42,6,6,16.13,0,0.0,160.0,143.87,2,B582,passenger_flight,Position,Delivery
21,12,Delivery,4,4,4,4,722,725,17:42,17:45,3,0,0.0,2,8.534,143.87,152.404,1,B582,delivery_service,Delivery,Delivery
21,13,Delivery,4,4,4,4,725,728,17:45,17:48,3,0,0.0,2,7.596,152.404,160.0,0,B592,delivery_service,Delivery,Delivery
21,14,Stay,4,4,4,4,728,780,17:48,18:40,52,0,0.0,52,0.0,160.0,160.0,0,B709,parking_charging,Position,Pickup
21,15,Pickup,4,4,4,4,780,783,18:40,18:43,3,0,0.0,2,0.0,160.0,160.0,1,B709,pickup_service,Pickup,Pickup
21,16,Movement,4,2,4,2,783,789,18:43,18:49,6,6,16.13,0,0.0,160.0,143.87,1,B709,passenger_flight,Position,Delivery
21,17,Delivery,2,2,2,2,789,792,18:49,18:52,3,0,0.0,2,8.534,143.87,152.404,0,B709,delivery_service,Delivery,Delivery
22,0,Stay,3,3,3,3,0,261,05:40,10:01,261,0,0.0,261,0.0,160.0,160.0,0,B124,parking_charging,Position,Pickup
22,1,Pickup,3,3,3,3,261,264,10:01,10:04,3,0,0.0,2,0.0,160.0,160.0,1,B124,pickup_service,Pickup,Pickup
22,2,Movement,3,4,3,4,264,271,10:04,10:11,7,7,12.6,0,0.0,160.0,147.4,1,B124,passenger_flight,Position,Delivery
22,3,Delivery,4,4,4,4,271,274,10:11,10:14,3,0,0.0,2,8.534,147.4,155.934,0,B124,delivery_service,Delivery,Delivery
22,4,Stay,4,4,4,4,274,363,10:14,11:43,89,0,0.0,89,4.066,155.934,160.0,0,B238,parking_charging,Position,Pickup
22,5,Pickup,4,4,4,4,363,366,11:43,11:46,3,0,0.0,2,0.0,160.0,160.0,1,B238,pickup_service,Pickup,Pickup
22,6,Movement,4,2,4,2,366,372,11:46,11:52,6,6,16.13,0,0.0,160.0,143.87,1,B238,passenger_flight,Position,Delivery
22,7,Delivery,2,2,2,2,372,375,11:52,11:55,3,0,0.0,2,8.534,143.87,152.404,0,B238,delivery_service,Delivery,Delivery
22,8,Stay,2,2,2,2,375,657,11:55,16:37,282,0,0.0,282,7.596,152.404,160.0,0,B445,parking_charging,Position,Pickup
22,9,Pickup,2,2,2,2,657,660,16:37,16:40,3,0,0.0,2,0.0,160.0,160.0,1,B445,pickup_service,Pickup,Pickup
22,10,Stay,2,2,2,2,660,663,16:40,16:43,3,0,0.0,3,0.0,160.0,160.0,1,B445,parking_charging,Position,Movement
22,11,Movement,2,5,2,5,663,671,16:43,16:51,8,8,27.57,0,0.0,160.0,132.43,1,B445,passenger_flight,Position,Delivery
22,12,Delivery,5,5,5,5,671,674,16:51,16:54,3,0,0.0,2,8.534,132.43,140.964,0,B445,delivery_service,Delivery,Delivery
22,13,Movement,5,3,5,3,674,682,16:54,17:02,8,8,23.93,0,0.0,140.964,117.034,0,,return_to_depot,Position,Depot
23,0,Stay,4,4,4,4,0,445,05:40,13:05,445,0,0.0,445,0.0,160.0,160.0,0,B283,parking_charging,Position,Pickup
23,1,Pickup,4,4,4,4,445,448,13:05,13:08,3,0,0.0,2,0.0,160.0,160.0,1,B283,pickup_service,Pickup,Pickup
23,2,Movement,4,2,4,2,448,454,13:08,13:14,6,6,16.13,0,0.0,160.0,143.87,1,B283,passenger_flight,Position,Delivery
23,3,Delivery,2,2,2,2,454,457,13:14,13:17,3,0,0.0,2,8.534,143.87,152.404,0,B283,delivery_service,Delivery,Delivery
23,4,Stay,2,2,2,2,457,719,13:17,17:39,262,0,0.0,262,7.596,152.404,160.0,0,B608,parking_charging,Position,Pickup
23,5,Pickup,2,2,2,2,719,722,17:39,17:42,3,0,0.0,2,0.0,160.0,160.0,1,B608,pickup_service,Pickup,Pickup
23,6,Stay,2,2,2,2,722,726,17:42,17:46,4,0,0.0,4,0.0,160.0,160.0,1,B608,parking_charging,Position,Movement
23,7,Movement,2,4,2,4,726,732,17:46,17:52,6,6,16.13,0,0.0,160.0,143.87,1,B608,passenger_flight,Position,Delivery
23,8,Delivery,4,4,4,4,732,735,17:52,17:55,3,0,0.0,2,8.534,143.87,152.404,0,B608,delivery_service,Delivery,Delivery
23,9,Stay,4,4,4,4,735,740,17:55,18:00,5,0,0.0,5,7.596,152.404,160.0,0,B647,parking_charging,Position,Pickup
23,10,Pickup,4,4,4,4,740,743,18:00,18:03,3,0,0.0,2,0.0,160.0,160.0,1,B647,pickup_service,Pickup,Pickup
23,11,Movement,4,2,4,2,743,749,18:03,18:09,6,6,16.13,0,0.0,160.0,143.87,1,B647,passenger_flight,Position,Delivery
23,12,Delivery,2,2,2,2,749,752,18:09,18:12,3,0,0.0,2,8.534,143.87,152.404,0,B647,delivery_service,Delivery,Delivery
23,13,Movement,2,4,2,4,752,758,18:12,18:18,6,6,16.13,0,0.0,152.404,136.274,0,,return_to_depot,Position,Depot
24,0,Stay,5,5,5,5,0,151,05:40,08:11,151,0,0.0,151,0.0,160.0,160.0,0,B34,parking_charging,Position,Pickup
24,1,Pickup,5,5,5,5,151,154,08:11,08:14,3,0,0.0,2,0.0,160.0,160.0,1,B34,pickup_service,Pickup,Pickup
24,2,Pickup,5,5,5,5,154,157,08:14,08:17,3,0,0.0,2,0.0,160.0,160.0,2,B39,pickup_service,Pickup,Pickup
24,3,Movement,5,3,5,3,157,165,08:17,08:25,8,8,23.93,0,0.0,160.0,136.07,2,B34,passenger_flight,Position,Delivery
24,4,Delivery,3,3,3,3,165,168,08:25,08:28,3,0,0.0,2,8.534,136.07,144.604,1,B34,delivery_service,Delivery,Delivery
24,5,Delivery,3,3,3,3,168,171,08:28,08:31,3,0,0.0,2,8.534,144.604,153.138,0,B39,delivery_service,Delivery,Delivery
24,6,Stay,3,3,3,3,171,280,08:31,10:20,109,0,0.0,109,6.862,153.138,160.0,0,B152,parking_charging,Position,Pickup
24,7,Pickup,3,3,3,3,280,283,10:20,10:23,3,0,0.0,2,0.0,160.0,160.0,1,B152,pickup_service,Pickup,Pickup
24,8,Movement,3,4,3,4,283,290,10:23,10:30,7,7,12.6,0,0.0,160.0,147.4,1,B152,passenger_flight,Position,Delivery
24,9,Delivery,4,4,4,4,290,293,10:30,10:33,3,0,0.0,2,8.534,147.4,155.934,0,B152,delivery_service,Delivery,Delivery
24,10,Stay,4,4,4,4,293,544,10:33,14:44,251,0,0.0,251,4.066,155.934,160.0,0,B341,parking_charging,Position,Pickup
24,11,Pickup,4,4,4,4,544,547,14:44,14:47,3,0,0.0,2,0.0,160.0,160.0,2,B341,pickup_service,Pickup,Pickup
24,12,Movement,4,7,4,7,547,554,14:47,14:54,7,7,21.43,0,0.0,160.0,138.57,2,B341,passenger_flight,Position,Delivery
24,13,Delivery,7,7,7,7,554,557,14:54,14:57,3,0,0.0,2,8.534,138.57,147.104,0,B341,delivery_service,Delivery,Delivery
24,14,Stay,7,7,7,7,557,642,14:57,16:22,85,0,0.0,85,12.896,147.104,160.0,0,B426,parking_charging,Position,Pickup
24,15,Pickup,7,7,7,7,642,645,16:22,16:25,3,0,0.0,2,0.0,160.0,160.0,1,B426,pickup_service,Pickup,Pickup
24,16,Pickup,7,7,7,7,645,648,16:25,16:28,3,0,0.0,2,0.0,160.0,160.0,2,B428,pickup_service,Pickup,Pickup
24,17,Movement,7,4,7,4,648,655,16:28,16:35,7,7,21.43,0,0.0,160.0,138.57,2,B426,passenger_flight,Position,Delivery
24,18,Delivery,4,4,4,4,655,658,16:35,16:38,3,0,0.0,2,8.534,138.57,147.104,1,B426,delivery_service,Delivery,Delivery
24,19,Delivery,4,4,4,4,658,661,16:38,16:41,3,0,0.0,2,8.534,147.104,155.638,0,B428,delivery_service,Delivery,Delivery
24,20,Stay,4,4,4,4,661,662,16:41,16:42,1,0,0.0,1,4.267,155.638,159.905,0,B458,parking_charging,Position,Pickup
24,21,Pickup,4,4,4,4,662,665,16:42,16:45,3,0,0.0,2,0.095,159.905,160.0,1,B458,pickup_service,Pickup,Pickup
24,22,Movement,4,2,4,2,665,671,16:45,16:51,6,6,16.13,0,0.0,160.0,143.87,1,B458,passenger_flight,Position,Delivery
24,23,Delivery,2,2,2,2,671,674,16:51,16:54,3,0,0.0,2,8.534,143.87,152.404,0,B458,delivery_service,Delivery,Delivery
24,24,Stay,2,2,2,2,674,723,16:54,17:43,49,0,0.0,49,7.596,152.404,160.0,0,B619,parking_charging,Position,Pickup
24,25,Pickup,2,2,2,2,723,726,17:43,17:46,3,0,0.0,2,0.0,160.0,160.0,1,B619,pickup_service,Pickup,Pickup
24,26,Pickup,2,2,2,2,726,729,17:46,17:49,3,0,0.0,2,0.0,160.0,160.0,2,B626,pickup_service,Pickup,Pickup
24,27,Movement,2,4,2,4,729,735,17:49,17:55,6,6,16.13,0,0.0,160.0,143.87,2,B619,passenger_flight,Position,Delivery
24,28,Delivery,4,4,4,4,735,738,17:55,17:58,3,0,0.0,2,8.534,143.87,152.404,1,B619,delivery_service,Delivery,Delivery
24,29,Delivery,4,4,4,4,738,741,17:58,18:01,3,0,0.0,2,7.596,152.404,160.0,0,B626,delivery_service,Delivery,Delivery
24,30,Stay,4,4,4,4,741,746,18:01,18:06,5,0,0.0,5,0.0,160.0,160.0,0,B666,parking_charging,Position,Pickup
24,31,Pickup,4,4,4,4,746,749,18:06,18:09,3,0,0.0,2,0.0,160.0,160.0,1,B666,pickup_service,Pickup,Pickup
24,32,Movement,4,2,4,2,749,755,18:09,18:15,6,6,16.13,0,0.0,160.0,143.87,1,B666,passenger_flight,Position,Delivery
24,33,Delivery,2,2,2,2,755,758,18:15,18:18,3,0,0.0,2,8.534,143.87,152.404,0,B666,delivery_service,Delivery,Delivery
24,34,Stay,2,2,2,2,758,762,18:18,18:22,4,0,0.0,4,7.596,152.404,160.0,0,B684,parking_charging,Position,Pickup
24,35,Pickup,2,2,2,2,762,765,18:22,18:25,3,0,0.0,2,0.0,160.0,160.0,1,B684,pickup_service,Pickup,Pickup
24,36,Pickup,2,2,2,2,765,768,18:25,18:28,3,0,0.0,2,0.0,160.0,160.0,2,B679,pickup_service,Pickup,Pickup
24,37,Movement,2,5,2,5,768,776,18:28,18:36,8,8,27.57,0,0.0,160.0,132.43,2,B679,passenger_flight,Position,Delivery
24,38,Delivery,5,5,5,5,776,779,18:36,18:39,3,0,0.0,2,8.534,132.43,140.964,1,B679,delivery_service,Delivery,Delivery
24,39,Delivery,5,5,5,5,779,782,18:39,18:42,3,0,0.0,2,8.534,140.964,149.498,0,B684,delivery_service,Delivery,Delivery
25,0,Stay,6,6,6,6,0,147,05:40,08:07,147,0,0.0,147,0.0,160.0,160.0,0,B30,parking_charging,Position,Pickup
25,1,Pickup,6,6,6,6,147,150,08:07,08:10,3,0,0.0,2,0.0,160.0,160.0,1,B30,pickup_service,Pickup,Pickup
25,2,Stay,6,6,6,6,150,151,08:10,08:11,1,0,0.0,1,0.0,160.0,160.0,1,B35,parking_charging,Position,Pickup
25,3,Pickup,6,6,6,6,151,154,08:11,08:14,3,0,0.0,2,0.0,160.0,160.0,2,B35,pickup_service,Pickup,Pickup
25,4,Movement,6,1,6,1,154,161,08:14,08:21,7,7,23.39,0,0.0,160.0,136.61,2,B30,passenger_flight,Position,Delivery
25,5,Delivery,1,1,1,1,161,164,08:21,08:24,3,0,0.0,2,8.534,136.61,145.144,1,B30,delivery_service,Delivery,Delivery
25,6,Delivery,1,1,1,1,164,167,08:24,08:27,3,0,0.0,2,8.534,145.144,153.678,0,B35,delivery_service,Delivery,Delivery
25,7,Stay,1,1,1,1,167,706,08:27,17:26,539,0,0.0,539,6.322,153.678,160.0,0,B567,parking_charging,Position,Pickup
25,8,Pickup,1,1,1,1,706,709,17:26,17:29,3,0,0.0,2,0.0,160.0,160.0,1,B567,pickup_service,Pickup,Pickup
25,9,Pickup,1,1,1,1,709,712,17:29,17:32,3,0,0.0,2,0.0,160.0,160.0,2,B577,pickup_service,Pickup,Pickup
25,10,Movement,1,3,1,3,712,718,17:32,17:38,6,6,9.61,0,0.0,160.0,150.39,2,B567,passenger_flight,Position,Delivery
25,11,Delivery,3,3,3,3,718,721,17:38,17:41,3,0,0.0,2,8.534,150.39,158.924,1,B567,delivery_service,Delivery,Delivery
25,12,Delivery,3,3,3,3,721,724,17:41,17:44,3,0,0.0,2,1.076,158.924,160.0,0,B577,delivery_service,Delivery,Delivery
25,13,Pickup,3,3,3,3,724,727,17:44,17:47,3,0,0.0,2,0.0,160.0,160.0,1,B620,pickup_service,Pickup,Pickup
25,14,Movement,3,1,3,1,727,733,17:47,17:53,6,6,9.61,0,0.0,160.0,150.39,1,B620,passenger_flight,Position,Delivery
25,15,Delivery,1,1,1,1,733,736,17:53,17:56,3,0,0.0,2,8.534,150.39,158.924,0,B620,delivery_service,Delivery,Delivery
25,16,Stay,1,1,1,1,736,780,17:56,18:40,44,0,0.0,44,1.076,158.924,160.0,0,B705,parking_charging,Position,Pickup
25,17,Pickup,1,1,1,1,780,783,18:40,18:43,3,0,0.0,2,0.0,160.0,160.0,1,B705,pickup_service,Pickup,Pickup
25,18,Movement,1,3,1,3,783,789,18:43,18:49,6,6,9.61,0,0.0,160.0,150.39,1,B705,passenger_flight,Position,Delivery
25,19,Delivery,3,3,3,3,789,792,18:49,18:52,3,0,0.0,2,8.534,150.39,158.924,0,B705,delivery_service,Delivery,Delivery
25,20,Movement,3,6,3,6,792,802,18:52,19:02,10,10,32.98,0,0.0,158.924,125.944,0,,return_to_depot,Position,Depot
26,0,Stay,7,7,7,7,0,649,05:40,16:29,649,0,0.0,649,0.0,160.0,160.0,0,B435,parking_charging,Position,Pickup
26,1,Pickup,7,7,7,7,649,652,16:29,16:32,3,0,0.0,2,0.0,160.0,160.0,1,B435,pickup_service,Pickup,Pickup
26,2,Pickup,7,7,7,7,652,655,16:32,16:35,3,0,0.0,2,0.0,160.0,160.0,2,B440,pickup_service,Pickup,Pickup
26,3,Movement,7,4,7,4,655,662,16:35,16:42,7,7,21.43,0,0.0,160.0,138.57,2,B435,passenger_flight,Position,Delivery
26,4,Delivery,4,4,4,4,662,665,16:42,16:45,3,0,0.0,2,8.534,138.57,147.104,1,B435,delivery_service,Delivery,Delivery
26,5,Delivery,4,4,4,4,665,668,16:45,16:48,3,0,0.0,2,8.534,147.104,155.638,0,B440,delivery_service,Delivery,Delivery
26,6,Pickup,4,4,4,4,668,671,16:48,16:51,3,0,0.0,2,4.362,155.638,160.0,1,B471,pickup_service,Pickup,Pickup
26,7,Movement,4,2,4,2,671,677,16:51,16:57,6,6,16.13,0,0.0,160.0,143.87,1,B471,passenger_flight,Position,Delivery
26,8,Delivery,2,2,2,2,677,680,16:57,17:00,3,0,0.0,2,8.534,143.87,152.404,0,B471,delivery_service,Delivery,Delivery
26,9,Stay,2,2,2,2,680,681,17:00,17:01,1,0,0.0,1,4.267,152.404,156.671,0,B495,parking_charging,Position,Pickup
26,10,Pickup,2,2,2,2,681,684,17:01,17:04,3,0,0.0,2,3.329,156.671,160.0,1,B495,pickup_service,Pickup,Pickup
26,11,Stay,2,2,2,2,684,685,17:04,17:05,1,0,0.0,1,0.0,160.0,160.0,1,B509,parking_charging,Position,Pickup
26,12,Pickup,2,2,2,2,685,688,17:05,17:08,3,0,0.0,2,0.0,160.0,160.0,2,B509,pickup_service,Pickup,Pickup
26,13,Movement,2,5,2,5,688,696,17:08,17:16,8,8,27.57,0,0.0,160.0,132.43,2,B495,passenger_flight,Position,Delivery
26,14,Delivery,5,5,5,5,696,699,17:16,17:19,3,0,0.0,2,8.534,132.43,140.964,1,B495,delivery_service,Delivery,Delivery
26,15,Delivery,5,5,5,5,699,702,17:19,17:22,3,0,0.0,2,8.534,140.964,149.498,0,B509,delivery_service,Delivery,Delivery
26,16,Movement,5,7,5,7,702,712,17:22,17:32,10,10,32.24,0,0.0,149.498,117.258,0,,return_to_depot,Position,Depot
27,0,Stay,8,8,8,8,0,180,05:40,08:40,180,0,0.0,180,0.0,160.0,160.0,0,B68,parking_charging,Position,Pickup
27,1,Pickup,8,8,8,8,180,183,08:40,08:43,3,0,0.0,2,0.0,160.0,160.0,1,B68,pickup_service,Pickup,Pickup
27,2,Movement,8,7,8,7,183,190,08:43,08:50,7,7,22.2,0,0.0,160.0,137.8,1,B68,passenger_flight,Position,Delivery
27,3,Delivery,7,7,7,7,190,193,08:50,08:53,3,0,0.0,2,8.534,137.8,146.334,0,B68,delivery_service,Delivery,Delivery
27,4,Stay,7,7,7,7,193,729,08:53,17:49,536,0,0.0,536,13.666,146.334,160.0,0,B635,parking_charging,Position,Pickup
27,5,Pickup,7,7,7,7,729,732,17:49,17:52,3,0,0.0,2,0.0,160.0,160.0,1,B635,pickup_service,Pickup,Pickup
27,6,Movement,7,4,7,4,732,739,17:52,17:59,7,7,21.43,0,0.0,160.0,138.57,1,B635,passenger_flight,Position,Delivery
27,7,Delivery,4,4,4,4,739,742,17:59,18:02,3,0,0.0,2,8.534,138.57,147.104,0,B635,delivery_service,Delivery,Delivery
27,8,Stay,4,4,4,4,742,760,18:02,18:20,18,0,0.0,18,12.896,147.104,160.0,0,B680,parking_charging,Position,Pickup
27,9,Pickup,4,4,4,4,760,763,18:20,18:23,3,0,0.0,2,0.0,160.0,160.0,1,B680,pickup_service,Pickup,Pickup
27,10,Stay,4,4,4,4,763,764,18:23,18:24,1,0,0.0,1,0.0,160.0,160.0,1,B687,parking_charging,Position,Pickup
27,11,Pickup,4,4,4,4,764,767,18:24,18:27,3,0,0.0,2,0.0,160.0,160.0,2,B687,pickup_service,Pickup,Pickup
27,12,Movement,4,3,4,3,767,774,18:27,18:34,7,7,12.6,0,0.0,160.0,147.4,2,B680,passenger_flight,Position,Delivery
27,13,Delivery,3,3,3,3,774,777,18:34,18:37,3,0,0.0,2,8.534,147.4,155.934,1,B680,delivery_service,Delivery,Delivery
27,14,Delivery,3,3,3,3,777,780,18:37,18:40,3,0,0.0,2,4.066,155.934,160.0,0,B687,delivery_service,Delivery,Delivery
27,15,Movement,3,8,3,8,780,790,18:40,18:50,10,10,35.17,0,0.0,160.0,124.83,0,,return_to_depot,Position,Depot
30,0,Stay,1,1,1,1,0,683,05:40,17:03,683,0,0.0,683,0.0,160.0,160.0,0,B498,parking_charging,Position,Pickup
30,1,Pickup,1,1,1,1,683,686,17:03,17:06,3,0,0.0,2,0.0,160.0,160.0,1,B498,pickup_service,Pickup,Pickup
30,2,Pickup,1,1,1,1,686,689,17:06,17:09,3,0,0.0,2,0.0,160.0,160.0,2,B507,pickup_service,Pickup,Pickup
30,3,Movement,1,5,1,5,689,697,17:09,17:17,8,8,14.88,0,0.0,160.0,145.12,2,B498,passenger_flight,Position,Delivery
30,4,Delivery,5,5,5,5,697,700,17:17,17:20,3,0,0.0,2,8.534,145.12,153.654,1,B498,delivery_service,Delivery,Delivery
30,5,Delivery,5,5,5,5,700,703,17:20,17:23,3,0,0.0,2,6.346,153.654,160.0,0,B507,delivery_service,Delivery,Delivery
30,6,Movement,5,1,5,1,703,711,17:23,17:31,8,8,14.88,0,0.0,160.0,145.12,0,,return_to_depot,Position,Depot
31,0,Stay,2,2,2,2,0,180,05:40,08:40,180,0,0.0,180,0.0,160.0,160.0,0,B63,parking_charging,Position,Pickup
31,1,Pickup,2,2,2,2,180,183,08:40,08:43,3,0,0.0,2,0.0,160.0,160.0,1,B63,pickup_service,Pickup,Pickup
31,2,Movement,2,4,2,4,183,189,08:43,08:49,6,6,16.13,0,0.0,160.0,143.87,1,B63,passenger_flight,Position,Delivery
31,3,Delivery,4,4,4,4,189,192,08:49,08:52,3,0,0.0,2,8.534,143.87,152.404,0,B63,delivery_service,Delivery,Delivery
31,4,Stay,4,4,4,4,192,602,08:52,15:42,410,0,0.0,410,7.596,152.404,160.0,0,B390,parking_charging,Position,Pickup
31,5,Pickup,4,4,4,4,602,605,15:42,15:45,3,0,0.0,2,0.0,160.0,160.0,1,B390,pickup_service,Pickup,Pickup
31,6,Movement,4,2,4,2,605,611,15:45,15:51,6,6,16.13,0,0.0,160.0,143.87,1,B390,passenger_flight,Position,Delivery
31,7,Delivery,2,2,2,2,611,614,15:51,15:54,3,0,0.0,2,8.534,143.87,152.404,0,B390,delivery_service,Delivery,Delivery
31,8,Stay,2,2,2,2,614,711,15:54,17:31,97,0,0.0,97,7.596,152.404,160.0,0,B586,parking_charging,Position,Pickup
31,9,Pickup,2,2,2,2,711,714,17:31,17:34,3,0,0.0,2,0.0,160.0,160.0,1,B586,pickup_service,Pickup,Pickup
31,10,Pickup,2,2,2,2,714,717,17:34,17:37,3,0,0.0,2,0.0,160.0,160.0,2,B591,pickup_service,Pickup,Pickup
31,11,Movement,2,1,2,1,717,724,17:37,17:44,7,7,13.61,0,0.0,160.0,146.39,2,B586,passenger_flight,Position,Delivery
31,12,Delivery,1,1,1,1,724,727,17:44,17:47,3,0,0.0,2,8.534,146.39,154.924,1,B586,delivery_service,Delivery,Delivery
31,13,Delivery,1,1,1,1,727,730,17:47,17:50,3,0,0.0,2,5.076,154.924,160.0,0,B591,delivery_service,Delivery,Delivery
31,14,Stay,1,1,1,1,730,787,17:50,18:47,57,0,0.0,57,0.0,160.0,160.0,0,B725,parking_charging,Position,Pickup
31,15,Pickup,1,1,1,1,787,790,18:47,18:50,3,0,0.0,2,0.0,160.0,160.0,1,B725,pickup_service,Pickup,Pickup
31,16,Movement,1,3,1,3,790,796,18:50,18:56,6,6,9.61,0,0.0,160.0,150.39,1,B725,passenger_flight,Position,Delivery
31,17,Delivery,3,3,3,3,796,799,18:56,18:59,3,0,0.0,2,8.534,150.39,158.924,0,B725,delivery_service,Delivery,Delivery
31,18,Movement,3,2,3,2,799,802,18:59,19:02,3,3,4.08,0,0.0,158.924,154.844,0,,return_to_depot,Position,Depot
32,0,Stay,3,3,3,3,0,286,05:40,10:26,286,0,0.0,286,0.0,160.0,160.0,0,B160,parking_charging,Position,Pickup
32,1,Pickup,3,3,3,3,286,289,10:26,10:29,3,0,0.0,2,0.0,160.0,160.0,1,B160,pickup_service,Pickup,Pickup
32,2,Movement,3,1,3,1,289,295,10:29,10:35,6,6,9.61,0,0.0,160.0,150.39,1,B160,passenger_flight,Position,Delivery
32,3,Delivery,1,1,1,1,295,298,10:35,10:38,3,0,0.0,2,8.534,150.39,158.924,0,B160,delivery_service,Delivery,Delivery
32,4,Stay,1,1,1,1,298,742,10:38,18:02,444,0,0.0,444,1.076,158.924,160.0,0,B657,parking_charging,Position,Pickup
32,5,Pickup,1,1,1,1,742,745,18:02,18:05,3,0,0.0,2,0.0,160.0,160.0,1,B657,pickup_service,Pickup,Pickup
32,6,Stay,1,1,1,1,745,746,18:05,18:06,1,0,0.0,1,0.0,160.0,160.0,1,B664,parking_charging,Position,Pickup
32,7,Pickup,1,1,1,1,746,749,18:06,18:09,3,0,0.0,2,0.0,160.0,160.0,2,B664,pickup_service,Pickup,Pickup
32,8,Movement,1,7,1,7,749,756,18:09,18:16,7,7,21.03,0,0.0,160.0,138.97,2,B657,passenger_flight,Position,Delivery
32,9,Delivery,7,7,7,7,756,759,18:16,18:19,3,0,0.0,2,8.534,138.97,147.504,1,B657,delivery_service,Delivery,Delivery
32,10,Delivery,7,7,7,7,759,762,18:19,18:22,3,0,0.0,2,8.534,147.504,156.038,0,B664,delivery_service,Delivery,Delivery
32,11,Movement,7,3,7,3,762,769,18:22,18:29,7,7,13.33,0,0.0,156.038,142.708,0,,return_to_depot,Position,Depot
33,0,Stay,4,4,4,4,0,517,05:40,14:17,517,0,0.0,517,0.0,160.0,160.0,0,B314,parking_charging,Position,Pickup
33,1,Pickup,4,4,4,4,517,520,14:17,14:20,3,0,0.0,2,0.0,160.0,160.0,1,B314,pickup_service,Pickup,Pickup
33,2,Stay,4,4,4,4,520,523,14:20,14:23,3,0,0.0,3,0.0,160.0,160.0,1,B314,parking_charging,Position,Movement
33,3,Movement,4,7,4,7,523,530,14:23,14:30,7,7,21.43,0,0.0,160.0,138.57,1,B314,passenger_flight,Position,Delivery
33,4,Delivery,7,7,7,7,530,533,14:30,14:33,3,0,0.0,2,8.534,138.57,147.104,0,B314,delivery_service,Delivery,Delivery
33,5,Movement,7,4,7,4,533,540,14:33,14:40,7,7,21.43,0,0.0,147.104,125.674,0,,return_to_depot,Position,Depot
34,0,Stay,5,5,5,5,0,160,05:40,08:20,160,0,0.0,160,0.0,160.0,160.0,0,B46,parking_charging,Position,Pickup
34,1,Pickup,5,5,5,5,160,163,08:20,08:23,3,0,0.0,2,0.0,160.0,160.0,2,B46,pickup_service,Pickup,Pickup
34,2,Stay,5,5,5,5,163,164,08:23,08:24,1,0,0.0,1,0.0,160.0,160.0,2,B49,parking_charging,Position,Pickup
34,3,Pickup,5,5,5,5,164,167,08:24,08:27,3,0,0.0,2,0.0,160.0,160.0,3,B49,pickup_service,Pickup,Pickup
34,4,Movement,5,3,5,3,167,175,08:27,08:35,8,8,23.93,0,0.0,160.0,136.07,3,B46,passenger_flight,Position,Delivery
34,5,Delivery,3,3,3,3,175,178,08:35,08:38,3,0,0.0,2,8.534,136.07,144.604,1,B46,delivery_service,Delivery,Delivery
34,6,Delivery,3,3,3,3,178,181,08:38,08:41,3,0,0.0,2,8.534,144.604,153.138,0,B49,delivery_service,Delivery,Delivery
34,7,Stay,3,3,3,3,181,329,08:41,11:09,148,0,0.0,148,6.862,153.138,160.0,0,B216,parking_charging,Position,Pickup
34,8,Pickup,3,3,3,3,329,332,11:09,11:12,3,0,0.0,2,0.0,160.0,160.0,1,B216,pickup_service,Pickup,Pickup
34,9,Movement,3,1,3,1,332,338,11:12,11:18,6,6,9.61,0,0.0,160.0,150.39,1,B216,passenger_flight,Position,Delivery
34,10,Delivery,1,1,1,1,338,341,11:18,11:21,3,0,0.0,2,8.534,150.39,158.924,0,B216,delivery_service,Delivery,Delivery
34,11,Stay,1,1,1,1,341,710,11:21,17:30,369,0,0.0,369,1.076,158.924,160.0,0,B580,parking_charging,Position,Pickup
34,12,Pickup,1,1,1,1,710,713,17:30,17:33,3,0,0.0,2,0.0,160.0,160.0,1,B580,pickup_service,Pickup,Pickup
34,13,Stay,1,1,1,1,713,714,17:33,17:34,1,0,0.0,1,0.0,160.0,160.0,1,B596,parking_charging,Position,Pickup
34,14,Pickup,1,1,1,1,714,717,17:34,17:37,3,0,0.0,2,0.0,160.0,160.0,2,B596,pickup_service,Pickup,Pickup
34,15,Movement,1,7,1,7,717,724,17:37,17:44,7,7,21.03,0,0.0,160.0,138.97,2,B580,passenger_flight,Position,Delivery
34,16,Delivery,7,7,7,7,724,727,17:44,17:47,3,0,0.0,2,8.534,138.97,147.504,1,B580,delivery_service,Delivery,Delivery
34,17,Delivery,7,7,7,7,727,730,17:47,17:50,3,0,0.0,2,8.534,147.504,156.038,0,B596,delivery_service,Delivery,Delivery
34,18,Stay,7,7,7,7,730,736,17:50,17:56,6,0,0.0,6,3.962,156.038,160.0,0,B648,parking_charging,Position,Pickup
34,19,Pickup,7,7,7,7,736,739,17:56,17:59,3,0,0.0,2,0.0,160.0,160.0,1,B648,pickup_service,Pickup,Pickup
34,20,Stay,7,7,7,7,739,743,17:59,18:03,4,0,0.0,4,0.0,160.0,160.0,1,B648,parking_charging,Position,Movement
34,21,Movement,7,4,7,4,743,750,18:03,18:10,7,7,21.43,0,0.0,160.0,138.57,1,B648,passenger_flight,Position,Delivery
34,22,Delivery,4,4,4,4,750,753,18:10,18:13,3,0,0.0,2,8.534,138.57,147.104,0,B648,delivery_service,Delivery,Delivery
34,23,Movement,4,5,4,5,753,759,18:13,18:19,6,6,11.45,0,0.0,147.104,135.654,0,,return_to_depot,Position,Depot
35,0,Stay,6,6,6,6,0,160,05:40,08:20,160,0,0.0,160,0.0,160.0,160.0,0,B42,parking_charging,Position,Pickup
35,1,Pickup,6,6,6,6,160,163,08:20,08:23,3,0,0.0,2,0.0,160.0,160.0,1,B42,pickup_service,Pickup,Pickup
35,2,Movement,6,1,6,1,163,170,08:23,08:30,7,7,23.39,0,0.0,160.0,136.61,1,B42,passenger_flight,Position,Delivery
35,3,Delivery,1,1,1,1,170,173,08:30,08:33,3,0,0.0,2,8.534,136.61,145.144,0,B42,delivery_service,Delivery,Delivery
35,4,Stay,1,1,1,1,173,782,08:33,18:42,609,0,0.0,609,14.856,145.144,160.0,0,B719,parking_charging,Position,Pickup
35,5,Pickup,1,1,1,1,782,785,18:42,18:45,3,0,0.0,2,0.0,160.0,160.0,1,B719,pickup_service,Pickup,Pickup
35,6,Pickup,1,1,1,1,785,788,18:45,18:48,3,0,0.0,2,0.0,160.0,160.0,2,B723,pickup_service,Pickup,Pickup
35,7,Movement,1,6,1,6,788,795,18:48,18:55,7,7,23.39,0,0.0,160.0,136.61,2,B719,passenger_flight,Position,Delivery
35,8,Delivery,6,6,6,6,795,798,18:55,18:58,3,0,0.0,2,8.534,136.61,145.144,1,B719,delivery_service,Delivery,Delivery
35,9,Delivery,6,6,6,6,798,801,18:58,19:01,3,0,0.0,2,8.534,145.144,153.678,0,B723,delivery_service,Delivery,Delivery
37,0,Stay,8,8,8,8,0,182,05:40,08:42,182,0,0.0,182,0.0,160.0,160.0,0,B70,parking_charging,Position,Pickup
37,1,Pickup,8,8,8,8,182,185,08:42,08:45,3,0,0.0,2,0.0,160.0,160.0,1,B70,pickup_service,Pickup,Pickup
37,2,Pickup,8,8,8,8,185,188,08:45,08:48,3,0,0.0,2,0.0,160.0,160.0,2,B76,pickup_service,Pickup,Pickup
37,3,Movement,8,4,8,4,188,199,08:48,08:59,11,11,39.54,0,0.0,160.0,120.46,2,B70,passenger_flight,Position,Delivery
37,4,Delivery,4,4,4,4,199,202,08:59,09:02,3,0,0.0,2,8.534,120.46,128.994,1,B70,delivery_service,Delivery,Delivery
37,5,Delivery,4,4,4,4,202,205,09:02,09:05,3,0,0.0,2,8.534,128.994,137.528,0,B76,delivery_service,Delivery,Delivery
37,6,Stay,4,4,4,4,205,643,09:05,16:23,438,0,0.0,438,22.472,137.528,160.0,0,B427,parking_charging,Position,Pickup
37,7,Pickup,4,4,4,4,643,646,16:23,16:26,3,0,0.0,2,0.0,160.0,160.0,1,B427,pickup_service,Pickup,Pickup
37,8,Movement,4,2,4,2,646,652,16:26,16:32,6,6,16.13,0,0.0,160.0,143.87,1,B427,passenger_flight,Position,Delivery
37,9,Delivery,2,2,2,2,652,655,16:32,16:35,3,0,0.0,2,8.534,143.87,152.404,0,B427,delivery_service,Delivery,Delivery
37,10,Stay,2,2,2,2,655,770,16:35,18:30,115,0,0.0,115,7.596,152.404,160.0,0,B696,parking_charging,Position,Pickup
37,11,Pickup,2,2,2,2,770,773,18:30,18:33,3,0,0.0,2,0.0,160.0,160.0,1,B696,pickup_service,Pickup,Pickup
37,12,Movement,2,3,2,3,773,776,18:33,18:36,3,3,4.08,0,0.0,160.0,155.92,1,B702,passenger_flight,Position,Pickup
37,13,Pickup,3,3,3,3,776,779,18:36,18:39,3,0,0.0,2,4.08,155.92,160.0,2,B702,pickup_service,Pickup,Pickup
37,14,Movement,3,5,3,5,779,787,18:39,18:47,8,8,23.93,0,0.0,160.0,136.07,2,B696,passenger_flight,Position,Delivery
37,15,Delivery,5,5,5,5,787,790,18:47,18:50,3,0,0.0,2,8.534,136.07,144.604,1,B696,delivery_service,Delivery,Delivery
37,16,Delivery,5,5,5,5,790,793,18:50,18:53,3,0,0.0,2,8.534,144.604,153.138,0,B702,delivery_service,Delivery,Delivery
37,17,Movement,5,8,5,8,793,807,18:53,19:07,14,14,47.79,0,0.0,153.138,105.348,0,,return_to_depot,Position,Depot
40,0,Stay,1,1,1,1,0,752,05:40,18:12,752,0,0.0,752,0.0,160.0,160.0,0,B671,parking_charging,Position,Pickup
40,1,Pickup,1,1,1,1,752,755,18:12,18:15,3,0,0.0,2,0.0,160.0,160.0,1,B671,pickup_service,Pickup,Pickup
40,2,Pickup,1,1,1,1,755,758,18:15,18:18,3,0,0.0,2,0.0,160.0,160.0,2,B673,pickup_service,Pickup,Pickup
40,3,Movement,1,7,1,7,758,765,18:18,18:25,7,7,21.03,0,0.0,160.0,138.97,2,B671,passenger_flight,Position,Delivery
40,4,Delivery,7,7,7,7,765,768,18:25,18:28,3,0,0.0,2,8.534,138.97,147.504,1,B671,delivery_service,Delivery,Delivery
40,5,Delivery,7,7,7,7,768,771,18:28,18:31,3,0,0.0,2,8.534,147.504,156.038,0,B673,delivery_service,Delivery,Delivery
40,6,Movement,7,1,7,1,771,778,18:31,18:38,7,7,21.03,0,0.0,156.038,135.008,0,,return_to_depot,Position,Depot
41,0,Stay,2,2,2,2,0,223,05:40,09:23,223,0,0.0,223,0.0,160.0,160.0,0,B101,parking_charging,Position,Pickup
41,1,Pickup,2,2,2,2,223,226,09:23,09:26,3,0,0.0,2,0.0,160.0,160.0,1,B101,pickup_service,Pickup,Pickup
41,2,Movement,2,4,2,4,226,232,09:26,09:32,6,6,16.13,0,0.0,160.0,143.87,1,B101,passenger_flight,Position,Delivery
41,3,Delivery,4,4,4,4,232,235,09:32,09:35,3,0,0.0,2,8.534,143.87,152.404,0,B101,delivery_service,Delivery,Delivery
41,4,Stay,4,4,4,4,235,660,09:35,16:40,425,0,0.0,425,7.596,152.404,160.0,0,B446,parking_charging,Position,Pickup
41,5,Pickup,4,4,4,4,660,663,16:40,16:43,3,0,0.0,2,0.0,160.0,160.0,1,B446,pickup_service,Pickup,Pickup
41,6,Movement,4,7,4,7,663,670,16:43,16:50,7,7,21.43,0,0.0,160.0,138.57,1,B446,passenger_flight,Position,Delivery
41,7,Delivery,7,7,7,7,670,673,16:50,16:53,3,0,0.0,2,8.534,138.57,147.104,0,B446,delivery_service,Delivery,Delivery
41,8,Movement,7,2,7,2,673,679,16:53,16:59,6,6,10.2,0,0.0,147.104,136.904,0,,return_to_depot,Position,Depot
42,0,Stay,3,3,3,3,0,654,05:40,16:34,654,0,0.0,654,0.0,160.0,160.0,0,B441,parking_charging,Position,Pickup
42,1,Pickup,3,3,3,3,654,657,16:34,16:37,3,0,0.0,2,0.0,160.0,160.0,1,B441,pickup_service,Pickup,Pickup
42,2,Stay,3,3,3,3,657,658,16:37,16:38,1,0,0.0,1,0.0,160.0,160.0,1,B448,parking_charging,Position,Pickup
42,3,Pickup,3,3,3,3,658,661,16:38,16:41,3,0,0.0,2,0.0,160.0,160.0,2,B448,pickup_service,Pickup,Pickup
42,4,Movement,3,4,3,4,661,668,16:41,16:48,7,7,12.6,0,0.0,160.0,147.4,2,B441,passenger_flight,Position,Delivery
42,5,Delivery,4,4,4,4,668,671,16:48,16:51,3,0,0.0,2,8.534,147.4,155.934,1,B441,delivery_service,Delivery,Delivery
42,6,Delivery,4,4,4,4,671,674,16:51,16:54,3,0,0.0,2,4.066,155.934,160.0,0,B448,delivery_service,Delivery,Delivery
42,7,Stay,4,4,4,4,674,692,16:54,17:12,18,0,0.0,18,0.0,160.0,160.0,0,B531,parking_charging,Position,Pickup
42,8,Pickup,4,4,4,4,692,695,17:12,17:15,3,0,0.0,2,0.0,160.0,160.0,1,B531,pickup_service,Pickup,Pickup
42,9,Pickup,4,4,4,4,695,698,17:15,17:18,3,0,0.0,2,0.0,160.0,160.0,2,B538,pickup_service,Pickup,Pickup
42,10,Movement,4,2,4,2,698,704,17:18,17:24,6,6,16.13,0,0.0,160.0,143.87,2,B531,passenger_flight,Position,Delivery
42,11,Delivery,2,2,2,2,704,707,17:24,17:27,3,0,0.0,2,8.534,143.87,152.404,1,B531,delivery_service,Delivery,Delivery
42,12,Delivery,2,2,2,2,707,710,17:27,17:30,3,0,0.0,2,7.596,152.404,160.0,0,B538,delivery_service,Delivery,Delivery
42,13,Pickup,2,2,2,2,710,713,17:30,17:33,3,0,0.0,2,0.0,160.0,160.0,1,B572,pickup_service,Pickup,Pickup
42,14,Pickup,2,2,2,2,713,716,17:33,17:36,3,0,0.0,2,0.0,160.0,160.0,2,B593,pickup_service,Pickup,Pickup
42,15,Movement,2,5,2,5,716,724,17:36,17:44,8,8,27.57,0,0.0,160.0,132.43,2,B572,passenger_flight,Position,Delivery
42,16,Delivery,5,5,5,5,724,727,17:44,17:47,3,0,0.0,2,8.534,132.43,140.964,1,B572,delivery_service,Delivery,Delivery
42,17,Delivery,5,5,5,5,727,730,17:47,17:50,3,0,0.0,2,8.534,140.964,149.498,0,B593,delivery_service,Delivery,Delivery
42,18,Movement,5,3,5,3,730,738,17:50,17:58,8,8,23.93,0,0.0,149.498,125.568,0,,return_to_depot,Position,Depot
43,0,Stay,4,4,4,4,0,693,05:40,17:13,693,0,0.0,693,0.0,160.0,160.0,0,B536,parking_charging,Position,Pickup
43,1,Pickup,4,4,4,4,693,696,17:13,17:16,3,0,0.0,2,0.0,160.0,160.0,1,B536,pickup_service,Pickup,Pickup
43,2,Stay,4,4,4,4,696,697,17:16,17:17,1,0,0.0,1,0.0,160.0,160.0,1,B543,parking_charging,Position,Pickup
43,3,Pickup,4,4,4,4,697,700,17:17,17:20,3,0,0.0,2,0.0,160.0,160.0,2,B543,pickup_service,Pickup,Pickup
43,4,Movement,4,2,4,2,700,706,17:20,17:26,6,6,16.13,0,0.0,160.0,143.87,2,B536,passenger_flight,Position,Delivery
43,5,Delivery,2,2,2,2,706,709,17:26,17:29,3,0,0.0,2,8.534,143.87,152.404,1,B536,delivery_service,Delivery,Delivery
43,6,Delivery,2,2,2,2,709,712,17:29,17:32,3,0,0.0,2,7.596,152.404,160.0,0,B543,delivery_service,Delivery,Delivery
43,7,Stay,2,2,2,2,712,781,17:32,18:41,69,0,0.0,69,0.0,160.0,160.0,0,B716,parking_charging,Position,Pickup
43,8,Pickup,2,2,2,2,781,784,18:41,18:44,3,0,0.0,2,0.0,160.0,160.0,1,B716,pickup_service,Pickup,Pickup
43,9,Pickup,2,2,2,2,784,787,18:44,18:47,3,0,0.0,2,0.0,160.0,160.0,2,B711,pickup_service,Pickup,Pickup
43,10,Movement,2,5,2,5,787,795,18:47,18:55,8,8,27.57,0,0.0,160.0,132.43,2,B711,passenger_flight,Position,Delivery
43,11,Delivery,5,5,5,5,795,798,18:55,18:58,3,0,0.0,2,8.534,132.43,140.964,1,B711,delivery_service,Delivery,Delivery
43,12,Delivery,5,5,5,5,798,801,18:58,19:01,3,0,0.0,2,8.534,140.964,149.498,0,B716,delivery_service,Delivery,Delivery
43,13,Movement,5,4,5,4,801,807,19:01,19:07,6,6,11.45,0,0.0,149.498,138.048,0,,return_to_depot,Position,Depot
44,0,Stay,5,5,5,5,0,201,05:40,09:01,201,0,0.0,201,0.0,160.0,160.0,0,B89,parking_charging,Position,Pickup
44,1,Pickup,5,5,5,5,201,204,09:01,09:04,3,0,0.0,2,0.0,160.0,160.0,1,B89,pickup_service,Pickup,Pickup
44,2,Movement,5,4,5,4,204,210,09:04,09:10,6,6,11.45,0,0.0,160.0,148.55,1,B89,passenger_flight,Position,Delivery
44,3,Delivery,4,4,4,4,210,213,09:10,09:13,3,0,0.0,2,8.534,148.55,157.084,0,B89,delivery_service,Delivery,Delivery
44,4,Stay,4,4,4,4,213,700,09:13,17:20,487,0,0.0,487,2.916,157.084,160.0,0,B541,parking_charging,Position,Pickup
44,5,Pickup,4,4,4,4,700,703,17:20,17:23,3,0,0.0,2,0.0,160.0,160.0,1,B541,pickup_service,Pickup,Pickup
44,6,Movement,4,3,4,3,703,710,17:23,17:30,7,7,12.6,0,0.0,160.0,147.4,1,B541,passenger_flight,Position,Delivery
44,7,Delivery,3,3,3,3,710,713,17:30,17:33,3,0,0.0,2,8.534,147.4,155.934,0,B541,delivery_service,Delivery,Delivery
44,8,Stay,3,3,3,3,713,720,17:33,17:40,7,0,0.0,7,4.066,155.934,160.0,0,B612,parking_charging,Position,Pickup
44,9,Pickup,3,3,3,3,720,723,17:40,17:43,3,0,0.0,2,0.0,160.0,160.0,1,B612,pickup_service,Pickup,Pickup
44,10,Stay,3,3,3,3,723,725,17:43,17:45,2,0,0.0,2,0.0,160.0,160.0,1,B625,parking_charging,Position,Pickup
44,11,Pickup,3,3,3,3,725,728,17:45,17:48,3,0,0.0,2,0.0,160.0,160.0,2,B625,pickup_service,Pickup,Pickup
44,12,Movement,3,4,3,4,728,735,17:48,17:55,7,7,12.6,0,0.0,160.0,147.4,2,B612,passenger_flight,Position,Delivery
44,13,Delivery,4,4,4,4,735,738,17:55,17:58,3,0,0.0,2,8.534,147.4,155.934,1,B612,delivery_service,Delivery,Delivery
44,14,Delivery,4,4,4,4,738,741,17:58,18:01,3,0,0.0,2,4.066,155.934,160.0,0,B625,delivery_service,Delivery,Delivery
44,15,Stay,4,4,4,4,741,769,18:01,18:29,28,0,0.0,28,0.0,160.0,160.0,0,B695,parking_charging,Position,Pickup
44,16,Pickup,4,4,4,4,769,772,18:29,18:32,3,0,0.0,2,0.0,160.0,160.0,1,B695,pickup_service,Pickup,Pickup
44,17,Stay,4,4,4,4,772,773,18:32,18:33,1,0,0.0,1,0.0,160.0,160.0,1,B703,parking_charging,Position,Pickup
44,18,Pickup,4,4,4,4,773,776,18:33,18:36,3,0,0.0,2,0.0,160.0,160.0,2,B703,pickup_service,Pickup,Pickup
44,19,Movement,4,3,4,3,776,783,18:36,18:43,7,7,12.6,0,0.0,160.0,147.4,2,B695,passenger_flight,Position,Delivery
44,20,Delivery,3,3,3,3,783,786,18:43,18:46,3,0,0.0,2,8.534,147.4,155.934,1,B695,delivery_service,Delivery,Delivery
44,21,Delivery,3,3,3,3,786,789,18:46,18:49,3,0,0.0,2,4.066,155.934,160.0,0,B703,delivery_service,Delivery,Delivery
44,22,Movement,3,5,3,5,789,797,18:49,18:57,8,8,23.93,0,0.0,160.0,136.07,0,,return_to_depot,Position,Depot
45,0,Stay,6,6,6,6,0,180,05:40,08:40,180,0,0.0,180,0.0,160.0,160.0,0,B62,parking_charging,Position,Pickup
45,1,Pickup,6,6,6,6,180,183,08:40,08:43,3,0,0.0,2,0.0,160.0,160.0,1,B62,pickup_service,Pickup,Pickup
45,2,Movement,6,1,6,1,183,190,08:43,08:50,7,7,23.39,0,0.0,160.0,136.61,1,B62,passenger_flight,Position,Delivery
45,3,Delivery,1,1,1,1,190,193,08:50,08:53,3,0,0.0,2,8.534,136.61,145.144,0,B62,delivery_service,Delivery,Delivery
45,4,Stay,1,1,1,1,193,761,08:53,18:21,568,0,0.0,568,14.856,145.144,160.0,0,B681,parking_charging,Position,Pickup
45,5,Pickup,1,1,1,1,761,764,18:21,18:24,3,0,0.0,2,0.0,160.0,160.0,1,B681,pickup_service,Pickup,Pickup
45,6,Stay,1,1,1,1,764,766,18:24,18:26,2,0,0.0,2,0.0,160.0,160.0,1,B690,parking_charging,Position,Pickup
45,7,Pickup,1,1,1,1,766,769,18:26,18:29,3,0,0.0,2,0.0,160.0,160.0,2,B690,pickup_service,Pickup,Pickup
45,8,Movement,1,7,1,7,769,776,18:29,18:36,7,7,21.03,0,0.0,160.0,138.97,2,B681,passenger_flight,Position,Delivery
45,9,Delivery,7,7,7,7,776,779,18:36,18:39,3,0,0.0,2,8.534,138.97,147.504,1,B681,delivery_service,Delivery,Delivery
45,10,Delivery,7,7,7,7,779,782,18:39,18:42,3,0,0.0,2,8.534,147.504,156.038,0,B690,delivery_service,Delivery,Delivery
45,11,Movement,7,6,7,6,782,794,18:42,18:54,12,12,43.48,0,0.0,156.038,112.558,0,,return_to_depot,Position,Depot
51,0,Stay,2,2,2,2,0,731,05:40,17:51,731,0,0.0,731,0.0,160.0,160.0,0,B638,parking_charging,Position,Pickup
51,1,Pickup,2,2,2,2,731,734,17:51,17:54,3,0,0.0,2,0.0,160.0,160.0,1,B638,pickup_service,Pickup,Pickup
51,2,Stay,2,2,2,2,734,735,17:54,17:55,1,0,0.0,1,0.0,160.0,160.0,1,B644,parking_charging,Position,Pickup
51,3,Pickup,2,2,2,2,735,738,17:55,17:58,3,0,0.0,2,0.0,160.0,160.0,2,B644,pickup_service,Pickup,Pickup
51,4,Movement,2,1,2,1,738,745,17:58,18:05,7,7,13.61,0,0.0,160.0,146.39,2,B638,passenger_flight,Position,Delivery
51,5,Delivery,1,1,1,1,745,748,18:05,18:08,3,0,0.0,2,8.534,146.39,154.924,1,B638,delivery_service,Delivery,Delivery
51,6,Delivery,1,1,1,1,748,751,18:08,18:11,3,0,0.0,2,5.076,154.924,160.0,0,B644,delivery_service,Delivery,Delivery
51,7,Stay,1,1,1,1,751,776,18:11,18:36,25,0,0.0,25,0.0,160.0,160.0,0,B706,parking_charging,Position,Pickup
51,8,Pickup,1,1,1,1,776,779,18:36,18:39,3,0,0.0,2,0.0,160.0,160.0,1,B706,pickup_service,Pickup,Pickup
51,9,Pickup,1,1,1,1,779,782,18:39,18:42,3,0,0.0,2,0.0,160.0,160.0,2,B710,pickup_service,Pickup,Pickup
51,10,Movement,1,7,1,7,782,789,18:42,18:49,7,7,21.03,0,0.0,160.0,138.97,2,B706,passenger_flight,Position,Delivery
51,11,Delivery,7,7,7,7,789,792,18:49,18:52,3,0,0.0,2,8.534,138.97,147.504,1,B706,delivery_service,Delivery,Delivery
51,12,Delivery,7,7,7,7,792,795,18:52,18:55,3,0,0.0,2,8.534,147.504,156.038,0,B710,delivery_service,Delivery,Delivery
51,13,Movement,7,2,7,2,795,801,18:55,19:01,6,6,10.2,0,0.0,156.038,145.838,0,,return_to_depot,Position,Depot
52,0,Stay,3,3,3,3,0,699,05:40,17:19,699,0,0.0,699,0.0,160.0,160.0,0,B547,parking_charging,Position,Pickup
52,1,Pickup,3,3,3,3,699,702,17:19,17:22,3,0,0.0,2,0.0,160.0,160.0,2,B547,pickup_service,Pickup,Pickup
52,2,Stay,3,3,3,3,702,706,17:22,17:26,4,0,0.0,4,0.0,160.0,160.0,2,B547,parking_charging,Position,Movement
52,3,Movement,3,4,3,4,706,713,17:26,17:33,7,7,12.6,0,0.0,160.0,147.4,2,B547,passenger_flight,Position,Delivery
52,4,Delivery,4,4,4,4,713,716,17:33,17:36,3,0,0.0,2,8.534,147.4,155.934,0,B547,delivery_service,Delivery,Delivery
52,5,Stay,4,4,4,4,716,726,17:36,17:46,10,0,0.0,10,4.066,155.934,160.0,0,B627,parking_charging,Position,Pickup
52,6,Pickup,4,4,4,4,726,729,17:46,17:49,3,0,0.0,2,0.0,160.0,160.0,1,B627,pickup_service,Pickup,Pickup
52,7,Pickup,4,4,4,4,729,732,17:49,17:52,3,0,0.0,2,0.0,160.0,160.0,2,B630,pickup_service,Pickup,Pickup
52,8,Movement,4,2,4,2,732,738,17:52,17:58,6,6,16.13,0,0.0,160.0,143.87,2,B627,passenger_flight,Position,Delivery
52,9,Delivery,2,2,2,2,738,741,17:58,18:01,3,0,0.0,2,8.534,143.87,152.404,1,B627,delivery_service,Delivery,Delivery
52,10,Delivery,2,2,2,2,741,744,18:01,18:04,3,0,0.0,2,7.596,152.404,160.0,0,B630,delivery_service,Delivery,Delivery
52,11,Movement,2,3,2,3,744,747,18:04,18:07,3,3,4.08,0,0.0,160.0,155.92,0,,return_to_depot,Position,Depot
53,0,Stay,4,4,4,4,0,742,05:40,18:02,742,0,0.0,742,0.0,160.0,160.0,0,B658,parking_charging,Position,Pickup
53,1,Pickup,4,4,4,4,742,745,18:02,18:05,3,0,0.0,2,0.0,160.0,160.0,1,B658,pickup_service,Pickup,Pickup
53,2,Pickup,4,4,4,4,745,748,18:05,18:08,3,0,0.0,2,0.0,160.0,160.0,2,B661,pickup_service,Pickup,Pickup
53,3,Movement,4,7,4,7,748,755,18:08,18:15,7,7,21.43,0,0.0,160.0,138.57,2,B658,passenger_flight,Position,Delivery
53,4,Delivery,7,7,7,7,755,758,18:15,18:18,3,0,0.0,2,8.534,138.57,147.104,1,B658,delivery_service,Delivery,Delivery
53,5,Delivery,7,7,7,7,758,761,18:18,18:21,3,0,0.0,2,8.534,147.104,155.638,0,B661,delivery_service,Delivery,Delivery
53,6,Movement,7,4,7,4,761,768,18:21,18:28,7,7,21.43,0,0.0,155.638,134.208,0,,return_to_depot,Position,Depot
54,0,Stay,5,5,5,5,0,184,05:40,08:44,184,0,0.0,184,0.0,160.0,160.0,0,B71,parking_charging,Position,Pickup
54,1,Pickup,5,5,5,5,184,187,08:44,08:47,3,0,0.0,2,0.0,160.0,160.0,1,B71,pickup_service,Pickup,Pickup
54,2,Pickup,5,5,5,5,187,190,08:47,08:50,3,0,0.0,2,0.0,160.0,160.0,2,B74,pickup_service,Pickup,Pickup
54,3,Movement,5,3,5,3,190,198,08:50,08:58,8,8,23.93,0,0.0,160.0,136.07,2,B71,passenger_flight,Position,Delivery
54,4,Delivery,3,3,3,3,198,201,08:58,09:01,3,0,0.0,2,8.534,136.07,144.604,1,B71,delivery_service,Delivery,Delivery
54,5,Delivery,3,3,3,3,201,204,09:01,09:04,3,0,0.0,2,8.534,144.604,153.138,0,B74,delivery_service,Delivery,Delivery
54,6,Stay,3,3,3,3,204,701,09:04,17:21,497,0,0.0,497,6.862,153.138,160.0,0,B552,parking_charging,Position,Pickup
54,7,Pickup,3,3,3,3,701,704,17:21,17:24,3,0,0.0,2,0.0,160.0,160.0,1,B552,pickup_service,Pickup,Pickup
54,8,Stay,3,3,3,3,704,705,17:24,17:25,1,0,0.0,1,0.0,160.0,160.0,1,B565,parking_charging,Position,Pickup
54,9,Pickup,3,3,3,3,705,708,17:25,17:28,3,0,0.0,2,0.0,160.0,160.0,2,B565,pickup_service,Pickup,Pickup
54,10,Movement,3,5,3,5,708,716,17:28,17:36,8,8,23.93,0,0.0,160.0,136.07,2,B552,passenger_flight,Position,Delivery
54,11,Delivery,5,5,5,5,716,719,17:36,17:39,3,0,0.0,2,8.534,136.07,144.604,1,B552,delivery_service,Delivery,Delivery
54,12,Delivery,5,5,5,5,719,722,17:39,17:42,3,0,0.0,2,8.534,144.604,153.138,0,B565,delivery_service,Delivery,Delivery
55,0,Stay,6,6,6,6,0,184,05:40,08:44,184,0,0.0,184,0.0,160.0,160.0,0,B72,parking_charging,Position,Pickup
55,1,Pickup,6,6,6,6,184,187,08:44,08:47,3,0,0.0,2,0.0,160.0,160.0,1,B72,pickup_service,Pickup,Pickup
55,2,Stay,6,6,6,6,187,188,08:47,08:48,1,0,0.0,1,0.0,160.0,160.0,1,B79,parking_charging,Position,Pickup
55,3,Pickup,6,6,6,6,188,191,08:48,08:51,3,0,0.0,2,0.0,160.0,160.0,2,B79,pickup_service,Pickup,Pickup
55,4,Movement,6,1,6,1,191,198,08:51,08:58,7,7,23.39,0,0.0,160.0,136.61,2,B72,passenger_flight,Position,Delivery
55,5,Delivery,1,1,1,1,198,201,08:58,09:01,3,0,0.0,2,8.534,136.61,145.144,1,B72,delivery_service,Delivery,Delivery
55,6,Delivery,1,1,1,1,201,204,09:01,09:04,3,0,0.0,2,8.534,145.144,153.678,0,B79,delivery_service,Delivery,Delivery
55,7,Stay,1,1,1,1,204,719,09:04,17:39,515,0,0.0,515,6.322,153.678,160.0,0,B607,parking_charging,Position,Pickup
55,8,Pickup,1,1,1,1,719,722,17:39,17:42,3,0,0.0,2,0.0,160.0,160.0,1,B607,pickup_service,Pickup,Pickup
55,9,Stay,1,1,1,1,722,726,17:42,17:46,4,0,0.0,4,0.0,160.0,160.0,1,B607,parking_charging,Position,Movement
55,10,Movement,1,6,1,6,726,733,17:46,17:53,7,7,23.39,0,0.0,160.0,136.61,1,B607,passenger_flight,Position,Delivery
55,11,Delivery,6,6,6,6,733,736,17:53,17:56,3,0,0.0,2,8.534,136.61,145.144,0,B607,delivery_service,Delivery,Delivery
62,0,Stay,3,3,3,3,0,684,05:40,17:04,684,0,0.0,684,0.0,160.0,160.0,0,B503,parking_charging,Position,Pickup
62,1,Pickup,3,3,3,3,684,687,17:04,17:07,3,0,0.0,2,0.0,160.0,160.0,1,B503,pickup_service,Pickup,Pickup
62,2,Movement,3,1,3,1,687,693,17:07,17:13,6,6,9.61,0,0.0,160.0,150.39,1,B503,passenger_flight,Position,Delivery
62,3,Delivery,1,1,1,1,693,696,17:13,17:16,3,0,0.0,2,8.534,150.39,158.924,0,B503,delivery_service,Delivery,Delivery
62,4,Movement,1,3,1,3,696,702,17:16,17:22,6,6,9.61,0,0.0,158.924,149.314,0,,return_to_depot,Position,Depot
63,0,Stay,4,4,4,4,0,704,05:40,17:24,704,0,0.0,704,0.0,160.0,160.0,0,B561,parking_charging,Position,Pickup
63,1,Pickup,4,4,4,4,704,707,17:24,17:27,3,0,0.0,2,0.0,160.0,160.0,1,B561,pickup_service,Pickup,Pickup
63,2,Pickup,4,4,4,4,707,710,17:27,17:30,3,0,0.0,2,0.0,160.0,160.0,2,B569,pickup_service,Pickup,Pickup
63,3,Movement,4,3,4,3,710,717,17:30,17:37,7,7,12.6,0,0.0,160.0,147.4,2,B561,passenger_flight,Position,Delivery
63,4,Delivery,3,3,3,3,717,720,17:37,17:40,3,0,0.0,2,8.534,147.4,155.934,1,B561,delivery_service,Delivery,Delivery
63,5,Delivery,3,3,3,3,720,723,17:40,17:43,3,0,0.0,2,4.066,155.934,160.0,0,B569,delivery_service,Delivery,Delivery
63,6,Stay,3,3,3,3,723,731,17:43,17:51,8,0,0.0,8,0.0,160.0,160.0,0,B640,parking_charging,Position,Pickup
63,7,Pickup,3,3,3,3,731,734,17:51,17:54,3,0,0.0,2,0.0,160.0,160.0,1,B640,pickup_service,Pickup,Pickup
63,8,Stay,3,3,3,3,734,735,17:54,17:55,1,0,0.0,1,0.0,160.0,160.0,1,B645,parking_charging,Position,Pickup
63,9,Pickup,3,3,3,3,735,738,17:55,17:58,3,0,0.0,2,0.0,160.0,160.0,2,B645,pickup_service,Pickup,Pickup
63,10,Movement,3,4,3,4,738,745,17:58,18:05,7,7,12.6,0,0.0,160.0,147.4,2,B640,passenger_flight,Position,Delivery
63,11,Delivery,4,4,4,4,745,748,18:05,18:08,3,0,0.0,2,8.534,147.4,155.934,1,B640,delivery_service,Delivery,Delivery
63,12,Delivery,4,4,4,4,748,751,18:08,18:11,3,0,0.0,2,4.066,155.934,160.0,0,B645,delivery_service,Delivery,Delivery
