batch_id,selected_request_id,origin,destination,max_wait,time_window_start,time_window_start_hhmm,time_window_end,time_window_end_hhmm,Transportation_min,Joby_min,Transportation_Joby_time_saving,pending_count,final_cost(원),assigned_vehicle,pickup_time,pickup_time_hhmm,delivery_time,delivery_time_hhmm,final_status
B1,R1,5,9,5,56,06:36,61,06:41,103,19,84,0,297150,2.0,37.0,06:17,57.0,06:37,Complete
B2,R2,2,9,5,56,06:36,61,06:41,60,16,44,1,304906,0.0,40.0,06:20,57.0,06:37,Complete
B3,R3,2,9,5,64,06:44,69,06:49,60,16,44,1,304906,5.0,48.0,06:28,65.0,06:45,Complete
B4,R4,5,7,5,93,07:13,98,07:18,56,12,44,1,313036,7.0,81.0,07:01,94.0,07:14,Complete
B5,R5,3,9,4,121,07:41,125,07:45,108,17,91,1,303916,1.0,104.0,07:24,122.0,07:42,Complete
B6,R6,5,7,5,123,07:43,128,07:48,56,12,44,0,296400,12.0,111.0,07:31,124.0,07:44,Complete
B7,R7,2,5,8,144,08:04,152,08:12,69,10,59,0,297950,10.0,134.0,07:54,145.0,08:05,Complete
B8,R8,5,2,5,146,08:06,151,08:11,66,11,55,0,297950,32.0,135.0,07:55,146.0,08:06,Complete
B9,R9,5,3,6,151,08:11,157,08:17,62,10,52,1,312285,47.0,141.0,08:01,157.0,08:17,Complete
B10,R10,3,5,7,152,08:12,159,08:19,58,10,48,1,313471,6.0,142.0,08:02,153.0,08:13,Complete
B11,R11,5,3,6,154,08:14,160,08:20,62,10,52,1,624571,27.0,144.0,08:04,158.0,08:18,Complete
B12,R12,5,3,6,155,08:15,161,08:21,62,10,52,1,624571,27.0,147.0,08:07,161.0,08:21,Complete
B13,R13,5,3,6,156,08:16,162,08:22,62,10,52,1,936856,47.0,146.0,08:06,160.0,08:20,Complete
B14,R14,5,3,6,158,08:18,164,08:24,62,10,52,1,312285,17.0,148.0,08:08,164.0,08:24,Complete
B15,R15,2,5,10,160,08:20,170,08:30,69,11,58,1,310704,15.0,149.0,08:09,167.0,08:27,Complete
B16,R16,5,3,6,161,08:21,167,08:27,62,10,52,0,596100,37.0,151.0,08:11,162.0,08:22,Complete
B17,R17,5,3,6,163,08:23,169,08:29,62,10,52,0,894150,17.0,153.0,08:13,167.0,08:27,Complete
B18,R18,3,5,7,166,08:26,173,08:33,58,10,48,0,298050,15.0,156.0,08:16,170.0,08:30,Complete
B19,R19,5,3,6,167,08:27,173,08:33,62,10,52,0,298050,52.0,157.0,08:17,171.0,08:31,Complete
B20,R20,3,9,5,175,08:35,180,08:40,108,17,91,0,295900,11.0,158.0,08:18,176.0,08:36,Complete
B21,R21,5,3,6,170,08:30,176,08:36,62,10,52,1,312285,42.0,160.0,08:20,171.0,08:31,Complete
B22,R22,9,7,5,174,08:34,179,08:39,86,14,72,1,306566,4.0,160.0,08:20,178.0,08:38,Complete
B23,R23,5,3,6,172,08:32,178,08:38,62,10,52,1,312285,6.0,162.0,08:22,178.0,08:38,Complete
B24,R24,9,7,5,176,08:36,181,08:41,86,14,72,1,306566,4.0,163.0,08:23,181.0,08:41,Complete
B25,R25,5,3,6,173,08:33,179,08:39,62,10,52,1,312285,22.0,163.0,08:23,177.0,08:37,Complete
B26,R26,5,2,6,174,08:34,180,08:40,66,10,56,1,311159,57.0,164.0,08:24,175.0,08:35,Complete
B27,R27,5,3,6,176,08:36,182,08:42,62,10,52,1,624571,22.0,166.0,08:26,180.0,08:40,Complete
B28,R28,3,9,5,184,08:44,189,08:49,108,17,91,1,303916,21.0,167.0,08:27,189.0,08:49,Complete
B29,R29,5,3,6,177,08:37,183,08:43,62,10,52,1,936856,6.0,167.0,08:27,181.0,08:41,Complete
B30,R30,3,9,5,186,08:46,191,08:51,108,17,91,1,303916,26.0,169.0,08:29,190.0,08:50,Complete
B31,R31,3,9,5,188,08:48,193,08:53,108,17,91,0,295900,21.0,171.0,08:31,192.0,08:52,Complete
B32,R32,3,9,5,189,08:49,194,08:54,108,17,91,0,295900,26.0,172.0,08:32,193.0,08:53,Complete
B33,R33,7,5,7,184,08:44,191,08:51,56,12,44,0,296400,3.0,172.0,08:32,185.0,08:45,Complete
B34,R34,5,2,6,184,08:44,190,08:50,66,10,56,0,297950,67.0,174.0,08:34,185.0,08:45,Complete
B35,R35,5,3,6,186,08:46,192,08:52,62,10,52,0,894150,10.0,176.0,08:36,190.0,08:50,Complete
B36,R36,5,3,6,187,08:47,193,08:53,62,10,52,0,596100,15.0,177.0,08:37,192.0,08:52,Complete
B37,R37,5,3,6,189,08:49,195,08:55,62,10,52,0,298050,10.0,179.0,08:39,193.0,08:53,Complete
B38,R38,5,2,6,192,08:52,198,08:58,66,11,55,1,622800,62.0,181.0,08:41,192.0,08:52,Complete
B39,R39,9,7,5,196,08:56,201,09:01,86,14,72,1,306566,0.0,182.0,08:42,197.0,08:57,Complete
B40,R40,3,9,5,200,09:00,205,09:05,108,17,91,1,303916,16.0,183.0,08:43,201.0,09:01,Complete
B41,R41,5,7,5,198,08:58,203,09:03,56,12,44,1,313036,82.0,186.0,08:46,199.0,08:59,Complete
B42,R42,9,7,5,201,09:01,206,09:06,86,14,72,1,306566,1.0,187.0,08:47,202.0,09:02,Complete
B43,R43,3,9,5,205,09:05,210,09:10,108,17,91,1,303916,17.0,188.0,08:48,206.0,09:06,Complete
B44,R44,3,5,7,199,08:59,206,09:06,58,10,48,1,313471,6.0,189.0,08:49,200.0,09:00,Complete
B45,R45,5,3,6,200,09:00,206,09:06,62,10,52,1,312285,72.0,190.0,08:50,204.0,09:04,Complete
B46,R46,5,3,6,201,09:01,207,09:07,62,10,52,0,596100,3.0,191.0,08:51,206.0,09:06,Complete
B47,R47,5,3,6,203,09:03,209,09:09,62,10,52,0,298050,72.0,193.0,08:53,207.0,09:07,Complete
B48,R48,3,9,5,212,09:12,217,09:17,108,17,91,0,295900,10.0,196.0,08:56,214.0,09:14,Complete
B49,R49,5,3,6,205,09:05,211,09:11,62,10,52,0,596100,3.0,195.0,08:55,209.0,09:09,Complete
B50,R50,9,7,5,210,09:10,215,09:15,86,14,72,0,296400,2.0,196.0,08:56,211.0,09:11,Complete
B51,R51,5,3,6,207,09:07,213,09:13,62,10,52,0,298050,77.0,197.0,08:57,211.0,09:11,Complete
B52,R52,9,2,7,214,09:14,221,09:21,106,16,90,0,296200,5.0,198.0,08:58,215.0,09:15,Complete
B53,R53,5,3,6,209,09:09,215,09:15,62,10,52,1,312285,6.0,203.0,09:03,214.0,09:14,Complete
B54,R54,5,7,6,218,09:18,224,09:24,56,12,44,1,313036,20.0,208.0,09:08,221.0,09:21,Complete
B55,R55,9,7,6,225,09:25,231,09:31,86,14,72,0,296400,9.0,211.0,09:11,226.0,09:26,Complete
B56,R56,5,2,5,222,09:22,227,09:27,66,10,56,0,297950,15.0,212.0,09:12,223.0,09:23,Complete
B57,R57,9,2,6,232,09:32,238,09:38,106,16,90,0,296200,11.0,216.0,09:16,233.0,09:33,Complete
B58,R58,5,7,6,231,09:31,237,09:37,56,12,44,0,296400,22.0,219.0,09:19,232.0,09:32,Complete
B59,R59,5,3,6,233,09:33,239,09:39,62,10,52,1,312285,87.0,223.0,09:23,234.0,09:34,Complete
B60,R60,9,7,6,239,09:39,245,09:45,86,14,72,1,306566,10.0,225.0,09:25,243.0,09:43,Complete
B61,R61,3,9,7,245,09:45,252,09:52,108,17,91,1,303916,3.0,228.0,09:28,246.0,09:46,Complete
B62,R62,9,7,6,242,09:42,248,09:48,86,14,72,1,306566,10.0,228.0,09:28,246.0,09:46,Complete
B63,R63,9,7,6,255,09:55,261,10:01,86,14,72,1,306566,14.0,241.0,09:41,256.0,09:56,Complete
B64,R64,5,3,6,253,09:53,259,09:59,62,10,52,1,312285,6.0,248.0,09:48,259.0,09:59,Complete
B65,R65,5,3,6,255,09:55,261,10:01,62,10,52,1,312285,25.0,248.0,09:48,259.0,09:59,Complete
B66,R66,5,7,6,257,09:57,263,10:03,56,12,44,1,313036,32.0,248.0,09:48,261.0,10:01,Complete
B67,R67,5,3,6,256,09:56,262,10:02,62,10,52,1,312285,27.0,248.0,09:48,259.0,09:59,Complete
B68,R68,5,7,6,267,10:07,273,10:13,56,12,44,0,296400,35.0,255.0,09:55,271.0,10:11,Complete
B69,R69,5,7,6,269,10:09,275,10:15,56,12,44,0,296400,35.0,258.0,09:58,274.0,10:14,Complete
B70,R70,3,9,5,277,10:17,282,10:22,108,17,91,1,303916,41.0,260.0,10:00,278.0,10:18,Complete
B71,R71,2,5,6,272,10:12,278,10:18,69,11,58,1,310704,5.0,261.0,10:01,276.0,10:16,Complete
B72,R72,3,5,6,272,10:12,278,10:18,58,10,48,1,313471,25.0,262.0,10:02,278.0,10:18,Complete
B73,,5,7,5,274,10:14,279,10:19,56,12,44,1,313036,,,,,,Overdue
B74,R74,5,9,6,283,10:23,289,10:29,103,19,84,1,305908,47.0,268.0,10:08,288.0,10:28,Complete
B75,R75,2,5,6,276,10:16,282,10:22,69,11,58,1,310704,5.0,265.0,10:05,279.0,10:19,Complete
B76,R76,3,5,6,277,10:17,283,10:23,58,10,48,1,313471,25.0,267.0,10:07,281.0,10:21,Complete
B77,R77,5,2,5,278,10:18,283,10:23,66,10,56,1,311159,37.0,268.0,10:08,279.0,10:19,Complete
B78,R78,7,9,5,282,10:22,287,10:27,89,14,75,1,306160,1.0,268.0,10:08,283.0,10:23,Complete
B79,R79,9,5,6,287,10:27,293,10:33,98,19,79,1,303592,19.0,268.0,10:08,288.0,10:28,Complete
B80,R80,2,5,6,280,10:20,286,10:26,69,11,58,1,310704,11.0,269.0,10:09,283.0,10:23,Complete
B81,R81,3,5,6,279,10:19,285,10:25,58,10,48,1,313471,27.0,269.0,10:09,283.0,10:23,Complete
B82,R82,2,5,6,280,10:20,286,10:26,69,10,59,1,310488,11.0,272.0,10:12,286.0,10:26,Complete
B83,R83,3,5,6,281,10:21,287,10:27,58,10,48,0,298050,27.0,272.0,10:12,286.0,10:26,Complete
B84,R84,9,2,5,287,10:27,292,10:32,106,16,90,0,296200,3.0,271.0,10:11,288.0,10:28,Complete
B85,R85,3,5,6,285,10:25,291,10:31,58,10,48,0,298050,31.0,275.0,10:15,289.0,10:29,Complete
B86,R86,7,5,7,288,10:28,295,10:35,56,12,44,0,296400,0.0,276.0,10:16,289.0,10:29,Complete
B87,R87,2,5,6,288,10:28,294,10:34,69,11,58,0,297950,40.0,277.0,10:17,294.0,10:34,Complete
B88,R88,3,5,6,287,10:27,293,10:33,58,10,48,0,298050,31.0,278.0,10:18,292.0,10:32,Complete
B89,R89,5,3,6,287,10:27,293,10:33,62,10,52,0,298050,30.0,277.0,10:17,291.0,10:31,Complete
B90,R90,5,3,6,289,10:29,295,10:35,62,10,52,1,312285,25.0,284.0,10:24,295.0,10:35,Complete
B91,R91,9,3,4,296,10:36,300,10:40,78,17,61,0,287450,16.0,279.0,10:19,297.0,10:37,Complete
B92,R92,2,5,6,290,10:30,296,10:36,69,10,59,1,310488,37.0,282.0,10:22,293.0,10:33,Complete
B93,R93,2,5,6,292,10:32,298,10:38,69,11,58,1,310704,15.0,286.0,10:26,297.0,10:37,Complete
B94,R94,3,9,5,298,10:38,303,10:43,108,17,91,1,303916,51.0,281.0,10:21,302.0,10:42,Complete
B95,R95,5,3,6,291,10:31,297,10:37,62,10,52,1,624571,5.0,282.0,10:22,297.0,10:37,Complete
B96,,5,7,5,293,10:33,298,10:38,56,12,44,1,313036,,,,,,Overdue
B97,R97,3,5,6,292,10:32,298,10:38,58,10,48,1,313471,36.0,282.0,10:22,293.0,10:33,Complete
B98,,5,7,5,294,10:34,299,10:39,56,12,44,1,313036,,,,,,Overdue
B99,R99,2,5,6,294,10:34,300,10:40,69,11,58,1,310704,15.0,283.0,10:23,300.0,10:40,Complete
B100,R100,3,9,5,300,10:40,305,10:45,108,17,91,1,303916,51.0,284.0,10:24,305.0,10:45,Complete
B101,R101,3,9,5,301,10:41,306,10:46,108,17,91,1,303916,52.0,284.0,10:24,302.0,10:42,Complete
B102,R102,3,5,6,295,10:35,301,10:41,58,10,48,1,313471,6.0,285.0,10:25,300.0,10:40,Complete
B103,R103,5,2,5,296,10:36,301,10:41,66,10,56,1,311159,27.0,289.0,10:29,300.0,10:40,Complete
B104,R104,5,3,6,296,10:36,302,10:42,62,10,52,1,312285,5.0,286.0,10:26,300.0,10:40,Complete
B105,R105,5,7,5,298,10:38,303,10:43,56,12,44,1,313036,55.0,288.0,10:28,301.0,10:41,Complete
B106,R106,9,3,4,303,10:43,307,10:47,78,17,61,1,298716,1.0,286.0,10:26,304.0,10:44,Complete
B107,R107,3,5,6,298,10:38,304,10:44,58,10,48,1,313471,42.0,288.0,10:28,304.0,10:44,Complete
B108,R108,3,5,6,299,10:39,305,10:45,58,10,48,1,626943,6.0,289.0,10:29,303.0,10:43,Complete
B109,R109,5,3,6,300,10:40,306,10:46,62,10,52,1,312285,11.0,290.0,10:30,301.0,10:41,Complete
B110,R110,3,5,6,303,10:43,309,10:49,58,10,48,0,298050,42.0,293.0,10:33,307.0,10:47,Complete
B111,R111,3,5,6,304,10:44,310,10:50,58,10,48,0,298050,30.0,294.0,10:34,305.0,10:45,Complete
B112,R112,2,5,6,306,10:46,312,10:52,69,11,58,0,297950,3.0,295.0,10:35,306.0,10:46,Complete
B113,R113,5,9,6,314,10:54,320,11:00,103,19,84,0,297150,40.0,297.0,10:37,317.0,10:57,Complete
B114,R114,3,9,5,313,10:53,318,10:58,108,17,91,0,295900,56.0,296.0,10:36,314.0,10:54,Complete
B115,R115,5,2,5,306,10:46,311,10:51,66,10,56,0,297950,37.0,296.0,10:36,310.0,10:50,Complete
B116,R116,5,7,5,309,10:49,314,10:54,56,12,44,0,592800,0.0,297.0,10:37,310.0,10:50,Complete
B117,R117,5,2,5,308,10:48,313,10:53,66,10,56,0,297950,37.0,299.0,10:39,313.0,10:53,Complete
B118,R118,9,3,4,317,10:57,321,11:01,78,17,61,1,298716,17.0,300.0,10:40,318.0,10:58,Complete
B119,R119,9,5,6,319,10:59,325,11:05,98,19,79,1,303592,26.0,300.0,10:40,320.0,11:00,Complete
B120,R120,3,5,6,311,10:51,317,10:57,58,10,48,1,626943,5.0,303.0,10:43,317.0,10:57,Complete
B121,R121,2,5,6,314,10:54,320,11:00,69,11,58,1,310704,45.0,303.0,10:43,314.0,10:54,Complete
B122,R122,5,3,6,313,10:53,319,10:59,62,10,52,1,312285,15.0,303.0,10:43,317.0,10:57,Complete
B123,R123,5,9,6,322,11:02,328,11:08,103,19,84,1,305908,6.0,306.0,10:46,326.0,11:06,Complete
B124,R124,5,3,6,314,10:54,320,11:00,62,10,52,1,312285,15.0,306.0,10:46,320.0,11:00,Complete
B125,R125,9,3,4,321,11:01,325,11:05,78,17,61,1,298716,21.0,304.0,10:44,322.0,11:02,Complete
B126,R126,3,5,6,315,10:55,321,11:01,58,10,48,1,313471,5.0,306.0,10:46,320.0,11:00,Complete
B127,R127,5,2,5,316,10:56,321,11:01,66,11,55,1,311400,19.0,305.0,10:45,316.0,10:56,Complete
B128,R128,3,9,5,323,11:03,328,11:08,108,17,91,1,303916,25.0,306.0,10:46,327.0,11:07,Complete
B129,R129,5,3,6,316,10:56,322,11:02,62,10,52,1,312285,3.0,309.0,10:49,320.0,11:00,Complete
B130,R130,3,5,6,317,10:57,323,11:03,58,10,48,1,313471,1.0,307.0,10:47,321.0,11:01,Complete
B131,R131,3,5,6,318,10:58,324,11:04,58,10,48,1,313471,1.0,310.0,10:50,324.0,11:04,Complete
B132,R132,3,9,5,325,11:05,330,11:10,108,17,91,1,303916,25.0,309.0,10:49,330.0,11:10,Complete
B133,R133,2,5,6,320,11:00,326,11:06,69,10,59,1,310488,50.0,310.0,10:50,324.0,11:04,Complete
B134,R134,3,5,6,321,11:01,327,11:07,58,10,48,0,298050,11.0,311.0,10:51,325.0,11:05,Complete
B135,R135,7,5,7,323,11:03,330,11:10,56,12,44,0,296400,0.0,313.0,10:53,329.0,11:09,Complete
B136,R136,2,5,6,322,11:02,328,11:08,69,10,59,0,297950,50.0,313.0,10:53,327.0,11:07,Complete
B137,R137,3,5,6,322,11:02,328,11:08,58,10,48,0,298050,11.0,314.0,10:54,328.0,11:08,Complete
B138,R138,5,3,6,325,11:05,331,11:11,62,10,52,0,298050,30.0,315.0,10:55,326.0,11:06,Complete
B139,R139,3,9,5,333,11:13,338,11:18,108,17,91,0,295900,46.0,316.0,10:56,334.0,11:14,Complete
B140,R140,5,2,5,328,11:08,333,11:13,66,11,55,0,297950,36.0,317.0,10:57,328.0,11:08,Complete
B141,R141,2,5,6,328,11:08,334,11:14,69,10,59,0,297950,27.0,318.0,10:58,333.0,11:13,Complete
B142,R142,5,7,5,330,11:10,335,11:15,56,12,44,0,296400,45.0,318.0,10:58,334.0,11:14,Complete
B143,R143,3,5,6,329,11:09,335,11:15,58,10,48,0,298050,16.0,319.0,10:59,333.0,11:13,Complete
B144,R144,5,7,5,332,11:12,337,11:17,56,12,44,1,313036,31.0,320.0,11:00,336.0,11:16,Complete
B145,R145,3,5,6,331,11:11,337,11:17,58,10,48,1,313471,15.0,323.0,11:03,334.0,11:14,Complete
B146,R146,5,3,6,331,11:11,337,11:17,62,10,52,1,312285,5.0,323.0,11:03,334.0,11:14,Complete
B147,R147,2,5,6,332,11:12,338,11:18,69,10,59,1,620976,19.0,322.0,11:02,333.0,11:13,Complete
B148,R148,9,3,5,339,11:19,344,11:24,78,17,61,1,298716,24.0,322.0,11:02,340.0,11:20,Complete
B149,R149,5,3,6,333,11:13,339,11:19,62,10,52,1,312285,1.0,327.0,11:07,338.0,11:18,Complete
B150,R150,5,7,5,335,11:15,340,11:20,56,12,44,1,313036,31.0,323.0,11:03,339.0,11:19,Complete
B151,R151,2,9,6,341,11:21,347,11:27,60,16,44,1,304906,60.0,325.0,11:05,342.0,11:22,Complete
B152,R152,5,2,6,336,11:16,342,11:22,66,11,55,1,311400,11.0,331.0,11:11,342.0,11:22,Complete
B153,R153,3,9,5,343,11:23,348,11:28,108,17,91,1,303916,17.0,326.0,11:06,347.0,11:27,Complete
B154,R154,5,9,7,345,11:25,352,11:32,103,19,84,1,305908,42.0,326.0,11:06,346.0,11:26,Complete
B155,R155,3,9,5,346,11:26,351,11:31,108,17,91,1,303916,17.0,329.0,11:09,350.0,11:30,Complete
B156,R156,5,3,6,341,11:21,347,11:27,62,10,52,0,298050,0.0,332.0,11:12,343.0,11:23,Complete
B157,R157,9,3,5,348,11:28,353,11:33,78,17,61,0,287450,6.0,331.0,11:11,349.0,11:29,Complete
B158,R158,2,5,6,342,11:22,348,11:28,69,10,59,0,297950,37.0,332.0,11:12,346.0,11:26,Complete
B159,R159,3,9,5,349,11:29,354,11:34,108,17,91,0,295900,3.0,332.0,11:12,354.0,11:34,Complete
B160,R160,2,5,6,344,11:24,350,11:30,69,10,59,0,297950,37.0,335.0,11:15,349.0,11:29,Complete
B161,R161,3,9,5,353,11:33,358,11:38,108,17,91,0,591800,3.0,336.0,11:16,357.0,11:37,Complete
B162,R162,9,3,5,353,11:33,358,11:38,78,17,61,0,287450,25.0,336.0,11:16,354.0,11:34,Complete
B163,R163,5,3,6,347,11:27,353,11:33,62,10,52,0,298050,16.0,337.0,11:17,352.0,11:32,Complete
B164,R164,5,9,7,357,11:37,364,11:44,103,19,84,1,305908,26.0,340.0,11:20,363.0,11:43,Complete
B165,R165,5,3,6,351,11:31,357,11:37,62,10,52,1,312285,15.0,341.0,11:21,355.0,11:35,Complete
B166,R166,5,9,7,360,11:40,367,11:47,103,19,84,1,305908,26.0,343.0,11:23,366.0,11:46,Complete
B167,R167,9,5,5,360,11:40,365,11:45,98,19,79,1,303592,29.0,341.0,11:21,361.0,11:41,Complete
B168,R168,5,3,6,352,11:32,358,11:38,62,10,52,1,312285,15.0,344.0,11:24,358.0,11:38,Complete
B169,R169,5,3,6,353,11:33,359,11:39,62,10,52,1,312285,19.0,343.0,11:23,358.0,11:38,Complete
B170,R170,2,5,6,356,11:36,362,11:42,69,11,58,1,621408,11.0,345.0,11:25,361.0,11:41,Complete
B171,R171,3,9,5,363,11:43,368,11:48,108,17,91,1,303916,5.0,346.0,11:26,364.0,11:44,Complete
B172,R172,5,3,6,357,11:37,363,11:43,62,10,52,1,312285,19.0,347.0,11:27,361.0,11:41,Complete
B173,R173,2,5,6,360,11:40,366,11:46,69,11,58,1,310704,57.0,349.0,11:29,366.0,11:46,Complete
B174,R174,2,5,6,360,11:40,366,11:46,69,10,59,1,310488,11.0,350.0,11:30,364.0,11:44,Complete
B175,R175,2,5,6,362,11:42,368,11:48,69,10,59,0,297950,57.0,352.0,11:32,363.0,11:43,Complete
B176,R176,9,3,5,370,11:50,375,11:55,78,17,61,0,287450,17.0,353.0,11:33,371.0,11:51,Complete
B177,R177,3,5,6,364,11:44,370,11:50,58,10,48,0,298050,6.0,354.0,11:34,365.0,11:45,Complete
B178,R178,9,5,5,375,11:55,380,12:00,98,19,79,1,303592,3.0,360.0,11:40,380.0,12:00,Complete
B179,R179,2,5,6,372,11:52,378,11:58,69,11,58,1,621408,62.0,361.0,11:41,378.0,11:58,Complete
B180,R180,2,5,6,372,11:52,378,11:58,69,10,59,1,620976,36.0,362.0,11:42,376.0,11:56,Complete
B181,R181,5,9,7,381,12:01,388,12:08,103,19,84,1,305908,50.0,362.0,11:42,387.0,12:07,Complete
B182,R182,7,9,6,377,11:57,383,12:03,89,14,75,1,306160,4.0,363.0,11:43,378.0,11:58,Complete
B183,R183,2,5,6,374,11:54,380,12:00,69,10,59,1,310488,36.0,365.0,11:45,379.0,11:59,Complete
B184,R184,3,5,6,375,11:55,381,12:01,58,10,48,1,313471,62.0,367.0,11:47,381.0,12:01,Complete
B185,R185,9,5,5,385,12:05,390,12:10,98,19,79,1,303592,5.0,367.0,11:47,387.0,12:07,Complete
B186,R186,5,9,7,386,12:06,393,12:13,103,19,84,1,305908,50.0,367.0,11:47,390.0,12:10,Complete
B187,R187,2,5,6,382,12:02,388,12:08,69,10,59,0,297950,65.0,372.0,11:52,383.0,12:03,Complete
B188,R188,2,5,6,386,12:06,392,12:12,69,11,58,0,297950,67.0,375.0,11:55,391.0,12:11,Complete
B189,R189,5,3,6,386,12:06,392,12:12,62,10,52,0,298050,6.0,376.0,11:56,387.0,12:07,Complete
B190,R190,2,5,6,390,12:10,396,12:16,69,10,59,1,310488,75.0,380.0,12:00,391.0,12:11,Complete
B191,R191,7,5,6,392,12:12,398,12:18,56,12,44,1,313036,2.0,380.0,12:00,393.0,12:13,Complete
B192,R192,7,9,5,401,12:21,406,12:26,89,14,75,1,306160,8.0,387.0,12:07,402.0,12:22,Complete
B193,R193,2,5,6,400,12:20,406,12:26,69,11,58,1,310704,70.0,389.0,12:09,400.0,12:20,Complete
B194,R194,5,3,5,405,12:25,410,12:30,62,10,52,0,298050,3.0,395.0,12:15,406.0,12:26,Complete
B195,R195,3,9,5,413,12:33,418,12:38,108,17,91,0,295900,1.0,396.0,12:16,417.0,12:37,Complete
B196,R196,3,9,5,414,12:34,419,12:39,108,17,91,0,295900,6.0,397.0,12:17,415.0,12:35,Complete
B197,R197,5,2,5,408,12:28,413,12:33,66,11,55,0,297950,5.0,397.0,12:17,408.0,12:28,Complete
B198,R198,3,9,5,415,12:35,420,12:40,108,17,91,0,295900,1.0,399.0,12:19,420.0,12:40,Complete
B199,R199,7,5,6,414,12:34,420,12:40,56,12,44,1,313036,7.0,402.0,12:22,418.0,12:38,Complete
B200,R200,9,3,5,419,12:39,424,12:44,78,17,61,1,298716,4.0,402.0,12:22,420.0,12:40,Complete
B201,R201,7,5,6,417,12:37,423,12:43,56,12,44,1,313036,7.0,405.0,12:25,421.0,12:41,Complete
B202,R202,2,5,6,416,12:36,422,12:42,69,10,59,1,310488,80.0,406.0,12:26,417.0,12:37,Complete
B203,R203,3,9,5,424,12:44,429,12:49,108,17,91,1,303916,16.0,407.0,12:27,428.0,12:48,Complete
B204,R204,3,5,6,418,12:38,424,12:44,58,10,48,1,313471,0.0,408.0,12:28,419.0,12:39,Complete
B205,R205,2,5,6,420,12:40,426,12:46,69,11,58,1,310704,5.0,411.0,12:31,425.0,12:45,Complete
B206,R206,3,9,5,427,12:47,432,12:52,108,17,91,1,303916,16.0,410.0,12:30,431.0,12:51,Complete
B207,R207,2,5,6,424,12:44,430,12:50,69,10,59,0,297950,5.0,414.0,12:34,428.0,12:48,Complete
B208,R208,5,9,5,433,12:53,438,12:58,103,19,84,0,297150,2.0,414.0,12:34,437.0,12:57,Complete
B209,R209,2,5,6,426,12:46,432,12:52,69,10,59,0,297950,85.0,416.0,12:36,431.0,12:51,Complete
B210,R210,5,9,5,435,12:55,440,13:00,103,19,84,0,297150,2.0,417.0,12:37,440.0,13:00,Complete
B211,R211,2,5,6,430,12:50,436,12:56,69,10,59,1,310488,15.0,423.0,12:43,434.0,12:54,Complete
B212,R212,5,9,5,439,12:59,444,13:04,103,19,84,1,305908,11.0,420.0,12:40,444.0,13:04,Complete
B213,R213,2,5,6,432,12:52,438,12:58,69,10,59,1,310488,17.0,423.0,12:43,437.0,12:57,Complete
B214,R214,5,9,5,441,13:01,446,13:06,103,19,84,1,305908,7.0,424.0,12:44,444.0,13:04,Complete
B215,R215,9,3,5,439,12:59,444,13:04,78,17,61,1,298716,6.0,422.0,12:42,440.0,13:00,Complete
B216,R216,3,9,5,441,13:01,446,13:06,108,17,91,1,303916,24.0,424.0,12:44,445.0,13:05,Complete
B217,R217,5,9,5,443,13:03,448,13:08,103,19,84,1,305908,11.0,424.0,12:44,447.0,13:07,Complete
B218,R218,2,5,6,436,12:56,442,13:02,69,11,58,1,310704,4.0,426.0,12:46,437.0,12:57,Complete
B219,R219,2,5,6,436,12:56,442,13:02,69,10,59,1,310488,17.0,426.0,12:46,440.0,13:00,Complete
B220,R220,3,9,5,444,13:04,449,13:09,108,17,91,1,303916,24.0,427.0,12:47,448.0,13:08,Complete
B221,R221,2,5,6,440,13:00,446,13:06,69,11,58,1,310704,3.0,429.0,12:49,443.0,13:03,Complete
B222,R222,2,5,6,442,13:02,448,13:08,69,10,59,0,595900,3.0,432.0,12:52,446.0,13:06,Complete
B223,R223,2,9,5,449,13:09,454,13:14,60,16,44,0,289100,30.0,433.0,12:53,450.0,13:10,Complete
B224,R224,2,5,6,448,13:08,454,13:14,69,11,58,1,310704,21.0,443.0,13:03,454.0,13:14,Complete
B225,R225,3,9,5,454,13:14,459,13:19,108,17,91,0,295900,25.0,437.0,12:57,455.0,13:15,Complete
B226,R226,2,5,6,450,13:10,456,13:16,69,11,58,0,297950,19.0,439.0,12:59,456.0,13:16,Complete
B227,R227,9,2,5,457,13:17,462,13:22,106,16,90,1,608644,1.0,441.0,13:01,462.0,13:22,Complete
B228,R228,9,3,4,460,13:20,464,13:24,78,17,61,1,298716,8.0,443.0,13:03,461.0,13:21,Complete
B229,R229,2,5,6,456,13:16,462,13:22,69,11,58,1,310704,6.0,446.0,13:06,457.0,13:17,Complete
B230,R230,7,5,5,458,13:18,463,13:23,56,12,44,1,313036,9.0,446.0,13:06,459.0,13:19,Complete
B231,R231,9,3,4,465,13:25,469,13:29,78,17,61,1,298716,7.0,448.0,13:08,469.0,13:29,Complete
B232,R232,5,9,5,470,13:30,475,13:35,103,19,84,0,297150,0.0,451.0,13:11,471.0,13:31,Complete
B233,R233,9,3,4,468,13:28,472,13:32,78,17,61,0,287450,7.0,451.0,13:11,472.0,13:32,Complete
B234,R234,9,2,5,474,13:34,479,13:39,106,16,90,0,296200,2.0,458.0,13:18,475.0,13:35,Complete
B235,R235,2,5,6,470,13:30,476,13:36,69,11,58,0,297950,1.0,459.0,13:19,473.0,13:33,Complete
B236,R236,7,5,5,479,13:39,484,13:44,56,12,44,1,313036,10.0,467.0,13:27,480.0,13:40,Complete
B237,R237,2,5,6,482,13:42,488,13:48,69,10,59,0,297950,8.0,472.0,13:32,483.0,13:43,Complete
B238,R238,7,5,5,485,13:45,490,13:50,56,12,44,0,296400,12.0,473.0,13:33,486.0,13:46,Complete
B239,R239,9,2,5,489,13:49,494,13:54,106,16,90,0,296200,0.0,474.0,13:34,491.0,13:51,Complete
B240,R240,7,9,4,491,13:51,495,13:55,89,14,75,0,296400,14.0,477.0,13:37,492.0,13:52,Complete
B241,R241,7,5,5,497,13:57,502,14:02,56,12,44,1,313036,13.0,485.0,13:45,498.0,13:58,Complete
B242,R242,5,2,5,500,14:00,505,14:05,66,10,56,1,311159,1.0,490.0,13:50,501.0,14:01,Complete
B243,R243,9,2,5,506,14:06,511,14:11,106,16,90,1,304322,11.0,490.0,13:50,507.0,14:07,Complete
B244,R244,7,5,5,503,14:03,508,14:08,56,12,44,0,296400,18.0,491.0,13:51,504.0,14:04,Complete
B245,R245,9,3,4,513,14:13,517,14:17,78,17,61,0,287450,14.0,496.0,13:56,514.0,14:14,Complete
B246,R246,2,5,6,508,14:08,514,14:14,69,11,58,0,297950,0.0,497.0,13:57,512.0,14:12,Complete
B247,R247,2,5,5,512,14:12,517,14:17,69,11,58,1,621408,1.0,504.0,14:04,515.0,14:15,Complete
B248,R248,5,2,5,512,14:12,517,14:17,66,11,55,1,311400,3.0,501.0,14:01,516.0,14:16,Complete
B249,R249,2,5,5,514,14:14,519,14:19,69,11,58,1,310704,72.0,503.0,14:03,514.0,14:14,Complete
B250,R250,3,9,5,521,14:21,526,14:26,108,17,91,1,607832,61.0,504.0,14:04,522.0,14:22,Complete
B251,R251,5,2,5,516,14:16,521,14:21,66,11,55,1,311400,3.0,505.0,14:05,519.0,14:19,Complete
B252,R252,3,5,6,516,14:16,522,14:22,58,10,48,1,313471,66.0,506.0,14:06,517.0,14:17,Complete
B253,R253,9,3,4,523,14:23,527,14:27,78,17,61,1,298716,16.0,506.0,14:06,524.0,14:24,Complete
B254,R254,2,5,5,518,14:18,523,14:23,69,10,59,1,310488,2.0,508.0,14:08,523.0,14:23,Complete
B255,R255,3,5,6,520,14:20,526,14:26,58,10,48,1,313471,7.0,510.0,14:10,524.0,14:24,Complete
B256,R256,3,9,5,528,14:28,533,14:33,108,17,91,0,295900,77.0,511.0,14:11,532.0,14:32,Complete
B257,R257,2,5,5,522,14:22,527,14:27,69,10,59,0,595900,2.0,512.0,14:12,526.0,14:26,Complete
B258,R258,3,5,6,522,14:22,528,14:28,58,10,48,0,596100,7.0,513.0,14:13,527.0,14:27,Complete
B259,R259,2,5,5,524,14:24,529,14:29,69,10,59,0,297950,11.0,514.0,14:14,528.0,14:28,Complete
B260,R260,3,9,5,531,14:31,536,14:36,108,17,91,0,295900,77.0,514.0,14:14,535.0,14:35,Complete
B261,R261,2,5,5,526,14:26,531,14:31,69,10,59,0,297950,11.0,517.0,14:17,531.0,14:31,Complete
B262,R262,3,5,6,527,14:27,533,14:33,58,10,48,0,298050,14.0,517.0,14:17,531.0,14:31,Complete
B263,R263,3,5,6,528,14:28,534,14:34,58,10,48,1,313471,71.0,520.0,14:20,531.0,14:31,Complete
B264,R264,3,9,5,535,14:35,540,14:40,108,17,91,0,295900,81.0,518.0,14:18,536.0,14:36,Complete
B265,R265,5,9,5,538,14:38,543,14:43,103,19,84,0,297150,0.0,519.0,14:19,539.0,14:39,Complete
B266,R266,2,5,5,532,14:32,537,14:37,69,10,59,1,310488,22.0,526.0,14:26,537.0,14:37,Complete
B267,R267,5,9,5,544,14:44,549,14:49,103,19,84,1,305908,1.0,525.0,14:25,545.0,14:45,Complete
B268,R268,2,5,5,536,14:36,541,14:41,69,10,59,1,310488,23.0,526.0,14:26,540.0,14:40,Complete
B269,R269,3,5,6,536,14:36,542,14:42,58,10,48,1,313471,76.0,526.0,14:26,540.0,14:40,Complete
B270,R270,3,9,5,543,14:43,548,14:48,108,17,91,1,303916,16.0,527.0,14:27,545.0,14:45,Complete
B271,R271,2,5,5,538,14:38,543,14:43,69,11,58,1,310704,28.0,527.0,14:27,543.0,14:43,Complete
B272,R272,3,9,5,544,14:44,549,14:49,108,17,91,1,303916,35.0,527.0,14:27,545.0,14:45,Complete
B273,R273,2,5,5,540,14:40,545,14:45,69,11,58,1,310704,23.0,529.0,14:29,543.0,14:43,Complete
B274,R274,3,5,6,539,14:39,545,14:45,58,10,48,1,313471,76.0,529.0,14:29,543.0,14:43,Complete
B275,R275,3,5,6,541,14:41,547,14:47,58,10,48,0,298050,86.0,531.0,14:31,547.0,14:47,Complete
B276,R276,2,5,5,542,14:42,547,14:47,69,10,59,0,297950,28.0,532.0,14:32,546.0,14:46,Complete
B277,R277,3,5,6,546,14:46,552,14:52,58,10,48,0,298050,86.0,536.0,14:36,550.0,14:50,Complete
B278,R278,3,5,6,547,14:47,553,14:53,58,10,48,0,298050,87.0,537.0,14:37,551.0,14:51,Complete
B279,R279,3,5,6,548,14:48,554,14:54,58,10,48,1,313471,3.0,543.0,14:43,554.0,14:54,Complete
B280,R280,3,5,6,549,14:49,555,14:55,58,10,48,0,298050,31.0,539.0,14:39,553.0,14:53,Complete
B281,,3,9,5,557,14:57,562,15:02,108,17,91,2,311932,,,,,,Overdue
B282,,3,5,6,551,14:51,557,14:57,58,10,48,1,313471,,,,,,Overdue
B283,R283,5,9,5,561,15:01,566,15:06,103,19,84,1,305908,2.0,542.0,14:42,566.0,15:06,Complete
B284,R284,2,5,5,556,14:56,561,15:01,69,11,58,1,621408,33.0,546.0,14:46,557.0,14:57,Complete
B285,R285,3,5,6,555,14:55,561,15:01,58,10,48,1,313471,45.0,547.0,14:47,561.0,15:01,Complete
B286,R286,2,5,5,556,14:56,561,15:01,69,10,59,1,310488,32.0,546.0,14:46,560.0,15:00,Complete
B287,R287,5,9,5,565,15:05,570,15:10,103,19,84,1,305908,2.0,546.0,14:46,569.0,15:09,Complete
B288,R288,2,5,5,558,14:58,563,15:03,69,11,58,1,932112,32.0,549.0,14:49,563.0,15:03,Complete
B289,R289,3,5,6,560,15:00,566,15:06,58,10,48,1,313471,45.0,550.0,14:50,564.0,15:04,Complete
B290,R290,2,5,5,562,15:02,567,15:07,69,10,59,0,297950,48.0,552.0,14:52,566.0,15:06,Complete
B291,R291,5,9,5,571,15:11,576,15:16,103,19,84,0,297150,4.0,552.0,14:52,572.0,15:12,Complete
B292,R292,3,9,5,570,15:10,575,15:15,108,17,91,0,295900,63.0,553.0,14:53,574.0,15:14,Complete
B293,R293,3,5,6,564,15:04,570,15:10,58,10,48,0,298050,20.0,554.0,14:54,569.0,15:09,Complete
B294,R294,2,5,5,566,15:06,571,15:11,69,11,58,0,297950,48.0,555.0,14:55,569.0,15:09,Complete
B295,R295,3,9,5,573,15:13,578,15:18,108,17,91,0,295900,63.0,556.0,14:56,577.0,15:17,Complete
B296,R296,3,5,6,568,15:08,574,15:14,58,10,48,0,894150,20.0,558.0,14:58,572.0,15:12,Complete
B297,,2,5,5,570,15:10,575,15:15,69,10,59,1,310488,,,,,,Overdue
B298,,3,5,6,570,15:10,576,15:16,58,10,48,1,626943,,,,,,Overdue
B299,,3,5,6,571,15:11,577,15:17,58,10,48,1,313471,,,,,,Overdue
B300,R300,3,5,6,574,15:14,580,15:20,58,10,48,1,940415,38.0,567.0,15:07,578.0,15:18,Complete
B301,R301,2,5,5,576,15:16,581,15:21,69,10,59,1,620976,43.0,566.0,15:06,577.0,15:17,Complete
B302,R302,3,5,6,578,15:18,584,15:24,58,10,48,1,313471,58.0,568.0,15:08,579.0,15:19,Complete
B303,R303,3,5,6,580,15:20,586,15:26,58,10,48,1,313471,55.0,570.0,15:10,585.0,15:25,Complete
B304,R304,2,5,5,582,15:22,587,15:27,69,11,58,0,595900,53.0,571.0,15:11,585.0,15:25,Complete
B305,R305,5,2,5,584,15:24,589,15:29,66,11,55,0,297950,5.0,573.0,15:13,587.0,15:27,Complete
B306,R306,2,5,5,584,15:24,589,15:29,69,10,59,0,595900,53.0,574.0,15:14,588.0,15:28,Complete
B307,R307,3,5,6,584,15:24,590,15:30,58,10,48,0,596100,55.0,574.0,15:14,588.0,15:28,Complete
B308,R308,5,2,5,586,15:26,591,15:31,66,11,55,0,297950,5.0,576.0,15:16,590.0,15:30,Complete
B309,,2,5,5,590,15:30,595,15:35,69,10,59,1,310488,,,,,,Overdue
B310,,3,5,6,590,15:30,596,15:36,58,10,48,1,313471,,,,,,Overdue
B311,R311,2,5,5,592,15:32,597,15:37,69,11,58,1,310704,83.0,586.0,15:26,597.0,15:37,Complete
B312,R312,3,5,6,593,15:33,599,15:39,58,10,48,1,313471,9.0,588.0,15:28,599.0,15:39,Complete
B313,R313,3,9,4,602,15:42,606,15:46,108,17,91,1,303916,11.0,588.0,15:28,606.0,15:46,Complete
B314,R314,3,5,6,596,15:36,602,15:42,58,10,48,1,313471,6.0,588.0,15:28,602.0,15:42,Complete
B315,R315,5,3,6,596,15:36,602,15:42,62,10,52,1,312285,3.0,586.0,15:26,597.0,15:37,Complete
B316,R316,9,2,5,602,15:42,607,15:47,106,16,90,1,304322,1.0,586.0,15:26,603.0,15:43,Complete
B317,R317,3,5,6,597,15:37,603,15:43,58,10,48,1,313471,7.0,588.0,15:28,599.0,15:39,Complete
B318,R318,9,3,5,604,15:44,609,15:49,78,17,61,1,298716,24.0,587.0,15:27,608.0,15:48,Complete
B319,R319,3,5,6,601,15:41,607,15:47,58,10,48,0,298050,6.0,591.0,15:31,605.0,15:45,Complete
B320,R320,5,9,5,610,15:50,615,15:55,103,19,84,0,297150,10.0,591.0,15:31,611.0,15:51,Complete
B321,R321,3,5,6,603,15:43,609,15:49,58,10,48,0,298050,8.0,593.0,15:33,608.0,15:48,Complete
B322,R322,7,5,6,606,15:46,612,15:52,56,12,44,0,296400,78.0,594.0,15:34,607.0,15:47,Complete
B323,R323,2,5,5,606,15:46,611,15:51,69,11,58,0,297950,88.0,595.0,15:35,606.0,15:46,Complete
B324,R324,3,9,4,612,15:52,616,15:56,108,17,91,0,295900,12.0,595.0,15:35,613.0,15:53,Complete
B325,R325,9,2,5,611,15:51,616,15:56,106,16,90,0,296200,2.0,595.0,15:35,615.0,15:55,Complete
B326,R326,3,5,6,607,15:47,613,15:53,58,10,48,0,298050,8.0,597.0,15:37,611.0,15:51,Complete
B327,R327,9,2,5,614,15:54,619,15:59,106,16,90,0,296200,2.0,598.0,15:38,618.0,15:58,Complete
B328,R328,2,5,5,610,15:50,615,15:55,69,11,58,0,595900,5.0,599.0,15:39,614.0,15:54,Complete
B329,R329,9,2,5,617,15:57,622,16:02,106,16,90,1,304322,16.0,601.0,15:41,618.0,15:58,Complete
B330,R330,9,2,5,618,15:58,623,16:03,106,16,90,1,304322,25.0,602.0,15:42,623.0,16:03,Complete
B331,R331,2,5,5,614,15:54,619,15:59,69,11,58,1,621408,1.0,606.0,15:46,617.0,15:57,Complete
B332,R332,3,9,4,620,16:00,624,16:04,108,17,91,1,303916,3.0,603.0,15:43,621.0,16:01,Complete
B333,R333,2,5,5,614,15:54,619,15:59,69,10,59,1,310488,82.0,606.0,15:46,617.0,15:57,Complete
B334,R334,3,5,6,614,15:54,620,16:00,58,10,48,1,313471,13.0,608.0,15:48,619.0,15:59,Complete
B335,R335,9,7,5,618,15:58,623,16:03,86,14,72,1,306566,0.0,604.0,15:44,619.0,15:59,Complete
B336,R336,9,2,5,621,16:01,626,16:06,106,16,90,1,304322,11.0,609.0,15:49,626.0,16:06,Complete
B337,R337,2,5,5,616,15:56,621,16:01,69,10,59,1,620976,68.0,606.0,15:46,620.0,16:00,Complete
B338,R338,9,2,5,622,16:02,627,16:07,106,16,90,1,304322,25.0,606.0,15:46,626.0,16:06,Complete
B339,R339,2,5,5,618,15:58,623,16:03,69,11,58,1,310704,68.0,609.0,15:49,623.0,16:03,Complete
B340,R340,3,5,6,617,15:57,623,16:03,58,10,48,1,313471,15.0,608.0,15:48,622.0,16:02,Complete
B341,R341,7,5,6,619,15:59,625,16:05,56,12,44,1,313036,73.0,607.0,15:47,620.0,16:00,Complete
B342,R342,3,5,6,620,16:00,626,16:06,58,10,48,1,626943,15.0,611.0,15:51,625.0,16:05,Complete
B343,R343,9,2,5,627,16:07,632,16:12,106,16,90,0,296200,10.0,614.0,15:54,631.0,16:11,Complete
B344,R344,5,7,5,624,16:04,629,16:09,56,12,44,0,296400,8.0,614.0,15:54,627.0,16:07,Complete
B345,R345,3,5,6,624,16:04,630,16:10,58,10,48,0,298050,24.0,614.0,15:54,628.0,16:08,Complete
B346,R346,3,5,6,625,16:05,631,16:11,58,10,48,0,298050,9.0,615.0,15:55,629.0,16:09,Complete
B347,R347,2,5,5,626,16:06,631,16:11,69,10,59,0,297950,17.0,616.0,15:56,630.0,16:10,Complete
B348,R348,3,5,6,626,16:06,632,16:12,58,10,48,0,298050,9.0,618.0,15:58,632.0,16:12,Complete
B349,R349,5,2,5,626,16:06,631,16:11,66,10,56,0,297950,6.0,616.0,15:56,627.0,16:07,Complete
B350,R350,3,5,6,627,16:07,633,16:13,58,10,48,0,596100,24.0,617.0,15:57,631.0,16:11,Complete
B351,R351,2,5,5,628,16:08,633,16:13,69,10,59,0,297950,18.0,618.0,15:58,633.0,16:13,Complete
B352,R352,2,5,5,630,16:10,635,16:15,69,11,58,0,297950,17.0,619.0,15:59,633.0,16:13,Complete
B353,,3,5,6,630,16:10,636,16:16,58,10,48,1,313471,,,,,,Overdue
B354,R354,2,5,5,632,16:12,637,16:17,69,11,58,1,621408,16.0,621.0,16:01,637.0,16:17,Complete
B355,R355,2,5,5,632,16:12,637,16:17,69,10,59,1,310488,2.0,622.0,16:02,633.0,16:13,Complete
B356,R356,5,2,5,634,16:14,639,16:19,66,11,55,1,311400,5.0,623.0,16:03,637.0,16:17,Complete
B357,R357,5,9,5,643,16:23,648,16:28,103,19,84,1,305908,1.0,624.0,16:04,647.0,16:27,Complete
B358,R358,9,7,5,638,16:18,643,16:23,86,14,72,1,306566,3.0,624.0,16:04,639.0,16:19,Complete
B359,R359,3,5,6,635,16:15,641,16:21,58,10,48,1,313471,0.0,629.0,16:09,640.0,16:20,Complete
B360,R360,5,2,5,636,16:16,641,16:21,66,11,55,1,311400,5.0,626.0,16:06,640.0,16:20,Complete
B361,R361,2,5,5,636,16:16,641,16:21,69,10,59,1,310488,16.0,626.0,16:06,640.0,16:20,Complete
B362,R362,5,9,5,645,16:25,650,16:30,103,19,84,1,611817,1.0,627.0,16:07,650.0,16:30,Complete
B363,R363,3,9,5,644,16:24,649,16:29,108,17,91,1,303916,19.0,628.0,16:08,646.0,16:26,Complete
B364,R364,9,3,5,644,16:24,649,16:29,78,17,61,1,298716,12.0,627.0,16:07,649.0,16:29,Complete
B365,R365,2,5,5,640,16:20,645,16:25,69,10,59,1,310488,25.0,630.0,16:10,641.0,16:21,Complete
B366,R366,3,5,6,640,16:20,646,16:26,58,10,48,1,313471,13.0,630.0,16:10,644.0,16:24,Complete
B367,R367,3,5,6,641,16:21,647,16:27,58,10,48,0,298050,13.0,633.0,16:13,647.0,16:27,Complete
B368,R368,5,2,5,644,16:24,649,16:29,66,11,55,0,297950,9.0,635.0,16:15,646.0,16:26,Complete
B369,R369,3,9,5,651,16:31,656,16:36,108,17,91,0,295900,8.0,637.0,16:17,655.0,16:35,Complete
B370,R370,3,5,6,645,16:25,651,16:31,58,10,48,0,298050,11.0,635.0,16:15,651.0,16:31,Complete
B371,R371,3,9,5,652,16:32,657,16:37,108,17,91,0,887700,15.0,636.0,16:16,654.0,16:34,Complete
B372,R372,5,3,6,645,16:25,651,16:31,62,10,52,0,298050,7.0,635.0,16:15,646.0,16:26,Complete
B373,R373,9,3,5,652,16:32,657,16:37,78,17,61,0,287450,26.0,635.0,16:15,653.0,16:33,Complete
B374,R374,9,5,6,655,16:35,661,16:41,98,19,79,0,294450,35.0,636.0,16:16,656.0,16:36,Complete
B375,R375,2,5,5,648,16:28,653,16:33,69,11,58,0,297950,6.0,637.0,16:17,653.0,16:33,Complete
B376,R376,2,5,5,648,16:28,653,16:33,69,10,59,0,297950,10.0,638.0,16:18,652.0,16:32,Complete
B377,,3,5,6,650,16:30,656,16:36,58,10,48,1,626943,,,,,,Overdue
B378,,2,5,5,652,16:32,657,16:37,69,11,58,1,621408,,,,,,Overdue
B379,R379,9,3,5,658,16:38,663,16:43,78,17,61,1,298716,30.0,641.0,16:21,662.0,16:42,Complete
B380,R380,2,5,5,652,16:32,657,16:37,69,10,59,1,931464,5.0,643.0,16:23,657.0,16:37,Complete
B381,R381,5,9,5,662,16:42,667,16:47,103,19,84,1,305908,18.0,643.0,16:23,663.0,16:43,Complete
B382,R382,2,5,5,654,16:34,659,16:39,69,10,59,1,310488,2.0,648.0,16:28,659.0,16:39,Complete
B383,R383,2,5,5,656,16:36,661,16:41,69,10,59,1,310488,5.0,646.0,16:26,660.0,16:40,Complete
B384,R384,3,9,5,663,16:43,668,16:48,108,17,91,1,303916,22.0,648.0,16:28,666.0,16:46,Complete
B385,R385,9,5,6,666,16:46,672,16:52,98,19,79,1,303592,34.0,647.0,16:27,667.0,16:47,Complete
B386,R386,2,5,5,658,16:38,663,16:43,69,10,59,1,310488,14.0,648.0,16:28,659.0,16:39,Complete
B387,R387,9,7,5,662,16:42,667,16:47,86,14,72,1,306566,4.0,648.0,16:28,663.0,16:43,Complete
B388,R388,9,3,5,667,16:47,672,16:52,78,17,61,1,298716,19.0,650.0,16:30,672.0,16:52,Complete
B389,R389,2,5,5,662,16:42,667,16:47,69,10,59,0,297950,9.0,652.0,16:32,666.0,16:46,Complete
B390,R390,3,5,6,662,16:42,668,16:48,58,10,48,0,298050,16.0,652.0,16:32,666.0,16:46,Complete
B391,R391,5,9,5,671,16:51,676,16:56,103,19,84,0,297150,20.0,652.0,16:32,672.0,16:52,Complete
B392,R392,2,5,5,664,16:44,669,16:49,69,11,58,0,893850,9.0,655.0,16:35,669.0,16:49,Complete
B393,R393,3,5,6,663,16:43,669,16:49,58,10,48,0,298050,16.0,655.0,16:35,669.0,16:49,Complete
B394,R394,2,5,5,666,16:46,671,16:51,69,11,58,0,297950,17.0,655.0,16:35,671.0,16:51,Complete
B395,R395,9,3,5,673,16:53,678,16:58,78,17,61,0,574900,1.0,656.0,16:36,678.0,16:58,Complete
B396,R396,3,9,5,674,16:54,679,16:59,108,17,91,0,295900,26.0,657.0,16:37,678.0,16:58,Complete
B397,R397,2,5,5,668,16:48,673,16:53,69,10,59,0,297950,23.0,658.0,16:38,672.0,16:52,Complete
B398,,2,5,5,670,16:50,675,16:55,69,11,58,1,310704,,,,,,Overdue
B399,R399,3,5,6,669,16:49,675,16:55,58,10,48,0,298050,30.0,659.0,16:39,673.0,16:53,Complete
B400,,3,9,5,676,16:56,681,17:01,108,17,91,2,311932,,,,,,Overdue
B401,R401,5,3,6,669,16:49,675,16:55,62,10,52,0,298050,0.0,659.0,16:39,673.0,16:53,Complete
B402,R402,7,5,6,671,16:51,677,16:57,56,12,44,0,296400,3.0,659.0,16:39,676.0,16:56,Complete
B403,R403,2,5,5,670,16:50,675,16:55,69,10,59,1,620976,12.0,663.0,16:43,674.0,16:54,Complete
B404,R404,9,3,5,677,16:57,682,17:02,78,17,61,1,298716,15.0,660.0,16:40,682.0,17:02,Complete
B405,R405,9,5,6,680,17:00,686,17:06,98,19,79,1,303592,39.0,661.0,16:41,684.0,17:04,Complete
B406,,3,5,6,672,16:52,678,16:58,58,10,48,1,313471,,,,,,Overdue
B407,R407,7,5,6,675,16:55,681,17:01,56,12,44,1,313036,4.0,666.0,16:46,679.0,16:59,Complete
B408,R408,9,5,6,682,17:02,688,17:08,98,19,79,1,303592,39.0,664.0,16:44,687.0,17:07,Complete
B409,R409,2,5,5,674,16:54,679,16:59,69,10,59,1,310488,13.0,668.0,16:48,679.0,16:59,Complete
B410,R410,3,5,6,674,16:54,680,17:00,58,10,48,1,313471,7.0,664.0,16:44,679.0,16:59,Complete
B411,R411,2,5,5,676,16:56,681,17:01,69,11,58,1,621408,6.0,668.0,16:48,679.0,16:59,Complete
B412,R412,3,5,6,675,16:55,681,17:01,58,10,48,1,626943,2.0,670.0,16:50,681.0,17:01,Complete
B413,R413,2,5,5,678,16:58,683,17:03,69,11,58,1,310704,10.0,668.0,16:48,682.0,17:02,Complete
B414,R414,9,5,6,686,17:06,692,17:12,98,19,79,1,303592,22.0,669.0,16:49,692.0,17:12,Complete
B415,R415,3,5,6,678,16:58,684,17:04,58,10,48,1,940415,7.0,668.0,16:48,682.0,17:02,Complete
B416,R416,2,5,5,680,17:00,685,17:05,69,11,58,1,310704,11.0,669.0,16:49,685.0,17:05,Complete
B417,R417,3,5,6,679,16:59,685,17:05,58,10,48,1,313471,29.0,669.0,16:49,684.0,17:04,Complete
B418,R418,9,5,6,688,17:08,694,17:14,98,19,79,1,303592,40.0,669.0,16:49,689.0,17:09,Complete
B419,R419,3,9,5,687,17:07,692,17:12,108,17,91,1,607832,5.0,671.0,16:51,689.0,17:09,Complete
B420,R420,9,5,6,689,17:09,695,17:15,98,19,79,1,303592,22.0,672.0,16:52,695.0,17:15,Complete
B421,R421,2,5,5,682,17:02,687,17:07,69,11,58,0,893850,10.0,671.0,16:51,685.0,17:05,Complete
B422,R422,3,5,6,683,17:03,689,17:09,58,10,48,0,298050,29.0,673.0,16:53,687.0,17:07,Complete
B423,R423,2,5,5,684,17:04,689,17:09,69,10,59,0,297950,11.0,674.0,16:54,688.0,17:08,Complete
B424,R424,3,5,6,684,17:04,690,17:10,58,10,48,0,298050,14.0,674.0,16:54,688.0,17:08,Complete
B425,,2,5,5,686,17:06,691,17:11,69,11,58,1,932112,,,,,,Overdue
B426,R426,3,5,6,685,17:05,691,17:11,58,10,48,0,298050,14.0,677.0,16:57,691.0,17:11,Complete
B427,R427,3,9,5,692,17:12,697,17:17,108,17,91,0,295900,24.0,675.0,16:55,693.0,17:13,Complete
B428,R428,2,5,5,686,17:06,691,17:11,69,10,59,0,297950,21.0,676.0,16:56,691.0,17:11,Complete
B429,R429,3,9,5,693,17:13,698,17:18,108,17,91,0,295900,25.0,676.0,16:56,698.0,17:18,Complete
B430,R430,5,2,5,688,17:08,693,17:13,66,10,56,0,297950,9.0,678.0,16:58,689.0,17:09,Complete
B431,R431,2,5,5,690,17:10,695,17:15,69,11,58,1,310704,1.0,684.0,17:04,695.0,17:15,Complete
B432,R432,3,5,6,689,17:09,695,17:15,58,10,48,0,298050,15.0,679.0,16:59,693.0,17:13,Complete
B433,,2,5,6,690,17:10,696,17:16,69,10,59,1,310488,,,,,,Overdue
B434,,3,9,6,697,17:17,703,17:23,108,17,91,2,311932,,,,,,Overdue
B435,,2,5,6,692,17:12,698,17:18,69,11,58,1,310704,,,,,,Overdue
B436,R436,3,5,7,691,17:11,698,17:18,58,10,48,1,626943,0.0,681.0,17:01,696.0,17:16,Complete
B437,R437,9,3,6,699,17:19,705,17:25,78,17,61,1,298716,8.0,682.0,17:02,703.0,17:23,Complete
B438,R438,3,5,7,695,17:15,702,17:22,58,10,48,1,626943,0.0,685.0,17:05,699.0,17:19,Complete
B439,R439,2,5,6,696,17:16,702,17:22,69,10,59,1,310488,13.0,690.0,17:10,701.0,17:21,Complete
B440,R440,3,5,7,696,17:16,703,17:23,58,10,48,1,626943,30.0,692.0,17:12,703.0,17:23,Complete
B441,R441,2,5,6,698,17:18,704,17:24,69,11,58,1,310704,6.0,690.0,17:10,704.0,17:24,Complete
B442,R442,9,5,6,706,17:26,712,17:32,98,19,79,1,303592,26.0,687.0,17:07,707.0,17:27,Complete
B443,R443,3,5,7,698,17:18,705,17:25,58,10,48,1,313471,12.0,688.0,17:08,699.0,17:19,Complete
B444,R444,9,3,6,705,17:25,711,17:31,78,17,61,1,597432,5.0,692.0,17:12,710.0,17:30,Complete
B445,R445,2,5,6,700,17:20,706,17:26,69,11,58,1,621408,9.0,692.0,17:12,703.0,17:23,Complete
B446,R446,3,5,7,699,17:19,706,17:26,58,10,48,1,626943,30.0,689.0,17:09,706.0,17:26,Complete
B447,R447,3,5,7,700,17:20,707,17:27,58,10,48,1,626943,19.0,696.0,17:16,707.0,17:27,Complete
B448,R448,3,9,6,707,17:27,713,17:33,108,17,91,1,303916,28.0,690.0,17:10,708.0,17:28,Complete
B449,R449,5,2,6,700,17:20,706,17:26,66,10,56,1,311159,7.0,690.0,17:10,701.0,17:21,Complete
B450,R450,2,5,6,702,17:22,708,17:28,69,11,58,0,297950,17.0,691.0,17:11,707.0,17:27,Complete
B451,R451,3,5,7,701,17:21,708,17:28,58,10,48,0,298050,16.0,695.0,17:15,706.0,17:26,Complete
B452,R452,2,5,6,702,17:22,708,17:28,69,10,59,0,595900,6.0,693.0,17:13,707.0,17:27,Complete
B453,R453,3,5,7,702,17:22,709,17:29,58,10,48,0,298050,16.0,692.0,17:12,709.0,17:29,Complete
B454,R454,3,5,7,703,17:23,710,17:30,58,10,48,0,596100,19.0,693.0,17:13,710.0,17:30,Complete
B455,R455,5,9,6,712,17:32,718,17:38,103,19,84,0,297150,23.0,693.0,17:13,713.0,17:33,Complete
B456,R456,7,5,6,705,17:25,711,17:31,56,12,44,0,296400,27.0,693.0,17:13,706.0,17:26,Complete
B457,R457,3,5,7,704,17:24,711,17:31,58,10,48,0,298050,3.0,694.0,17:14,710.0,17:30,Complete
B458,R458,2,5,6,706,17:26,712,17:32,69,10,59,0,297950,17.0,696.0,17:16,710.0,17:30,Complete
B459,,3,5,7,706,17:26,713,17:33,58,10,48,1,626943,,,,,,Overdue
B460,R460,5,3,6,706,17:26,712,17:32,62,10,52,0,298050,4.0,696.0,17:16,707.0,17:27,Complete
B461,R461,3,5,7,708,17:28,715,17:35,58,10,48,0,596100,2.0,698.0,17:18,715.0,17:35,Complete
B462,R462,3,5,7,709,17:29,716,17:36,58,10,48,0,596100,3.0,699.0,17:19,713.0,17:33,Complete
B463,,3,5,7,710,17:30,717,17:37,58,10,48,1,313471,,,,,,Overdue
B464,R464,5,3,6,710,17:30,716,17:36,62,10,52,1,312285,0.0,702.0,17:22,713.0,17:33,Complete
B465,R465,9,5,6,719,17:39,725,17:45,98,19,79,1,303592,24.0,700.0,17:20,720.0,17:40,Complete
B466,R466,5,2,6,712,17:32,718,17:38,66,11,55,1,311400,21.0,701.0,17:21,712.0,17:32,Complete
B467,R467,2,5,6,714,17:34,720,17:40,69,11,58,1,310704,14.0,708.0,17:28,719.0,17:39,Complete
B468,R468,3,5,7,714,17:34,721,17:41,58,10,48,1,313471,10.0,708.0,17:28,719.0,17:39,Complete
B469,R469,3,5,7,715,17:35,722,17:42,58,10,48,1,313471,11.0,711.0,17:31,722.0,17:42,Complete
B470,R470,9,3,6,722,17:42,728,17:48,78,17,61,1,298716,18.0,705.0,17:25,726.0,17:46,Complete
B471,R471,2,5,6,716,17:36,722,17:42,69,10,59,1,620976,7.0,706.0,17:26,722.0,17:42,Complete
B472,R472,3,5,7,718,17:38,725,17:45,58,10,48,1,313471,11.0,708.0,17:28,725.0,17:45,Complete
B473,R473,5,3,6,718,17:38,724,17:44,62,10,52,1,312285,9.0,708.0,17:28,722.0,17:42,Complete
B474,R474,9,3,6,725,17:45,731,17:51,78,17,61,1,298716,18.0,708.0,17:28,729.0,17:49,Complete
B475,R475,2,5,6,720,17:40,726,17:46,69,11,58,1,310704,13.0,712.0,17:32,726.0,17:46,Complete
B476,R476,3,5,7,719,17:39,726,17:46,58,10,48,1,313471,12.0,715.0,17:35,726.0,17:46,Complete
B477,R477,9,3,6,726,17:46,732,17:52,78,17,61,1,298716,20.0,709.0,17:29,727.0,17:47,Complete
B478,R478,2,5,6,720,17:40,726,17:46,69,10,59,1,310488,15.0,710.0,17:30,724.0,17:44,Complete
B479,R479,3,5,7,720,17:40,727,17:47,58,10,48,1,626943,8.0,716.0,17:36,727.0,17:47,Complete
B480,R480,2,5,6,722,17:42,728,17:48,69,11,58,0,595900,7.0,711.0,17:31,725.0,17:45,Complete
B481,R481,5,3,6,721,17:41,727,17:47,62,10,52,0,298050,9.0,711.0,17:31,725.0,17:45,Complete
B482,R482,2,5,6,722,17:42,728,17:48,69,10,59,0,297950,15.0,713.0,17:33,727.0,17:47,Complete
B483,R483,3,5,7,722,17:42,729,17:49,58,10,48,0,298050,12.0,712.0,17:32,729.0,17:49,Complete
B484,R484,2,5,6,724,17:44,730,17:50,69,11,58,0,297950,13.0,715.0,17:35,729.0,17:49,Complete
B485,R485,3,5,7,723,17:43,730,17:50,58,10,48,0,596100,8.0,713.0,17:33,730.0,17:50,Complete
B486,R486,3,5,7,724,17:44,731,17:51,58,10,48,0,596100,0.0,716.0,17:36,730.0,17:50,Complete
B487,,2,5,6,726,17:46,732,17:52,69,11,58,1,310704,,,,,,Overdue
B488,,3,5,7,726,17:46,733,17:53,58,10,48,1,313471,,,,,,Overdue
B489,R489,2,5,6,728,17:48,734,17:54,69,11,58,0,595900,21.0,717.0,17:37,734.0,17:54,Complete
B490,R490,3,5,7,727,17:47,734,17:54,58,10,48,0,1192200,4.0,717.0,17:37,728.0,17:48,Complete
B491,,3,5,7,727,17:47,734,17:54,58,10,48,1,313471,,,,,,Overdue
B492,R492,3,5,7,728,17:48,735,17:55,58,10,48,0,596100,0.0,719.0,17:39,733.0,17:53,Complete
B493,R493,5,9,6,737,17:57,743,18:03,103,19,84,0,297150,26.0,718.0,17:38,738.0,17:58,Complete
B494,R494,7,5,6,730,17:50,736,17:56,56,12,44,0,296400,27.0,719.0,17:39,732.0,17:52,Complete
B495,R495,3,5,7,729,17:49,736,17:56,58,10,48,1,626943,5.0,723.0,17:43,734.0,17:54,Complete
B496,R496,3,5,7,730,17:50,737,17:57,58,10,48,1,626943,5.0,720.0,17:40,737.0,17:57,Complete
B497,R497,9,5,6,740,18:00,746,18:06,98,19,79,1,303592,28.0,721.0,17:41,741.0,18:01,Complete
B498,R498,3,5,7,732,17:52,739,17:59,58,10,48,1,313471,3.0,728.0,17:48,739.0,17:59,Complete
B499,R499,9,3,6,739,17:59,745,18:05,78,17,61,1,298716,25.0,722.0,17:42,740.0,18:00,Complete
B500,R500,2,5,6,734,17:54,740,18:00,69,11,58,1,310704,16.0,728.0,17:48,739.0,17:59,Complete
B501,R501,3,5,7,733,17:53,740,18:00,58,10,48,1,313471,6.0,728.0,17:48,739.0,17:59,Complete
B502,R502,3,5,7,734,17:54,741,18:01,58,10,48,1,626943,20.0,730.0,17:50,741.0,18:01,Complete
B503,R503,3,5,7,735,17:55,742,18:02,58,10,48,1,1253887,24.0,731.0,17:51,742.0,18:02,Complete
B504,R504,7,5,6,737,17:57,743,18:03,56,12,44,1,313036,17.0,730.0,17:50,743.0,18:03,Complete
B505,R505,3,5,7,736,17:56,743,18:03,58,10,48,1,626943,18.0,732.0,17:52,743.0,18:03,Complete
B506,R506,3,5,7,737,17:57,744,18:04,58,10,48,1,626943,1.0,731.0,17:51,742.0,18:02,Complete
B507,R507,2,5,6,738,17:58,744,18:04,69,10,59,1,310488,14.0,730.0,17:50,741.0,18:01,Complete
B508,R508,3,5,7,738,17:58,745,18:05,58,10,48,1,626943,1.0,728.0,17:48,745.0,18:05,Complete
B509,R509,2,5,6,740,18:00,746,18:06,69,11,58,1,310704,10.0,734.0,17:54,745.0,18:05,Complete
B510,R510,7,5,6,741,18:01,747,18:07,56,12,44,1,313036,19.0,730.0,17:50,743.0,18:03,Complete
B511,R511,3,5,7,740,18:00,747,18:07,58,10,48,1,313471,2.0,730.0,17:50,744.0,18:04,Complete
B512,R512,2,5,6,742,18:02,748,18:08,69,11,58,0,297950,10.0,731.0,17:51,748.0,18:08,Complete
B513,R513,5,2,6,742,18:02,748,18:08,66,11,55,0,297950,12.0,732.0,17:52,743.0,18:03,Complete
B514,R514,3,5,7,742,18:02,749,18:09,58,10,48,0,596100,2.0,733.0,17:53,747.0,18:07,Complete
B515,R515,3,5,7,744,18:04,751,18:11,58,10,48,0,298050,4.0,739.0,17:59,750.0,18:10,Complete
B516,R516,3,9,6,751,18:11,757,18:17,108,17,91,0,295900,22.0,734.0,17:54,752.0,18:12,Complete
B517,R517,3,5,7,745,18:05,752,18:12,58,10,48,0,298050,7.0,739.0,17:59,750.0,18:10,Complete
B518,R518,5,9,6,754,18:14,760,18:20,103,19,84,0,297150,13.0,735.0,17:55,758.0,18:18,Complete
B519,R519,3,5,7,746,18:06,753,18:13,58,10,48,0,298050,7.0,736.0,17:56,753.0,18:13,Complete
B520,R520,9,3,6,753,18:13,759,18:19,78,17,61,1,298716,26.0,741.0,18:01,759.0,18:19,Complete
B521,R521,3,5,7,747,18:07,754,18:14,58,10,48,0,1192200,9.0,737.0,17:57,748.0,18:08,Complete
B522,R522,9,5,6,756,18:16,762,18:22,98,19,79,0,588900,23.0,737.0,17:57,757.0,18:17,Complete
B523,R523,3,5,7,748,18:08,755,18:15,58,10,48,1,313471,25.0,743.0,18:03,754.0,18:14,Complete
B524,R524,5,9,6,757,18:17,763,18:23,103,19,84,0,297150,13.0,738.0,17:58,761.0,18:21,Complete
B525,,7,3,5,750,18:10,755,18:15,51,9,42,1,314276,,,,,,Overdue
B526,R526,2,5,7,752,18:12,759,18:19,69,10,59,1,310488,8.0,748.0,18:08,759.0,18:19,Complete
B527,R527,2,5,7,754,18:14,761,18:21,69,11,58,1,310704,5.0,748.0,18:08,759.0,18:19,Complete
B528,R528,3,5,7,754,18:14,761,18:21,58,10,48,1,313471,15.0,748.0,18:08,759.0,18:19,Complete
B529,R529,2,5,7,756,18:16,763,18:23,69,11,58,1,310704,6.0,750.0,18:10,761.0,18:21,Complete
B530,R530,2,5,7,758,18:18,765,18:25,69,10,59,1,620976,3.0,750.0,18:10,765.0,18:25,Complete
B531,R531,2,5,7,764,18:24,771,18:31,69,11,58,0,893850,12.0,759.0,18:19,770.0,18:30,Complete
B532,R532,7,3,5,762,18:22,767,18:27,51,9,42,0,296800,11.0,753.0,18:13,763.0,18:23,Complete
B533,R533,2,5,7,764,18:24,771,18:31,69,10,59,0,595900,3.0,754.0,18:14,768.0,18:28,Complete
B534,R534,3,5,7,764,18:24,771,18:31,58,10,48,0,298050,9.0,759.0,18:19,770.0,18:30,Complete
B535,,2,5,7,766,18:26,773,18:33,69,11,58,1,621408,,,,,,Overdue
B536,R536,2,5,7,766,18:26,773,18:33,69,10,59,0,297950,12.0,756.0,18:16,773.0,18:33,Complete
B537,R537,2,5,7,768,18:28,775,18:35,69,11,58,0,595900,0.0,757.0,18:17,774.0,18:34,Complete
B538,R538,2,5,7,770,18:30,777,18:37,69,11,58,1,621408,26.0,765.0,18:25,792.0,18:52,Complete
B539,R539,5,3,7,769,18:29,776,18:36,62,10,52,0,298050,7.0,759.0,18:19,770.0,18:30,Complete
B540,,2,5,7,770,18:30,777,18:37,69,10,59,1,620976,,,,,,Overdue
B541,R541,5,2,7,770,18:30,777,18:37,66,10,56,1,311159,1.0,760.0,18:20,771.0,18:31,Complete
B542,,7,3,5,771,18:31,776,18:36,51,9,42,1,314276,,,,,,Overdue
B543,R543,2,5,7,774,18:34,781,18:41,69,10,59,1,310488,4.0,768.0,18:28,779.0,18:39,Complete
B544,R544,3,5,7,775,18:35,782,18:42,58,10,48,1,313471,2.0,768.0,18:28,779.0,18:39,Complete
B545,R545,7,3,5,775,18:35,780,18:40,51,9,42,1,314276,10.0,770.0,18:30,780.0,18:40,Complete
B546,R546,2,5,7,778,18:38,785,18:45,69,11,58,1,310704,8.0,770.0,18:30,785.0,18:45,Complete
B547,R547,2,5,7,778,18:38,785,18:45,69,10,59,1,310488,5.0,774.0,18:34,785.0,18:45,Complete
B548,R548,2,5,7,780,18:40,787,18:47,69,10,59,1,620976,6.0,776.0,18:36,787.0,18:47,Complete
B549,R549,2,5,7,782,18:42,789,18:49,69,11,58,0,297950,5.0,771.0,18:31,788.0,18:48,Complete
B550,R550,7,5,5,783,18:43,788,18:48,56,12,44,0,296400,16.0,771.0,18:31,784.0,18:44,Complete
B551,R551,3,5,7,782,18:42,789,18:49,58,10,48,0,298050,11.0,772.0,18:32,789.0,18:49,Complete
B552,R552,2,5,7,784,18:44,791,18:51,69,11,58,0,595900,6.0,773.0,18:33,790.0,18:50,Complete
B553,R553,2,5,7,784,18:44,791,18:51,69,10,59,0,297950,8.0,774.0,18:34,788.0,18:48,Complete
B554,R554,3,5,7,785,18:45,792,18:52,58,10,48,0,298050,7.0,775.0,18:35,790.0,18:50,Complete
B555,R555,7,3,5,786,18:46,791,18:51,51,9,42,0,296800,14.0,777.0,18:37,790.0,18:50,Complete
B556,R556,2,5,7,788,18:48,795,18:55,69,10,59,0,297950,11.0,778.0,18:38,792.0,18:52,Complete
B557,R557,3,5,7,789,18:49,796,18:56,58,10,48,0,298050,7.0,779.0,18:39,793.0,18:53,Complete
B558,,7,3,5,788,18:48,793,18:53,51,9,42,1,314276,,,,,,Overdue
B559,,7,3,5,790,18:50,795,18:55,51,9,42,1,314276,,,,,,Overdue
B560,R560,3,5,7,792,18:52,799,18:59,58,10,48,1,313471,10.0,783.0,18:43,797.0,18:57,Complete
B561,R561,2,5,7,794,18:54,801,19:01,69,11,58,1,932112,1.0,789.0,18:49,800.0,19:00,Complete
B562,,7,3,5,792,18:52,797,18:57,51,9,42,1,314276,,,,,,Overdue
B563,R563,2,5,7,794,18:54,801,19:01,69,10,59,1,620976,0.0,788.0,18:48,799.0,18:59,Complete
B564,R564,5,2,7,794,18:54,801,19:01,66,10,56,1,311159,2.0,784.0,18:44,795.0,18:55,Complete
B565,R565,2,5,7,796,18:56,803,19:03,69,10,59,1,310488,1.0,786.0,18:46,803.0,19:03,Complete
B566,R566,3,5,7,796,18:56,803,19:03,58,10,48,1,313471,10.0,786.0,18:46,800.0,19:00,Complete
B567,R567,2,5,7,798,18:58,805,19:05,69,10,59,1,310488,9.0,793.0,18:53,804.0,19:04,Complete
B568,R568,2,5,7,800,19:00,807,19:07,69,11,58,1,621408,14.0,796.0,18:56,807.0,19:07,Complete
B569,R569,2,5,7,800,19:00,807,19:07,69,10,59,1,310488,9.0,790.0,18:50,807.0,19:07,Complete
B570,R570,2,5,7,802,19:02,809,19:09,69,10,59,0,595900,2.0,798.0,18:58,809.0,19:09,Complete
B571,R571,2,5,7,808,19:08,815,19:15,69,10,59,0,297950,3.0,798.0,18:58,812.0,19:12,Complete
B572,,2,5,7,810,19:10,817,19:17,69,11,58,2,970375,,,,,,Overdue
B573,,2,5,7,810,19:10,817,19:17,69,10,59,2,323026,,,,,,Overdue
B574,,2,5,7,812,19:12,819,19:19,69,10,59,2,323026,,,,,,Overdue
B575,,3,5,7,813,19:13,820,19:20,58,10,48,2,328893,,,,,,Overdue
B576,,2,5,7,814,19:14,821,19:21,69,10,59,2,323026,,,,,,Overdue
B577,,2,5,7,816,19:16,823,19:23,69,10,59,2,323026,,,,,,Overdue
