time_min,time_hhmm,route_node_id,physical_node_id,physical_address,vehicle_count,vehicle_ids
0,05:40,1,1,서울역,10,"0,10,20,30,40,50,60,70,80,90"
1,05:41,1,1,서울역,10,"0,10,20,30,40,50,60,70,80,90"
2,05:42,1,1,서울역,10,"0,10,20,30,40,50,60,70,80,90"
3,05:43,1,1,서울역,10,"0,10,20,30,40,50,60,70,80,90"
4,05:44,1,1,서울역,10,"0,10,20,30,40,50,60,70,80,90"
5,05:45,1,1,서울역,10,"0,10,20,30,40,50,60,70,80,90"
6,05:46,1,1,서울역,10,"0,10,20,30,40,50,60,70,80,90"
7,05:47,1,1,서울역,10,"0,10,20,30,40,50,60,70,80,90"
8,05:48,1,1,서울역,10,"0,10,20,30,40,50,60,70,80,90"
9,05:49,1,1,서울역,10,"0,10,20,30,40,50,60,70,80,90"
10,05:50,1,1,서울역,10,"0,10,20,30,40,50,60,70,80,90"
11,05:51,1,1,서울역,10,"0,10,20,30,40,50,60,70,80,90"
12,05:52,1,1,서울역,10,"0,10,20,30,40,50,60,70,80,90"
13,05:53,1,1,서울역,10,"0,10,20,30,40,50,60,70,80,90"
14,05:54,1,1,서울역,10,"0,10,20,30,40,50,60,70,80,90"
15,05:55,1,1,서울역,10,"0,10,20,30,40,50,60,70,80,90"
16,05:56,1,1,서울역,10,"0,10,20,30,40,50,60,70,80,90"
17,05:57,1,1,서울역,10,"0,10,20,30,40,50,60,70,80,90"
18,05:58,1,1,서울역,10,"0,10,20,30,40,50,60,70,80,90"
19,05:59,1,1,서울역,10,"0,10,20,30,40,50,60,70,80,90"
20,06:00,1,1,서울역,8,"10,30,40,50,60,70,80,90"
21,06:01,1,1,서울역,8,"10,30,40,50,60,70,80,90"
22,06:02,1,1,서울역,8,"10,30,40,50,60,70,80,90"
23,06:03,1,1,서울역,8,"10,30,40,50,60,70,80,90"
24,06:04,1,1,서울역,8,"10,30,40,50,60,70,80,90"
25,06:05,1,1,서울역,8,"10,30,40,50,60,70,80,90"
26,06:06,1,1,서울역,8,"10,30,40,50,60,70,80,90"
27,06:07,1,1,서울역,8,"10,30,40,50,60,70,80,90"
28,06:08,1,1,서울역,8,"10,30,40,50,60,70,80,90"
29,06:09,1,1,서울역,8,"10,30,40,50,60,70,80,90"
30,06:10,1,1,서울역,8,"10,30,40,50,60,70,80,90"
31,06:11,1,1,서울역,8,"10,30,40,50,60,70,80,90"
32,06:12,1,1,서울역,8,"10,30,40,50,60,70,80,90"
33,06:13,1,1,서울역,8,"10,30,40,50,60,70,80,90"
34,06:14,1,1,서울역,8,"10,30,40,50,60,70,80,90"
35,06:15,1,1,서울역,8,"10,30,40,50,60,70,80,90"
36,06:16,1,1,서울역,10,"1,10,30,38,40,50,60,70,80,90"
37,06:17,1,1,서울역,10,"1,10,30,38,40,50,60,70,80,90"
38,06:18,1,1,서울역,10,"1,10,30,38,40,50,60,70,80,90"
39,06:19,1,1,서울역,9,"10,30,38,40,50,60,70,80,90"
40,06:20,1,1,서울역,9,"10,30,38,40,50,60,70,80,90"
41,06:21,1,1,서울역,9,"10,30,38,40,50,60,70,80,90"
42,06:22,1,1,서울역,9,"10,30,38,40,50,60,70,80,90"
43,06:23,1,1,서울역,9,"10,30,38,40,50,60,70,80,90"
44,06:24,1,1,서울역,10,"10,13,30,38,40,50,60,70,80,90"
45,06:25,1,1,서울역,10,"10,13,30,38,40,50,60,70,80,90"
46,06:26,1,1,서울역,10,"10,13,30,38,40,50,60,70,80,90"
47,06:27,1,1,서울역,8,"10,30,40,50,60,70,80,90"
48,06:28,1,1,서울역,8,"10,30,40,50,60,70,80,90"
49,06:29,1,1,서울역,8,"10,30,40,50,60,70,80,90"
50,06:30,1,1,서울역,8,"10,30,40,50,60,70,80,90"
51,06:31,1,1,서울역,8,"10,30,40,50,60,70,80,90"
52,06:32,1,1,서울역,10,"7,10,17,30,40,50,60,70,80,90"
53,06:33,1,1,서울역,10,"7,10,17,30,40,50,60,70,80,90"
54,06:34,1,1,서울역,10,"7,10,17,30,40,50,60,70,80,90"
55,06:35,1,1,서울역,10,"7,10,17,30,40,50,60,70,80,90"
56,06:36,1,1,서울역,10,"7,10,17,30,40,50,60,70,80,90"
57,06:37,1,1,서울역,10,"7,10,17,30,40,50,60,70,80,90"
58,06:38,1,1,서울역,9,"10,17,30,40,50,60,70,80,90"
59,06:39,1,1,서울역,9,"10,17,30,40,50,60,70,80,90"
60,06:40,1,1,서울역,9,"10,17,30,40,50,60,70,80,90"
61,06:41,1,1,서울역,9,"10,17,30,40,50,60,70,80,90"
62,06:42,1,1,서울역,9,"10,17,30,40,50,60,70,80,90"
63,06:43,1,1,서울역,9,"10,17,30,40,50,60,70,80,90"
64,06:44,1,1,서울역,10,"10,17,23,30,40,50,60,70,80,90"
65,06:45,1,1,서울역,10,"10,17,23,30,40,50,60,70,80,90"
66,06:46,1,1,서울역,9,"10,23,30,40,50,60,70,80,90"
67,06:47,1,1,서울역,9,"10,23,30,40,50,60,70,80,90"
68,06:48,1,1,서울역,9,"10,23,30,40,50,60,70,80,90"
69,06:49,1,1,서울역,9,"10,23,30,40,50,60,70,80,90"
70,06:50,1,1,서울역,8,"10,30,40,50,60,70,80,90"
71,06:51,1,1,서울역,8,"10,30,40,50,60,70,80,90"
72,06:52,1,1,서울역,8,"10,30,40,50,60,70,80,90"
73,06:53,1,1,서울역,8,"10,30,40,50,60,70,80,90"
74,06:54,1,1,서울역,8,"10,30,40,50,60,70,80,90"
75,06:55,1,1,서울역,8,"10,30,40,50,60,70,80,90"
76,06:56,1,1,서울역,8,"10,30,40,50,60,70,80,90"
77,06:57,1,1,서울역,8,"10,30,40,50,60,70,80,90"
78,06:58,1,1,서울역,8,"10,30,40,50,60,70,80,90"
79,06:59,1,1,서울역,8,"10,30,40,50,60,70,80,90"
80,07:00,1,1,서울역,6,"40,50,60,70,80,90"
81,07:01,1,1,서울역,6,"40,50,60,70,80,90"
82,07:02,1,1,서울역,6,"40,50,60,70,80,90"
83,07:03,1,1,서울역,6,"40,50,60,70,80,90"
84,07:04,1,1,서울역,6,"40,50,60,70,80,90"
85,07:05,1,1,서울역,6,"40,50,60,70,80,90"
86,07:06,1,1,서울역,6,"40,50,60,70,80,90"
87,07:07,1,1,서울역,6,"40,50,60,70,80,90"
88,07:08,1,1,서울역,6,"40,50,60,70,80,90"
89,07:09,1,1,서울역,6,"40,50,60,70,80,90"
90,07:10,1,1,서울역,6,"40,50,60,70,80,90"
91,07:11,1,1,서울역,6,"40,50,60,70,80,90"
92,07:12,1,1,서울역,6,"40,50,60,70,80,90"
93,07:13,1,1,서울역,6,"40,50,60,70,80,90"
94,07:14,1,1,서울역,6,"40,50,60,70,80,90"
95,07:15,1,1,서울역,6,"40,50,60,70,80,90"
96,07:16,1,1,서울역,6,"40,50,60,70,80,90"
97,07:17,1,1,서울역,7,"10,40,50,60,70,80,90"
98,07:18,1,1,서울역,8,"10,40,50,55,60,70,80,90"
99,07:19,1,1,서울역,8,"10,40,50,55,60,70,80,90"
100,07:20,1,1,서울역,8,"0,40,50,55,60,70,80,90"
101,07:21,1,1,서울역,8,"0,40,50,55,60,70,80,90"
102,07:22,1,1,서울역,8,"0,40,50,55,60,70,80,90"
103,07:23,1,1,서울역,8,"0,40,50,55,60,70,80,90"
104,07:24,1,1,서울역,7,"40,50,55,60,70,80,90"
105,07:25,1,1,서울역,7,"40,50,55,60,70,80,90"
106,07:26,1,1,서울역,7,"40,50,55,60,70,80,90"
107,07:27,1,1,서울역,7,"40,50,55,60,70,80,90"
108,07:28,1,1,서울역,7,"40,50,55,60,70,80,90"
109,07:29,1,1,서울역,7,"40,50,55,60,70,80,90"
110,07:30,1,1,서울역,7,"40,50,55,60,70,80,90"
111,07:31,1,1,서울역,7,"40,50,55,60,70,80,90"
112,07:32,1,1,서울역,7,"40,50,55,60,70,80,90"
113,07:33,1,1,서울역,8,"37,40,50,55,60,70,80,90"
114,07:34,1,1,서울역,8,"37,40,50,55,60,70,80,90"
115,07:35,1,1,서울역,8,"37,40,50,55,60,70,80,90"
116,07:36,1,1,서울역,8,"37,40,50,55,60,70,80,90"
117,07:37,1,1,서울역,8,"37,40,50,55,60,70,80,90"
118,07:38,1,1,서울역,8,"37,40,50,55,60,70,80,90"
119,07:39,1,1,서울역,9,"9,37,40,50,55,60,70,80,90"
120,07:40,1,1,서울역,8,"9,37,40,55,60,70,80,90"
121,07:41,1,1,서울역,8,"9,37,40,55,60,70,80,90"
122,07:42,1,1,서울역,7,"37,40,55,60,70,80,90"
123,07:43,1,1,서울역,7,"13,40,55,60,70,80,90"
124,07:44,1,1,서울역,7,"13,40,55,60,70,80,90"
125,07:45,1,1,서울역,7,"13,40,55,60,70,80,90"
126,07:46,1,1,서울역,7,"13,40,55,60,70,80,90"
127,07:47,1,1,서울역,7,"13,40,55,60,70,80,90"
128,07:48,1,1,서울역,7,"13,40,55,60,70,80,90"
129,07:49,1,1,서울역,6,"40,55,60,70,80,90"
130,07:50,1,1,서울역,6,"40,55,60,70,80,90"
131,07:51,1,1,서울역,6,"40,55,60,70,80,90"
132,07:52,1,1,서울역,6,"40,55,60,70,80,90"
133,07:53,1,1,서울역,6,"40,55,60,70,80,90"
134,07:54,1,1,서울역,6,"40,55,60,70,80,90"
135,07:55,1,1,서울역,6,"40,55,60,70,80,90"
136,07:56,1,1,서울역,6,"40,55,60,70,80,90"
137,07:57,1,1,서울역,9,"7,40,44,55,60,70,74,80,90"
138,07:58,1,1,서울역,9,"7,40,44,55,60,70,74,80,90"
139,07:59,1,1,서울역,10,"7,9,40,44,55,60,70,74,80,90"
140,08:00,1,1,서울역,6,"9,55,70,74,80,90"
141,08:01,1,1,서울역,6,"9,55,70,74,80,90"
142,08:02,1,1,서울역,6,"9,55,70,74,80,90"
143,08:03,1,1,서울역,6,"9,55,70,74,80,90"
144,08:04,1,1,서울역,6,"9,55,70,74,80,90"
145,08:05,1,1,서울역,5,"55,70,74,80,90"
146,08:06,1,1,서울역,5,"55,70,74,80,90"
147,08:07,1,1,서울역,5,"55,70,74,80,90"
148,08:08,1,1,서울역,5,"55,70,74,80,90"
149,08:09,1,1,서울역,5,"55,70,74,80,90"
150,08:10,1,1,서울역,5,"55,70,74,80,90"
151,08:11,1,1,서울역,6,"46,55,70,74,80,90"
152,08:12,1,1,서울역,6,"46,55,70,74,80,90"
153,08:13,1,1,서울역,6,"46,55,70,74,80,90"
154,08:14,1,1,서울역,6,"46,55,70,74,80,90"
155,08:15,1,1,서울역,6,"46,55,70,74,80,90"
156,08:16,1,1,서울역,9,"5,21,26,46,55,70,74,80,90"
157,08:17,1,1,서울역,11,"5,21,26,41,46,55,70,74,80,90,94"
158,08:18,1,1,서울역,11,"5,21,26,41,46,55,70,74,80,90,94"
159,08:19,1,1,서울역,11,"5,21,26,41,46,55,70,74,80,90,94"
160,08:20,1,1,서울역,9,"3,21,30,46,70,74,80,90,94"
161,08:21,1,1,서울역,9,"3,21,30,46,70,74,80,90,94"
162,08:22,1,1,서울역,10,"3,12,21,30,46,70,74,80,90,94"
163,08:23,1,1,서울역,10,"3,12,21,46,64,70,74,80,90,94"
164,08:24,1,1,서울역,10,"3,12,21,46,64,70,74,80,90,94"
165,08:25,1,1,서울역,10,"3,12,21,46,64,70,74,80,90,94"
166,08:26,1,1,서울역,9,"12,21,46,64,70,74,80,90,94"
167,08:27,1,1,서울역,11,"12,21,23,39,46,64,70,74,80,90,94"
168,08:28,1,1,서울역,10,"21,23,39,46,64,70,74,80,90,94"
169,08:29,1,1,서울역,10,"21,23,39,46,64,70,74,80,90,94"
170,08:30,1,1,서울역,9,"21,23,46,64,70,74,80,90,94"
171,08:31,1,1,서울역,9,"21,23,46,64,70,74,80,90,94"
172,08:32,1,1,서울역,11,"6,21,23,46,49,64,70,74,80,90,94"
173,08:33,1,1,서울역,14,"2,6,21,23,46,49,60,64,67,70,74,80,90,94"
174,08:34,1,1,서울역,15,"2,6,21,23,46,49,60,64,66,67,70,74,80,90,94"
175,08:35,1,1,서울역,16,"2,6,15,21,23,46,49,60,64,66,67,70,74,80,90,94"
176,08:36,1,1,서울역,18,"2,6,15,21,23,46,49,54,57,60,64,66,67,70,74,80,90,94"
177,08:37,1,1,서울역,18,"2,6,15,21,23,46,49,54,57,60,63,64,67,70,74,80,90,94"
178,08:38,1,1,서울역,18,"2,6,15,21,23,46,49,54,57,60,63,64,67,70,74,80,90,94"
179,08:39,1,1,서울역,18,"2,6,15,21,23,32,46,49,54,60,63,64,67,70,74,80,90,94"
180,08:40,1,1,서울역,17,"2,5,11,15,32,46,49,54,60,63,64,67,70,74,80,90,94"
181,08:41,1,1,서울역,16,"2,5,11,32,46,49,54,60,63,64,67,70,74,80,90,94"
182,08:42,1,1,서울역,15,"2,5,11,32,46,49,54,63,64,67,70,74,80,90,94"
183,08:43,1,1,서울역,15,"2,5,11,32,46,49,54,63,64,67,70,74,80,90,94"
184,08:44,1,1,서울역,16,"2,5,11,32,46,49,54,63,64,67,70,74,77,80,90,94"
185,08:45,1,1,서울역,14,"2,5,11,46,49,63,64,67,70,74,77,80,90,94"
186,08:46,1,1,서울역,14,"1,2,5,46,49,63,64,67,70,74,77,80,90,94"
187,08:47,1,1,서울역,14,"1,2,5,46,49,63,64,67,70,74,77,80,90,94"
188,08:48,1,1,서울역,14,"1,2,5,12,46,49,63,64,67,70,74,80,90,94"
189,08:49,1,1,서울역,14,"2,5,8,12,46,49,63,64,67,70,74,80,90,94"
190,08:50,1,1,서울역,15,"2,5,8,12,46,49,56,63,64,67,70,74,80,90,94"
191,08:51,1,1,서울역,15,"2,5,8,12,46,49,56,63,64,67,70,74,80,90,94"
192,08:52,1,1,서울역,16,"2,5,12,42,46,47,49,56,63,64,67,70,74,80,90,94"
193,08:53,1,1,서울역,16,"2,5,12,19,42,46,47,49,63,64,67,70,74,80,90,94"
194,08:54,1,1,서울역,16,"2,5,12,19,42,46,47,49,63,64,67,70,74,80,90,94"
195,08:55,1,1,서울역,16,"2,5,12,19,42,46,47,49,63,64,67,70,74,80,90,94"
196,08:56,1,1,서울역,16,"2,5,12,19,42,46,47,49,63,64,67,70,74,80,90,94"
197,08:57,1,1,서울역,17,"2,5,12,19,33,42,46,47,49,63,64,67,70,74,80,90,94"
198,08:58,1,1,서울역,17,"2,5,12,19,33,42,46,47,49,63,64,67,70,74,80,90,94"
199,08:59,1,1,서울역,18,"2,5,10,12,19,33,42,46,47,49,63,64,67,70,74,80,90,94"
200,09:00,1,1,서울역,16,"6,10,12,16,42,46,47,49,63,64,67,70,74,80,90,94"
201,09:01,1,1,서울역,16,"6,10,12,16,42,46,47,49,63,64,67,70,74,80,90,94"
202,09:02,1,1,서울역,16,"6,10,12,16,42,46,47,49,63,64,67,70,74,80,90,94"
203,09:03,1,1,서울역,15,"10,12,16,42,46,47,49,63,64,67,70,74,80,90,94"
204,09:04,1,1,서울역,15,"10,12,16,42,46,47,49,63,64,67,70,74,80,90,94"
205,09:05,1,1,서울역,16,"10,12,16,32,42,46,47,49,63,64,67,70,74,80,90,94"
206,09:06,1,1,서울역,15,"10,12,32,42,46,47,49,63,64,67,70,74,80,90,94"
207,09:07,1,1,서울역,15,"10,12,32,42,46,47,49,63,64,67,70,74,80,90,94"
208,09:08,1,1,서울역,14,"12,32,42,46,47,49,63,64,67,70,74,80,90,94"
209,09:09,1,1,서울역,16,"1,12,32,42,46,47,49,62,63,64,67,70,74,80,90,94"
210,09:10,1,1,서울역,17,"1,12,32,42,46,47,49,62,63,64,67,70,74,77,80,90,94"
211,09:11,1,1,서울역,17,"1,12,32,42,46,47,49,62,63,64,67,70,74,77,80,90,94"
212,09:12,1,1,서울역,17,"1,12,29,32,42,46,47,49,63,64,67,70,74,77,80,90,94"
213,09:13,1,1,서울역,17,"1,12,29,32,42,46,47,49,63,64,67,70,74,77,80,90,94"
214,09:14,1,1,서울역,18,"1,12,29,32,35,42,46,47,49,63,64,67,70,74,77,80,90,94"
215,09:15,1,1,서울역,19,"1,5,12,29,32,35,42,46,47,49,63,64,67,70,74,77,80,90,94"
216,09:16,1,1,서울역,19,"1,5,12,29,32,35,42,46,47,49,63,64,67,70,74,77,80,90,94"
217,09:17,1,1,서울역,20,"1,5,12,29,32,35,42,46,47,49,63,64,67,70,74,77,80,87,90,94"
218,09:18,1,1,서울역,19,"5,12,29,32,35,42,46,47,49,63,64,67,70,74,77,80,87,90,94"
219,09:19,1,1,서울역,19,"5,12,29,32,35,42,46,47,49,63,64,67,70,74,77,80,87,90,94"
220,09:20,1,1,서울역,16,"12,35,42,46,47,49,63,64,67,70,74,77,80,87,90,94"
221,09:21,1,1,서울역,17,"12,35,42,46,47,49,63,64,67,70,74,77,80,87,90,94,95"
222,09:22,1,1,서울역,18,"12,35,42,46,47,49,63,64,67,70,74,77,78,80,87,90,94,95"
223,09:23,1,1,서울역,18,"12,35,42,46,47,49,63,64,67,70,74,77,78,80,87,90,94,95"
224,09:24,1,1,서울역,18,"12,35,42,46,47,49,63,64,67,70,74,77,78,80,87,90,94,95"
225,09:25,1,1,서울역,19,"12,35,42,46,47,49,55,63,64,67,70,74,77,78,80,87,90,94,95"
226,09:26,1,1,서울역,20,"12,24,35,42,46,47,49,55,63,64,67,70,74,77,78,80,87,90,94,95"
227,09:27,1,1,서울역,21,"12,24,31,35,42,46,47,49,55,63,64,67,70,74,77,78,80,87,90,94,95"
228,09:28,1,1,서울역,21,"12,24,31,35,42,46,47,49,55,63,64,67,70,74,77,78,80,87,90,94,95"
229,09:29,1,1,서울역,20,"12,31,35,42,46,47,49,55,63,64,67,70,74,77,78,80,87,90,94,95"
230,09:30,1,1,서울역,20,"12,31,35,42,46,47,49,55,63,64,67,70,74,77,78,80,87,90,94,95"
231,09:31,1,1,서울역,19,"12,31,35,42,46,47,49,63,64,67,70,74,77,78,80,87,90,94,95"
232,09:32,1,1,서울역,20,"12,31,35,42,46,47,49,62,63,64,67,70,74,77,78,80,87,90,94,95"
233,09:33,1,1,서울역,21,"11,12,31,35,42,46,47,49,62,63,64,67,70,74,77,78,80,87,90,94,95"
234,09:34,1,1,서울역,21,"11,12,31,35,42,46,47,49,62,63,64,67,70,74,77,78,80,87,90,94,95"
235,09:35,1,1,서울역,21,"11,12,31,35,42,46,47,49,62,63,64,67,70,74,77,78,80,87,90,94,95"
236,09:36,1,1,서울역,21,"11,12,31,35,42,46,47,49,62,63,64,67,70,74,77,78,80,87,90,94,95"
237,09:37,1,1,서울역,22,"11,12,28,31,35,42,46,47,49,62,63,64,67,70,74,77,78,80,87,90,94,95"
238,09:38,1,1,서울역,22,"11,12,28,31,35,42,46,47,49,62,63,64,67,70,74,77,78,80,87,90,94,95"
239,09:39,1,1,서울역,23,"11,12,28,31,35,42,46,47,49,62,63,64,67,68,70,74,77,78,80,87,90,94,95"
240,09:40,1,1,서울역,21,"11,28,31,35,42,46,47,49,62,63,64,67,68,70,74,77,78,87,90,94,95"
241,09:41,1,1,서울역,21,"11,28,31,35,42,46,47,49,62,63,64,67,68,70,74,77,78,87,90,94,95"
242,09:42,1,1,서울역,21,"11,28,31,35,42,46,47,49,62,63,64,67,68,70,74,77,78,87,90,94,95"
243,09:43,1,1,서울역,21,"11,28,31,35,42,46,47,49,62,63,64,67,68,70,74,77,78,87,90,94,95"
244,09:44,1,1,서울역,21,"11,28,31,35,42,46,47,49,62,63,64,67,68,70,74,77,78,87,90,94,95"
245,09:45,1,1,서울역,20,"11,28,31,35,42,46,47,49,62,63,64,67,70,74,77,78,87,90,94,95"
246,09:46,1,1,서울역,20,"11,28,31,35,42,46,47,49,62,63,64,67,70,74,77,78,87,90,94,95"
247,09:47,1,1,서울역,20,"11,28,31,35,42,46,47,49,62,63,64,67,70,74,77,78,87,90,94,95"
248,09:48,1,1,서울역,20,"11,28,31,35,42,46,47,49,62,63,64,67,70,74,77,78,87,90,94,95"
249,09:49,1,1,서울역,20,"11,28,31,35,42,46,47,49,62,63,64,67,70,74,77,78,87,90,94,95"
250,09:50,1,1,서울역,20,"11,28,31,35,42,46,47,49,62,63,64,67,70,74,77,78,87,90,94,95"
251,09:51,1,1,서울역,20,"11,28,31,35,42,46,47,49,62,63,64,67,70,74,77,78,87,90,94,95"
252,09:52,1,1,서울역,20,"11,28,31,35,42,46,47,49,62,63,64,67,70,74,77,78,87,90,94,95"
253,09:53,1,1,서울역,20,"11,28,31,35,42,46,47,49,62,63,64,67,70,74,77,78,87,90,94,95"
254,09:54,1,1,서울역,21,"11,28,31,35,42,46,47,49,58,62,63,64,67,70,74,77,78,87,90,94,95"
255,09:55,1,1,서울역,22,"11,12,28,31,35,42,46,47,49,58,62,63,64,67,70,74,77,78,87,90,94,95"
256,09:56,1,1,서울역,23,"1,11,12,28,31,35,42,46,47,49,58,62,63,64,67,70,74,77,78,87,90,94,95"
257,09:57,1,1,서울역,24,"1,3,11,12,28,31,35,42,46,47,49,58,62,63,64,67,70,74,77,78,87,90,94,95"
258,09:58,1,1,서울역,25,"1,3,11,12,26,28,31,35,42,46,47,49,58,62,63,64,67,70,74,77,78,87,90,94,95"
259,09:59,1,1,서울역,25,"1,3,11,12,26,28,31,35,42,46,47,49,58,62,63,64,67,70,74,77,78,87,90,94,95"
260,10:00,1,1,서울역,14,"26,35,46,49,60,63,70,74,77,78,87,90,94,95"
261,10:01,1,1,서울역,13,"35,46,49,60,63,70,74,77,78,87,90,94,95"
262,10:02,1,1,서울역,12,"46,49,60,63,70,74,77,78,87,90,94,95"
263,10:03,1,1,서울역,12,"46,49,52,63,70,74,77,78,87,90,94,95"
264,10:04,1,1,서울역,13,"14,46,49,52,63,70,74,77,78,87,90,94,95"
265,10:05,1,1,서울역,13,"14,46,49,52,63,70,74,77,78,87,90,94,95"
266,10:06,1,1,서울역,14,"14,46,49,52,63,70,74,77,78,82,87,90,94,95"
267,10:07,1,1,서울역,14,"10,46,49,52,63,70,74,77,78,82,87,90,94,95"
268,10:08,1,1,서울역,14,"10,46,49,52,63,70,74,77,78,82,87,90,94,95"
269,10:09,1,1,서울역,12,"10,46,49,63,70,74,77,78,87,90,94,95"
270,10:10,1,1,서울역,12,"10,46,49,63,70,74,77,78,87,90,94,95"
271,10:11,1,1,서울역,12,"10,46,49,63,70,74,77,78,87,90,94,95"
272,10:12,1,1,서울역,12,"10,46,49,63,70,74,77,78,87,90,94,95"
273,10:13,1,1,서울역,12,"13,46,49,63,70,74,77,78,87,90,94,95"
274,10:14,1,1,서울역,12,"13,46,49,63,70,74,77,78,87,90,94,95"
275,10:15,1,1,서울역,13,"13,46,49,63,67,70,74,77,78,87,90,94,95"
276,10:16,1,1,서울역,14,"13,46,49,53,63,67,70,74,77,78,87,90,94,95"
277,10:17,1,1,서울역,18,"13,27,37,44,46,47,49,53,63,67,70,74,77,78,87,90,94,95"
278,10:18,1,1,서울역,18,"13,27,37,44,46,47,49,53,63,67,70,74,77,78,87,90,94,95"
279,10:19,1,1,서울역,18,"13,27,37,44,46,47,49,53,63,67,70,74,77,78,87,90,94,95"
280,10:20,1,1,서울역,10,"49,53,63,67,70,74,87,90,94,95"
281,10:21,1,1,서울역,11,"49,53,54,63,67,70,74,87,90,94,95"
282,10:22,1,1,서울역,10,"49,54,63,67,70,74,87,90,94,95"
283,10:23,1,1,서울역,11,"43,49,54,63,67,70,74,87,90,94,95"
284,10:24,1,1,서울역,11,"43,49,54,63,67,70,74,87,90,94,95"
285,10:25,1,1,서울역,13,"15,43,49,54,63,67,70,74,85,87,90,94,95"
286,10:26,1,1,서울역,13,"15,43,49,54,63,67,70,74,85,87,90,94,95"
287,10:27,1,1,서울역,13,"15,22,43,49,63,67,70,74,85,87,90,94,95"
288,10:28,1,1,서울역,13,"15,22,43,49,63,67,70,74,85,87,90,94,95"
289,10:29,1,1,서울역,13,"15,22,49,63,67,70,71,74,85,87,90,94,95"
290,10:30,1,1,서울역,13,"15,22,49,63,67,70,71,74,85,87,90,94,95"
291,10:31,1,1,서울역,13,"15,22,49,63,67,70,71,74,85,87,90,94,95"
292,10:32,1,1,서울역,13,"15,22,49,63,67,70,71,74,85,87,90,94,95"
293,10:33,1,1,서울역,14,"15,22,49,53,63,67,70,71,74,85,87,90,94,95"
294,10:34,1,1,서울역,13,"15,22,49,53,63,67,70,71,74,87,90,94,95"
295,10:35,1,1,서울역,18,"15,22,25,32,44,49,53,61,63,67,70,71,74,76,87,90,94,95"
296,10:36,1,1,서울역,18,"15,22,25,32,44,49,53,61,63,67,70,71,74,76,87,90,94,95"
297,10:37,1,1,서울역,17,"22,25,32,44,49,53,61,63,67,70,71,74,76,87,90,94,95"
298,10:38,1,1,서울역,17,"7,22,32,44,49,53,61,63,67,70,71,74,76,87,90,94,95"
299,10:39,1,1,서울역,17,"7,22,32,44,49,61,63,67,69,70,71,74,76,87,90,94,95"
300,10:40,1,1,서울역,13,"7,22,32,44,49,63,67,69,71,74,87,94,95"
301,10:41,1,1,서울역,12,"7,22,44,49,63,67,69,71,74,87,94,95"
302,10:42,1,1,서울역,12,"7,22,44,45,49,63,67,71,74,87,94,95"
303,10:43,1,1,서울역,12,"7,22,44,45,49,63,67,71,74,87,94,95"
304,10:44,1,1,서울역,14,"7,12,22,44,45,49,63,67,71,74,81,87,94,95"
305,10:45,1,1,서울역,13,"7,12,22,44,49,63,67,71,74,81,87,94,95"
306,10:46,1,1,서울역,12,"7,12,44,49,63,67,71,74,81,87,94,95"
307,10:47,1,1,서울역,11,"7,12,44,49,63,67,71,74,87,94,95"
308,10:48,1,1,서울역,11,"7,12,44,49,63,67,71,74,87,94,95"
309,10:49,1,1,서울역,12,"7,12,28,44,49,63,67,71,74,87,94,95"
310,10:50,1,1,서울역,11,"7,28,44,49,63,67,71,74,87,94,95"
311,10:51,1,1,서울역,12,"7,28,41,44,49,63,67,71,74,87,94,95"
312,10:52,1,1,서울역,13,"7,29,35,41,44,49,63,67,71,74,87,94,95"
313,10:53,1,1,서울역,15,"7,17,29,30,35,41,44,49,63,67,71,74,87,94,95"
314,10:54,1,1,서울역,16,"7,9,17,29,30,35,41,44,49,63,67,71,74,87,94,95"
315,10:55,1,1,서울역,17,"4,7,9,17,29,30,35,41,44,49,63,67,71,74,87,94,95"
316,10:56,1,1,서울역,17,"4,7,9,17,29,30,35,41,44,49,63,67,71,74,87,94,95"
317,10:57,1,1,서울역,18,"4,7,9,17,29,30,35,41,44,49,63,67,70,71,74,87,94,95"
318,10:58,1,1,서울역,18,"4,7,9,17,29,30,35,41,44,49,63,67,70,71,74,87,94,95"
319,10:59,1,1,서울역,18,"4,7,9,17,29,30,35,41,44,49,63,67,70,71,74,87,94,95"
320,11:00,1,1,서울역,13,"4,9,17,29,35,67,70,71,74,80,87,94,95"
321,11:01,1,1,서울역,13,"4,9,17,29,35,67,70,71,74,80,87,94,95"
322,11:02,1,1,서울역,13,"4,9,17,29,35,67,70,71,74,80,87,94,95"
323,11:03,1,1,서울역,12,"4,17,29,35,67,70,71,74,80,87,94,95"
324,11:04,1,1,서울역,13,"4,17,26,29,35,67,70,71,74,80,87,94,95"
325,11:05,1,1,서울역,14,"4,14,17,26,29,35,67,70,71,74,80,87,94,95"
326,11:06,1,1,서울역,16,"4,14,17,26,29,35,45,51,67,70,71,74,80,87,94,95"
327,11:07,1,1,서울역,16,"4,14,17,18,35,45,51,55,67,70,71,74,80,87,94,95"
328,11:08,1,1,서울역,17,"4,14,17,18,20,35,45,51,55,67,70,71,74,80,87,94,95"
329,11:09,1,1,서울역,16,"4,14,17,18,20,35,45,55,67,70,71,74,80,87,94,95"
330,11:10,1,1,서울역,15,"4,14,18,20,35,45,55,67,70,71,74,80,87,94,95"
331,11:11,1,1,서울역,15,"4,14,18,35,45,55,67,70,71,74,78,80,87,94,95"
332,11:12,1,1,서울역,15,"4,14,18,35,45,55,67,70,71,74,78,80,87,94,95"
333,11:13,1,1,서울역,15,"4,14,18,35,45,55,67,70,71,74,78,80,87,94,95"
334,11:14,1,1,서울역,15,"4,18,35,45,52,55,67,70,71,74,78,80,87,94,95"
335,11:15,1,1,서울역,15,"4,18,35,45,52,55,67,70,71,74,78,80,87,94,95"
336,11:16,1,1,서울역,16,"4,18,35,45,47,52,55,67,70,71,74,78,80,87,94,95"
337,11:17,1,1,서울역,19,"4,7,18,35,45,47,52,55,67,70,71,74,78,79,80,81,87,94,95"
338,11:18,1,1,서울역,20,"4,7,10,18,35,45,47,52,55,67,70,71,74,78,79,80,81,87,94,95"
339,11:19,1,1,서울역,20,"4,5,7,10,18,35,45,52,55,67,70,71,74,78,79,80,81,87,94,95"
340,11:20,1,1,서울역,15,"5,10,35,45,67,70,71,74,78,79,80,81,87,94,95"
341,11:21,1,1,서울역,16,"5,10,35,45,67,68,70,71,74,78,79,80,81,87,94,95"
342,11:22,1,1,서울역,15,"10,35,45,67,68,70,71,74,78,79,80,81,87,94,95"
343,11:23,1,1,서울역,15,"10,35,45,67,68,70,71,74,78,79,80,81,87,94,95"
344,11:24,1,1,서울역,14,"10,35,45,67,70,71,74,78,79,80,81,87,94,95"
345,11:25,1,1,서울역,14,"10,35,45,67,70,71,74,78,79,80,81,87,94,95"
346,11:26,1,1,서울역,14,"10,35,45,67,70,71,74,78,79,80,81,87,94,95"
347,11:27,1,1,서울역,16,"10,11,15,35,45,67,70,71,74,78,79,80,81,87,94,95"
348,11:28,1,1,서울역,16,"10,11,15,35,45,67,70,71,74,78,79,80,81,87,94,95"
349,11:29,1,1,서울역,16,"10,11,15,35,45,67,70,71,74,78,79,80,81,87,94,95"
350,11:30,1,1,서울역,14,"10,35,45,67,70,71,74,78,79,80,81,87,94,95"
351,11:31,1,1,서울역,14,"10,35,45,67,70,71,74,78,79,80,81,87,94,95"
352,11:32,1,1,서울역,14,"10,35,45,67,70,71,74,78,79,80,81,87,94,95"
353,11:33,1,1,서울역,15,"10,35,36,45,67,70,71,74,78,79,80,81,87,94,95"
354,11:34,1,1,서울역,16,"10,35,36,45,60,67,70,71,74,78,79,80,81,87,94,95"
355,11:35,1,1,서울역,17,"8,10,35,36,45,60,67,70,71,74,78,79,80,81,87,94,95"
356,11:36,1,1,서울역,17,"8,10,35,36,45,60,67,70,71,74,78,79,80,81,87,94,95"
357,11:37,1,1,서울역,18,"3,8,10,35,36,45,60,67,70,71,74,78,79,80,81,87,94,95"
358,11:38,1,1,서울역,18,"3,8,10,35,36,45,60,67,70,71,74,78,79,80,81,87,94,95"
359,11:39,1,1,서울역,19,"3,8,10,35,36,38,45,60,67,70,71,74,78,79,80,81,87,94,95"
360,11:40,1,1,서울역,19,"3,8,10,35,36,38,45,60,67,70,71,74,78,79,80,81,87,94,95"
361,11:41,1,1,서울역,20,"3,8,10,27,35,36,38,45,60,67,70,71,74,78,79,80,81,87,94,95"
362,11:42,1,1,서울역,20,"3,8,10,27,35,36,38,45,60,67,70,71,74,78,79,80,81,87,94,95"
363,11:43,1,1,서울역,20,"3,8,10,27,35,36,38,45,60,67,70,71,74,78,79,80,81,87,94,95"
364,11:44,1,1,서울역,20,"3,8,10,35,36,38,45,60,67,68,70,71,74,78,79,80,81,87,94,95"
365,11:45,1,1,서울역,20,"3,8,10,35,36,38,45,60,67,68,70,71,74,78,79,80,81,87,94,95"
366,11:46,1,1,서울역,20,"3,8,10,35,36,38,45,60,67,68,70,71,74,78,79,80,81,87,94,95"
367,11:47,1,1,서울역,20,"3,8,10,35,36,38,45,60,67,68,70,71,74,78,79,80,81,87,94,95"
368,11:48,1,1,서울역,20,"3,8,10,35,36,38,45,60,67,68,70,71,74,78,79,80,81,87,94,95"
369,11:49,1,1,서울역,19,"3,8,10,36,38,45,60,67,68,70,71,74,78,79,80,81,87,94,95"
370,11:50,1,1,서울역,21,"3,4,8,10,36,38,45,46,60,67,68,70,71,74,78,79,80,81,87,94,95"
371,11:51,1,1,서울역,21,"3,4,8,10,36,38,45,46,60,67,68,70,71,74,78,79,80,81,87,94,95"
372,11:52,1,1,서울역,22,"3,4,8,10,36,38,39,45,46,60,67,68,70,71,74,78,79,80,81,87,94,95"
373,11:53,1,1,서울역,22,"3,4,8,10,36,38,39,45,46,60,67,68,70,71,74,78,79,80,81,87,94,95"
374,11:54,1,1,서울역,22,"3,4,8,10,36,38,39,45,46,60,67,68,70,71,74,78,79,80,81,87,94,95"
375,11:55,1,1,서울역,22,"3,4,8,10,13,36,38,45,46,60,67,68,70,71,74,78,79,80,81,87,94,95"
376,11:56,1,1,서울역,21,"3,8,10,13,36,38,45,46,60,67,68,70,71,74,78,79,80,81,87,94,95"
377,11:57,1,1,서울역,23,"3,8,10,13,36,38,40,45,46,60,66,67,68,70,71,74,78,79,80,81,87,94,95"
378,11:58,1,1,서울역,22,"3,8,10,36,38,40,45,46,60,66,67,68,70,71,74,78,79,80,81,87,94,95"
379,11:59,1,1,서울역,22,"3,8,10,36,38,40,45,46,60,66,67,68,70,71,74,78,79,80,81,87,94,95"
380,12:00,1,1,서울역,21,"3,8,10,36,38,45,46,60,66,67,68,70,71,74,78,79,80,81,87,94,95"
381,12:01,1,1,서울역,23,"0,3,8,10,27,36,38,45,46,60,66,67,68,70,71,74,78,79,80,81,87,94,95"
382,12:02,1,1,서울역,23,"0,3,8,10,27,36,38,45,46,60,66,67,68,70,71,74,78,79,80,81,87,94,95"
383,12:03,1,1,서울역,23,"0,3,8,10,27,36,38,45,46,60,66,67,68,70,71,74,78,79,80,81,87,94,95"
384,12:04,1,1,서울역,22,"0,3,8,10,36,38,45,46,60,66,67,68,70,71,74,78,79,80,81,87,94,95"
385,12:05,1,1,서울역,22,"0,3,8,10,36,38,45,46,60,66,67,68,70,71,74,78,79,80,81,87,94,95"
386,12:06,1,1,서울역,21,"0,3,8,36,38,45,46,60,66,67,68,70,71,74,78,79,80,81,87,94,95"
387,12:07,1,1,서울역,22,"0,3,8,36,38,45,46,60,61,66,67,68,70,71,74,78,79,80,81,87,94,95"
388,12:08,1,1,서울역,22,"0,3,8,36,38,45,46,60,61,66,67,68,70,71,74,78,79,80,81,87,94,95"
389,12:09,1,1,서울역,23,"0,3,8,18,36,38,45,46,60,61,66,67,68,70,71,74,78,79,80,81,87,94,95"
390,12:10,1,1,서울역,22,"0,3,8,18,36,38,45,46,60,66,67,68,70,71,74,78,79,80,81,87,94,95"
391,12:11,1,1,서울역,22,"0,3,8,18,36,38,45,46,60,66,67,68,70,71,74,78,79,80,81,87,94,95"
392,12:12,1,1,서울역,22,"0,3,8,18,36,38,45,46,60,66,67,68,70,71,74,78,79,80,81,87,94,95"
393,12:13,1,1,서울역,24,"3,8,18,21,36,38,45,46,52,59,60,66,67,68,70,71,74,78,79,80,81,87,94,95"
394,12:14,1,1,서울역,24,"3,8,18,21,36,38,45,46,52,59,60,66,67,68,70,71,74,78,79,80,81,87,94,95"
395,12:15,1,1,서울역,23,"3,8,21,36,38,45,46,52,59,60,66,67,68,70,71,74,78,79,80,81,87,94,95"
396,12:16,1,1,서울역,24,"3,8,21,36,38,42,45,46,52,59,60,66,67,68,70,71,74,78,79,80,81,87,94,95"
397,12:17,1,1,서울역,24,"3,8,21,36,38,42,45,46,52,59,60,66,67,68,70,71,74,78,79,80,81,87,94,95"
398,12:18,1,1,서울역,24,"3,8,21,36,38,42,45,46,52,59,60,66,67,68,70,71,74,78,79,80,81,87,94,95"
399,12:19,1,1,서울역,24,"3,8,36,38,42,45,46,51,52,59,60,66,67,68,70,71,74,78,79,80,81,87,94,95"
400,12:20,1,1,서울역,21,"3,38,42,45,46,51,52,59,60,66,67,68,70,71,74,79,80,81,87,94,95"
401,12:21,1,1,서울역,21,"3,38,42,45,46,51,52,59,60,66,67,68,70,71,74,79,80,81,87,94,95"
402,12:22,1,1,서울역,21,"3,38,42,45,46,51,52,59,60,66,67,68,70,71,74,79,80,81,87,94,95"
403,12:23,1,1,서울역,21,"3,38,42,45,46,51,52,59,60,66,67,68,70,71,74,79,80,81,87,94,95"
404,12:24,1,1,서울역,22,"3,38,42,45,46,51,52,56,59,60,66,67,68,70,71,74,79,80,81,87,94,95"
405,12:25,1,1,서울역,23,"3,16,38,42,45,46,51,52,56,59,60,66,67,68,70,71,74,79,80,81,87,94,95"
406,12:26,1,1,서울역,23,"3,16,38,42,45,46,51,52,56,59,60,66,67,68,70,71,74,79,80,81,87,94,95"
407,12:27,1,1,서울역,24,"3,7,16,33,38,42,45,46,51,52,59,60,66,67,68,70,71,74,79,80,81,87,94,95"
408,12:28,1,1,서울역,24,"3,7,16,33,38,42,45,46,51,52,59,60,66,67,68,70,71,74,79,80,81,87,94,95"
409,12:29,1,1,서울역,24,"3,7,16,33,38,42,45,46,51,52,59,60,66,67,68,70,71,74,79,80,81,87,94,95"
410,12:30,1,1,서울역,24,"3,7,16,33,38,42,45,46,51,52,59,60,66,67,68,70,71,74,79,80,81,87,94,95"
411,12:31,1,1,서울역,22,"3,7,33,38,42,45,46,52,59,60,66,67,68,70,71,74,79,80,81,87,94,95"
412,12:32,1,1,서울역,22,"3,7,33,38,42,45,46,52,59,60,66,67,68,70,71,74,79,80,81,87,94,95"
413,12:33,1,1,서울역,21,"3,33,38,42,45,46,52,59,60,66,67,68,70,71,74,79,80,81,87,94,95"
414,12:34,1,1,서울역,21,"3,33,38,42,45,46,52,59,60,66,67,68,70,71,74,79,80,81,87,94,95"
415,12:35,1,1,서울역,21,"3,33,38,42,45,46,52,59,60,66,67,68,70,71,74,79,80,81,87,94,95"
416,12:36,1,1,서울역,23,"3,20,33,38,42,45,46,52,59,60,66,67,68,70,71,74,79,80,81,87,91,94,95"
417,12:37,1,1,서울역,23,"3,20,33,38,42,45,46,52,59,60,66,67,68,70,71,74,79,80,81,87,91,94,95"
418,12:38,1,1,서울역,23,"3,20,33,38,42,45,46,52,59,60,66,67,68,70,71,74,79,80,81,87,91,94,95"
419,12:39,1,1,서울역,22,"3,4,38,42,45,46,52,59,60,66,67,68,70,71,74,79,80,81,87,91,94,95"
420,12:40,1,1,서울역,20,"4,42,45,46,52,59,60,66,67,68,70,71,74,79,80,81,87,91,94,95"
421,12:41,1,1,서울역,20,"4,42,45,46,52,59,60,66,67,68,70,71,74,79,80,81,87,91,94,95"
422,12:42,1,1,서울역,20,"4,42,45,46,52,59,60,66,67,68,70,71,74,79,80,81,87,91,94,95"
423,12:43,1,1,서울역,20,"4,42,45,46,52,59,60,66,67,68,70,71,74,79,80,81,87,91,94,95"
424,12:44,1,1,서울역,20,"4,42,45,46,52,59,60,66,67,68,70,71,74,79,80,81,87,91,94,95"
425,12:45,1,1,서울역,21,"4,18,42,45,46,52,59,60,66,67,68,70,71,74,79,80,81,87,91,94,95"
426,12:46,1,1,서울역,21,"4,18,42,45,46,52,59,60,66,67,68,70,71,74,79,80,81,87,91,94,95"
427,12:47,1,1,서울역,21,"4,18,42,45,46,52,59,60,66,67,68,70,71,74,79,80,81,87,91,94,95"
428,12:48,1,1,서울역,21,"4,18,42,45,46,52,59,60,66,67,68,70,71,74,79,80,81,87,91,94,95"
429,12:49,1,1,서울역,21,"4,18,42,45,46,52,59,60,66,67,68,70,71,74,79,80,81,87,91,94,95"
430,12:50,1,1,서울역,21,"18,22,42,45,46,52,59,60,66,67,68,70,71,74,79,80,81,87,91,94,95"
431,12:51,1,1,서울역,20,"22,42,45,46,52,59,60,66,67,68,70,71,74,79,80,81,87,91,94,95"
432,12:52,1,1,서울역,20,"22,42,45,46,52,59,60,66,67,68,70,71,74,79,80,81,87,91,94,95"
433,12:53,1,1,서울역,20,"22,42,45,46,52,59,60,66,67,68,70,71,74,79,80,81,87,91,94,95"
434,12:54,1,1,서울역,21,"12,22,42,45,46,52,59,60,66,67,68,70,71,74,79,80,81,87,91,94,95"
435,12:55,1,1,서울역,21,"12,22,42,45,46,52,59,60,66,67,68,70,71,74,79,80,81,87,91,94,95"
436,12:56,1,1,서울역,21,"12,22,42,45,46,52,59,60,66,67,68,70,71,74,79,80,81,87,91,94,95"
437,12:57,1,1,서울역,21,"12,22,42,45,46,52,59,60,66,67,68,70,71,74,79,80,81,87,91,94,95"
438,12:58,1,1,서울역,21,"12,22,42,45,46,52,59,60,66,67,68,70,71,74,79,80,81,87,91,94,95"
439,12:59,1,1,서울역,21,"12,22,42,45,46,52,59,60,66,67,68,70,71,74,79,80,81,87,91,94,95"
440,13:00,1,1,서울역,19,"12,45,46,52,59,60,66,67,68,70,71,74,79,80,81,87,91,94,95"
441,13:01,1,1,서울역,19,"12,45,46,52,59,60,66,67,68,70,71,74,79,80,81,87,91,94,95"
442,13:02,1,1,서울역,19,"12,45,46,52,59,60,66,67,68,70,71,74,79,80,81,87,91,94,95"
443,13:03,1,1,서울역,17,"46,52,59,60,66,67,68,70,71,74,79,80,81,87,91,94,95"
444,13:04,1,1,서울역,18,"19,46,52,59,60,66,67,68,70,71,74,79,80,81,87,91,94,95"
445,13:05,1,1,서울역,18,"19,46,52,59,60,66,67,68,70,71,74,79,80,81,87,91,94,95"
446,13:06,1,1,서울역,18,"19,46,52,59,60,66,67,68,70,71,74,79,80,81,87,91,94,95"
447,13:07,1,1,서울역,17,"46,52,59,60,66,67,68,70,71,74,79,80,81,87,91,94,95"
448,13:08,1,1,서울역,17,"46,52,59,60,66,67,68,70,71,74,79,80,81,87,91,94,95"
449,13:09,1,1,서울역,17,"46,52,59,60,66,67,68,70,71,74,79,80,81,87,91,94,95"
450,13:10,1,1,서울역,17,"46,52,59,60,66,67,68,70,71,74,79,80,81,87,91,94,95"
451,13:11,1,1,서울역,17,"46,52,59,60,66,67,68,70,71,74,79,80,81,87,91,94,95"
452,13:12,1,1,서울역,17,"46,52,59,60,66,67,68,70,71,74,79,80,81,87,91,94,95"
453,13:13,1,1,서울역,17,"46,52,59,60,66,67,68,70,71,74,79,80,81,87,91,94,95"
454,13:14,1,1,서울역,17,"46,52,59,60,66,67,68,70,71,74,79,80,81,87,91,94,95"
455,13:15,1,1,서울역,18,"35,46,52,59,60,66,67,68,70,71,74,79,80,81,87,91,94,95"
456,13:16,1,1,서울역,19,"35,46,52,59,60,66,67,68,70,71,74,79,80,81,87,91,94,95,96"
457,13:17,1,1,서울역,19,"35,46,52,59,60,66,67,68,70,71,74,79,80,81,87,91,94,95,96"
458,13:18,1,1,서울역,18,"46,52,59,60,66,67,68,70,71,74,79,80,81,87,91,94,95,96"
459,13:19,1,1,서울역,18,"46,52,59,60,66,67,68,70,71,74,79,80,81,87,91,94,95,96"
460,13:20,1,1,서울역,18,"46,52,59,60,66,67,68,70,71,74,79,80,81,87,91,94,95,96"
461,13:21,1,1,서울역,18,"46,52,59,60,66,67,68,70,71,74,79,80,81,87,91,94,95,96"
462,13:22,1,1,서울역,19,"43,46,52,59,60,66,67,68,70,71,74,79,80,81,87,91,94,95,96"
463,13:23,1,1,서울역,19,"43,46,52,59,60,66,67,68,70,71,74,79,80,81,87,91,94,95,96"
464,13:24,1,1,서울역,21,"13,43,46,52,59,60,66,67,68,70,71,74,79,80,81,82,87,91,94,95,96"
465,13:25,1,1,서울역,20,"13,46,52,59,60,66,67,68,70,71,74,79,80,81,82,87,91,94,95,96"
466,13:26,1,1,서울역,23,"13,20,29,45,46,52,59,60,66,67,68,70,71,74,79,80,81,82,87,91,94,95,96"
467,13:27,1,1,서울역,21,"20,29,45,46,52,59,60,66,67,68,70,71,74,79,80,81,87,91,94,95,96"
468,13:28,1,1,서울역,21,"20,29,45,46,52,59,60,66,67,68,70,71,74,79,80,81,87,91,94,95,96"
469,13:29,1,1,서울역,20,"20,45,46,52,59,60,66,67,68,70,71,74,79,80,81,87,91,94,95,96"
470,13:30,1,1,서울역,20,"20,45,46,52,59,60,66,67,68,70,71,74,79,80,81,87,91,94,95,96"
471,13:31,1,1,서울역,20,"20,45,46,52,59,60,66,67,68,70,71,74,79,80,81,87,91,94,95,96"
472,13:32,1,1,서울역,20,"20,45,46,52,59,60,66,67,68,70,71,74,79,80,81,87,91,94,95,96"
473,13:33,1,1,서울역,20,"20,45,46,52,59,60,66,67,68,70,71,74,79,80,81,87,91,94,95,96"
474,13:34,1,1,서울역,20,"20,45,46,52,59,60,66,67,68,70,71,74,79,80,81,87,91,94,95,96"
475,13:35,1,1,서울역,20,"20,45,46,52,59,60,66,67,68,70,71,74,79,80,81,87,91,94,95,96"
476,13:36,1,1,서울역,20,"20,45,46,52,59,60,66,67,68,70,71,74,79,80,81,87,91,94,95,96"
477,13:37,1,1,서울역,20,"20,45,46,52,59,60,66,67,68,70,71,74,79,80,81,87,91,94,95,96"
478,13:38,1,1,서울역,19,"20,46,52,59,60,66,67,68,70,71,74,79,80,81,87,91,94,95,96"
479,13:39,1,1,서울역,19,"20,46,52,59,60,66,67,68,70,71,74,79,80,81,87,91,94,95,96"
480,13:40,1,1,서울역,15,"20,46,52,60,67,68,74,79,80,81,87,91,94,95,96"
481,13:41,1,1,서울역,14,"20,46,52,60,67,68,79,80,81,87,91,94,95,96"
482,13:42,1,1,서울역,14,"20,46,52,60,67,68,79,80,81,87,91,94,95,96"
483,13:43,1,1,서울역,14,"20,46,52,60,67,68,79,80,81,87,91,94,95,96"
484,13:44,1,1,서울역,14,"20,46,52,60,67,68,79,80,81,87,91,94,95,96"
485,13:45,1,1,서울역,14,"20,46,52,60,67,68,79,80,81,87,91,94,95,96"
486,13:46,1,1,서울역,14,"20,46,52,60,67,68,79,80,81,87,91,94,95,96"
487,13:47,1,1,서울역,14,"20,46,52,60,67,68,79,80,81,87,91,94,95,96"
488,13:48,1,1,서울역,14,"20,46,52,60,67,68,79,80,81,87,91,94,95,96"
489,13:49,1,1,서울역,15,"12,20,46,52,60,67,68,79,80,81,87,91,94,95,96"
490,13:50,1,1,서울역,16,"2,12,20,46,52,60,67,68,79,80,81,87,91,94,95,96"
491,13:51,1,1,서울역,16,"2,12,20,46,52,60,67,68,79,80,81,87,91,94,95,96"
492,13:52,1,1,서울역,16,"2,20,38,46,52,60,67,68,79,80,81,87,91,94,95,96"
493,13:53,1,1,서울역,15,"20,38,46,52,60,67,68,79,80,81,87,91,94,95,96"
494,13:54,1,1,서울역,16,"20,28,38,46,52,60,67,68,79,80,81,87,91,94,95,96"
495,13:55,1,1,서울역,15,"20,28,46,52,60,67,68,79,80,81,87,91,94,95,96"
496,13:56,1,1,서울역,15,"20,28,46,52,60,67,68,79,80,81,87,91,94,95,96"
497,13:57,1,1,서울역,15,"20,46,52,60,67,68,70,79,80,81,87,91,94,95,96"
498,13:58,1,1,서울역,15,"20,46,52,60,67,68,70,79,80,81,87,91,94,95,96"
499,13:59,1,1,서울역,15,"20,46,52,60,67,68,70,79,80,81,87,91,94,95,96"
500,14:00,1,1,서울역,11,"20,46,52,67,68,70,79,81,91,94,95"
501,14:01,1,1,서울역,11,"20,46,52,67,68,70,79,81,91,94,95"
502,14:02,1,1,서울역,11,"20,46,52,67,68,70,79,81,91,94,95"
503,14:03,1,1,서울역,10,"20,46,52,67,68,70,79,81,91,94"
504,14:04,1,1,서울역,10,"20,46,52,67,68,70,79,81,91,94"
505,14:05,1,1,서울역,10,"20,46,52,67,68,70,79,81,91,94"
506,14:06,1,1,서울역,11,"15,20,46,52,67,68,70,79,81,91,94"
507,14:07,1,1,서울역,11,"15,20,46,52,67,68,70,79,81,91,94"
508,14:08,1,1,서울역,11,"15,20,46,52,67,68,70,79,81,91,94"
509,14:09,1,1,서울역,10,"20,46,52,67,68,70,79,81,91,94"
510,14:10,1,1,서울역,11,"20,43,46,52,67,68,70,79,81,91,94"
511,14:11,1,1,서울역,13,"6,20,43,46,52,67,68,70,79,81,87,91,94"
512,14:12,1,1,서울역,13,"6,20,43,46,52,67,68,70,79,81,87,91,94"
513,14:13,1,1,서울역,17,"6,20,31,34,37,46,47,52,67,68,70,79,81,87,88,91,94"
514,14:14,1,1,서울역,16,"6,20,31,34,37,46,47,52,67,68,70,79,81,88,91,94"
515,14:15,1,1,서울역,16,"6,20,31,34,37,46,47,52,67,68,70,79,81,88,91,94"
516,14:16,1,1,서울역,15,"6,20,34,37,46,47,52,67,68,70,79,81,88,91,94"
517,14:17,1,1,서울역,14,"20,34,37,46,47,52,67,68,70,79,81,88,91,94"
518,14:18,1,1,서울역,14,"20,34,37,46,47,52,67,68,70,79,81,88,91,94"
519,14:19,1,1,서울역,12,"20,34,40,46,52,67,68,70,79,81,91,94"
520,14:20,1,1,서울역,7,"34,40,67,68,70,91,94"
521,14:21,1,1,서울역,7,"34,40,67,68,70,91,94"
522,14:22,1,1,서울역,5,"67,68,70,91,94"
523,14:23,1,1,서울역,5,"67,68,70,91,94"
524,14:24,1,1,서울역,5,"67,68,70,91,94"
525,14:25,1,1,서울역,6,"21,67,68,70,91,94"
526,14:26,1,1,서울역,7,"21,24,67,68,70,90,94"
527,14:27,1,1,서울역,9,"0,19,21,24,67,68,70,90,94"
528,14:28,1,1,서울역,9,"0,19,21,24,67,68,70,90,94"
529,14:29,1,1,서울역,8,"0,19,21,67,68,70,90,94"
530,14:30,1,1,서울역,9,"0,15,21,22,67,68,70,90,94"
531,14:31,1,1,서울역,9,"0,15,21,22,67,68,70,90,94"
532,14:32,1,1,서울역,10,"0,15,21,22,65,67,68,70,90,94"
533,14:33,1,1,서울역,10,"0,11,21,22,65,67,68,70,90,94"
534,14:34,1,1,서울역,9,"0,11,22,65,67,68,70,90,94"
535,14:35,1,1,서울역,9,"0,11,13,22,65,67,68,70,94"
536,14:36,1,1,서울역,6,"13,65,67,68,70,94"
537,14:37,1,1,서울역,7,"13,65,67,68,70,79,94"
538,14:38,1,1,서울역,7,"13,65,67,68,70,79,94"
539,14:39,1,1,서울역,9,"13,30,38,65,67,68,70,79,94"
540,14:40,1,1,서울역,5,"13,30,38,65,68"
541,14:41,1,1,서울역,4,"13,30,38,68"
542,14:42,1,1,서울역,4,"13,30,38,68"
543,14:43,1,1,서울역,3,"13,30,38"
544,14:44,1,1,서울역,3,"13,30,38"
545,14:45,1,1,서울역,2,"13,47"
546,14:46,1,1,서울역,2,"13,47"
547,14:47,1,1,서울역,2,"5,47"
548,14:48,1,1,서울역,2,"5,8"
549,14:49,1,1,서울역,3,"5,8,44"
550,14:50,1,1,서울역,4,"5,8,44,71"
551,14:51,1,1,서울역,4,"5,8,44,71"
552,14:52,1,1,서울역,3,"5,8,71"
553,14:53,1,1,서울역,3,"8,22,34"
554,14:54,1,1,서울역,3,"8,22,34"
555,14:55,1,1,서울역,3,"8,22,34"
556,14:56,1,1,서울역,6,"8,22,33,34,49,60"
557,14:57,1,1,서울역,6,"22,33,34,49,60,79"
558,14:58,1,1,서울역,6,"22,33,34,49,60,79"
559,14:59,1,1,서울역,4,"33,60,79,96"
560,15:00,1,1,서울역,4,"33,60,79,96"
561,15:01,1,1,서울역,4,"33,60,79,96"
562,15:02,1,1,서울역,3,"33,60,79"
563,15:03,1,1,서울역,2,"33,60"
564,15:04,1,1,서울역,3,"19,33,60"
565,15:05,1,1,서울역,2,"19,60"
566,15:06,1,1,서울역,2,"19,60"
567,15:07,1,1,서울역,4,"9,19,60,88"
568,15:08,1,1,서울역,4,"9,19,60,88"
569,15:09,1,1,서울역,4,"9,19,60,88"
570,15:10,1,1,서울역,3,"9,19,88"
571,15:11,1,1,서울역,3,"9,19,88"
572,15:12,1,1,서울역,3,"9,19,88"
573,15:13,1,1,서울역,2,"16,35"
574,15:14,1,1,서울역,3,"4,16,35"
575,15:15,1,1,서울역,4,"4,16,35,72"
576,15:16,1,1,서울역,6,"4,11,35,36,62,72"
577,15:17,1,1,서울역,6,"4,11,35,36,62,72"
578,15:18,1,1,서울역,6,"4,11,35,36,62,72"
579,15:19,1,1,서울역,4,"4,11,36,72"
580,15:20,1,1,서울역,3,"4,36,72"
581,15:21,1,1,서울역,1,36
582,15:22,1,1,서울역,2,"6,36"
583,15:23,1,1,서울역,2,"6,36"
584,15:24,1,1,서울역,2,"6,36"
585,15:25,1,1,서울역,2,"6,36"
586,15:26,1,1,서울역,2,"6,36"
587,15:27,1,1,서울역,2,"6,36"
591,15:31,1,1,서울역,1,17
592,15:32,1,1,서울역,2,"17,65"
593,15:33,1,1,서울역,3,"16,17,65"
594,15:34,1,1,서울역,2,"16,65"
595,15:35,1,1,서울역,2,"16,65"
596,15:36,1,1,서울역,1,65
597,15:37,1,1,서울역,3,"37,65,69"
598,15:38,1,1,서울역,4,"27,37,65,69"
599,15:39,1,1,서울역,5,"27,37,39,65,69"
600,15:40,1,1,서울역,5,"27,30,37,39,69"
601,15:41,1,1,서울역,5,"27,30,37,39,69"
602,15:42,1,1,서울역,4,"27,30,37,69"
603,15:43,1,1,서울역,2,"27,37"
604,15:44,1,1,서울역,2,"22,37"
605,15:45,1,1,서울역,2,"22,37"
606,15:46,1,1,서울역,3,"22,37,54"
607,15:47,1,1,서울역,4,"7,22,37,54"
608,15:48,1,1,서울역,4,"7,22,37,54"
609,15:49,1,1,서울역,2,"7,22"
610,15:50,1,1,서울역,1,7
611,15:51,1,1,서울역,1,7
612,15:52,1,1,서울역,1,7
613,15:53,1,1,서울역,1,7
614,15:54,1,1,서울역,1,7
615,15:55,1,1,서울역,1,7
616,15:56,1,1,서울역,1,7
617,15:57,1,1,서울역,3,"4,7,90"
618,15:58,1,1,서울역,4,"4,7,59,90"
619,15:59,1,1,서울역,5,"4,9,43,59,90"
620,16:00,1,1,서울역,4,"4,9,43,59"
621,16:01,1,1,서울역,4,"4,9,43,59"
622,16:02,1,1,서울역,4,"4,9,43,59"
623,16:03,1,1,서울역,4,"4,9,43,59"
624,16:04,1,1,서울역,5,"4,9,24,43,59"
625,16:05,1,1,서울역,6,"4,9,24,43,55,59"
626,16:06,1,1,서울역,5,"9,24,43,55,59"
627,16:07,1,1,서울역,6,"9,24,26,43,47,55"
628,16:08,1,1,서울역,9,"9,18,19,24,26,43,47,55,71"
629,16:09,1,1,서울역,10,"9,18,19,24,26,43,47,55,71,79"
630,16:10,1,1,서울역,10,"9,18,19,26,31,43,55,60,71,79"
631,16:11,1,1,서울역,7,"19,26,31,43,60,71,79"
632,16:12,1,1,서울역,7,"19,26,31,43,60,71,79"
633,16:13,1,1,서울역,4,"19,31,71,79"
634,16:14,1,1,서울역,3,"25,31,79"
635,16:15,1,1,서울역,3,"25,31,79"
636,16:16,1,1,서울역,3,"25,31,79"
637,16:17,1,1,서울역,4,"25,31,79,90"
638,16:18,1,1,서울역,3,"25,31,90"
639,16:19,1,1,서울역,2,"25,90"
640,16:20,1,1,서울역,3,"25,70,90"
641,16:21,1,1,서울역,3,"25,70,90"
642,16:22,1,1,서울역,3,"25,70,90"
643,16:23,1,1,서울역,2,"25,70"
644,16:24,1,1,서울역,3,"25,70,77"
645,16:25,1,1,서울역,5,"25,46,53,70,77"
646,16:26,1,1,서울역,5,"1,46,53,70,77"
647,16:27,1,1,서울역,7,"1,11,46,53,70,76,77"
648,16:28,1,1,서울역,9,"1,11,46,56,64,70,76,77,88"
649,16:29,1,1,서울역,8,"11,46,56,64,70,76,77,88"
650,16:30,1,1,서울역,5,"46,56,64,70,88"
651,16:31,1,1,서울역,2,"47,70"
652,16:32,1,1,서울역,4,"21,47,48,63"
653,16:33,1,1,서울역,8,"2,6,21,24,47,48,55,63"
654,16:34,1,1,서울역,7,"2,6,21,24,48,55,63"
655,16:35,1,1,서울역,6,"2,6,21,24,48,55"
656,16:36,1,1,서울역,8,"2,6,21,24,48,52,55,97"
657,16:37,1,1,서울역,9,"2,6,21,24,48,52,55,92,97"
658,16:38,1,1,서울역,9,"2,6,21,24,48,52,55,92,97"
659,16:39,1,1,서울역,7,"2,4,21,24,48,92,97"
660,16:40,1,1,서울역,8,"2,4,21,24,48,92,95,97"
661,16:41,1,1,서울역,7,"2,4,24,48,92,95,97"
662,16:42,1,1,서울역,4,"24,48,92,95"
663,16:43,1,1,서울역,2,"24,92"
664,16:44,1,1,서울역,2,"24,92"
665,16:45,1,1,서울역,3,"24,68,92"
666,16:46,1,1,서울역,5,"24,41,56,68,76"
667,16:47,1,1,서울역,10,"24,31,41,45,51,56,68,71,76,90"
668,16:48,1,1,서울역,11,"7,31,35,41,45,51,56,68,71,76,90"
669,16:49,1,1,서울역,9,"7,31,35,41,45,51,68,71,90"
670,16:50,1,1,서울역,6,"7,35,41,45,68,72"
671,16:51,1,1,서울역,5,"41,45,66,68,72"
672,16:52,1,1,서울역,7,"41,45,66,68,70,72,83"
673,16:53,1,1,서울역,5,"41,66,68,70,83"
674,16:54,1,1,서울역,5,"41,66,68,70,83"
675,16:55,1,1,서울역,2,"66,68"
676,16:56,1,1,서울역,4,"49,66,68,78"
677,16:57,1,1,서울역,4,"49,60,68,78"
678,16:58,1,1,서울역,5,"49,60,68,78,91"
679,16:59,1,1,서울역,5,"49,60,68,78,91"
680,17:00,1,1,서울역,5,"49,60,68,78,91"
681,17:01,1,1,서울역,6,"49,59,60,68,78,91"
682,17:02,1,1,서울역,6,"49,59,60,68,78,91"
683,17:03,1,1,서울역,7,"36,48,49,59,60,78,91"
684,17:04,1,1,서울역,8,"19,36,48,49,59,60,78,91"
685,17:05,1,1,서울역,7,"19,36,46,48,59,60,91"
686,17:06,1,1,서울역,8,"7,19,36,46,59,60,86,91"
687,17:07,1,1,서울역,8,"6,7,36,46,59,60,86,96"
688,17:08,1,1,서울역,10,"6,7,24,36,46,56,59,60,86,96"
689,17:09,1,1,서울역,8,"6,24,36,46,56,59,84,96"
690,17:10,1,1,서울역,8,"24,36,46,56,64,80,84,96"
691,17:11,1,1,서울역,5,"36,64,80,84,96"
692,17:12,1,1,서울역,6,"36,64,80,84,87,96"
693,17:13,1,1,서울역,5,"45,64,80,84,87"
694,17:14,1,1,서울역,7,"33,45,64,68,80,84,87"
695,17:15,1,1,서울역,5,"33,45,64,68,80"
696,17:16,1,1,서울역,6,"26,31,33,64,68,80"
697,17:17,1,1,서울역,6,"26,31,33,64,76,80"
698,17:18,1,1,서울역,7,"26,31,33,53,64,76,80"
699,17:19,1,1,서울역,9,"26,31,33,41,53,76,80,85,98"
700,17:20,1,1,서울역,9,"26,31,33,41,53,72,76,85,98"
701,17:21,1,1,서울역,9,"26,31,33,41,72,76,85,90,98"
702,17:22,1,1,서울역,8,"26,31,41,72,76,85,90,98"
703,17:23,1,1,서울역,8,"26,31,41,72,76,85,90,98"
704,17:24,1,1,서울역,9,"26,31,41,70,72,76,85,90,98"
705,17:25,1,1,서울역,8,"17,26,43,70,72,76,85,90"
706,17:26,1,1,서울역,9,"5,17,43,70,72,73,76,85,90"
707,17:27,1,1,서울역,8,"5,17,43,70,72,73,76,85"
708,17:28,1,1,서울역,8,"5,17,43,70,72,73,76,85"
709,17:29,1,1,서울역,9,"5,17,22,43,70,73,76,85,99"
710,17:30,1,1,서울역,9,"5,17,22,43,47,52,73,85,99"
711,17:31,1,1,서울역,9,"5,17,22,44,47,52,69,73,99"
712,17:32,1,1,서울역,7,"5,17,44,47,52,69,99"
713,17:33,1,1,서울역,6,"5,17,44,47,69,99"
714,17:34,1,1,서울역,8,"5,17,40,44,46,47,69,99"
715,17:35,1,1,서울역,8,"17,40,44,46,47,69,94,99"
716,17:36,1,1,서울역,11,"17,28,40,44,46,47,69,84,94,95,99"
717,17:37,1,1,서울역,10,"17,28,40,46,47,69,84,94,95,99"
718,17:38,1,1,서울역,10,"17,28,40,46,47,69,84,94,95,99"
719,17:39,1,1,서울역,10,"17,28,40,46,47,69,84,94,95,99"
720,17:40,1,1,서울역,5,"17,28,94,95,99"
721,17:41,1,1,서울역,4,"17,28,94,95"
722,17:42,1,1,서울역,4,"17,28,88,94"
723,17:43,1,1,서울역,4,"17,28,88,94"
724,17:44,1,1,서울역,5,"17,28,88,94,96"
725,17:45,1,1,서울역,5,"17,88,93,94,96"
726,17:46,1,1,서울역,4,"55,88,93,96"
727,17:47,1,1,서울역,5,"15,55,88,93,96"
728,17:48,1,1,서울역,6,"15,55,88,93,96,98"
729,17:49,1,1,서울역,6,"15,55,88,93,96,98"
730,17:50,1,1,서울역,6,"15,55,88,93,96,98"
731,17:51,1,1,서울역,7,"15,24,55,88,96,97,98"
732,17:52,1,1,서울역,7,"15,24,55,88,96,97,98"
733,17:53,1,1,서울역,7,"15,24,55,76,88,97,98"
734,17:54,1,1,서울역,7,"13,15,24,55,76,97,98"
735,17:55,1,1,서울역,7,"13,15,24,55,76,97,98"
736,17:56,1,1,서울역,7,"13,15,24,55,76,97,98"
737,17:57,1,1,서울역,6,"13,15,55,76,97,98"
738,17:58,1,1,서울역,6,"13,15,40,76,97,98"
739,17:59,1,1,서울역,8,"13,40,51,52,65,76,97,98"
740,18:00,1,1,서울역,7,"0,40,51,52,61,65,76"
741,18:01,1,1,서울역,8,"0,25,40,51,52,61,65,76"
742,18:02,1,1,서울역,7,"0,25,40,51,52,61,65"
743,18:03,1,1,서울역,8,"0,4,25,40,51,52,61,65"
744,18:04,1,1,서울역,10,"0,4,25,51,52,61,65,77,81,83"
745,18:05,1,1,서울역,12,"0,4,25,51,52,61,65,77,78,81,83,86"
746,18:06,1,1,서울역,11,"4,25,51,52,61,65,77,78,81,83,86"
747,18:07,1,1,서울역,11,"4,25,38,51,52,61,65,77,78,81,86"
748,18:08,1,1,서울역,11,"4,25,37,38,39,51,61,77,78,81,86"
749,18:09,1,1,서울역,11,"11,20,25,37,38,39,51,77,78,81,86"
750,18:10,1,1,서울역,9,"11,20,37,39,51,77,78,81,86"
751,18:11,1,1,서울역,7,"11,20,37,39,77,78,81"
752,18:12,1,1,서울역,9,"11,17,20,21,37,39,77,78,81"
753,18:13,1,1,서울역,9,"11,17,20,21,37,39,77,78,87"
754,18:14,1,1,서울역,8,"11,17,20,21,39,77,87,92"
755,18:15,1,1,서울역,9,"11,17,20,21,39,77,87,92,94"
756,18:16,1,1,서울역,9,"11,17,20,21,39,77,87,92,94"
757,18:17,1,1,서울역,9,"11,17,20,21,59,77,87,92,94"
758,18:18,1,1,서울역,6,"17,21,59,77,87,92"
759,18:19,1,1,서울역,8,"16,17,21,36,59,77,87,92"
760,18:20,1,1,서울역,8,"16,17,21,36,59,77,87,92"
761,18:21,1,1,서울역,7,"16,17,36,59,77,87,92"
762,18:22,1,1,서울역,5,"16,17,36,59,92"
763,18:23,1,1,서울역,5,"13,16,36,59,92"
764,18:24,1,1,서울역,8,"13,16,36,48,50,59,90,92"
765,18:25,1,1,서울역,6,"13,48,50,59,90,92"
766,18:26,1,1,서울역,5,"13,48,50,59,90"
767,18:27,1,1,서울역,4,"13,41,50,59"
768,18:28,1,1,서울역,7,"13,41,50,59,62,69,70"
769,18:29,1,1,서울역,5,"41,50,62,69,70"
770,18:30,1,1,서울역,5,"32,50,62,69,70"
771,18:31,1,1,서울역,6,"32,50,62,69,70,78"
772,18:32,1,1,서울역,6,"32,50,62,69,70,78"
773,18:33,1,1,서울역,6,"20,32,62,69,70,78"
774,18:34,1,1,서울역,5,"20,32,62,69,83"
775,18:35,1,1,서울역,7,"20,32,62,64,69,72,83"
776,18:36,1,1,서울역,7,"40,62,64,69,72,83,84"
777,18:37,1,1,서울역,6,"40,47,64,72,84,91"
778,18:38,1,1,서울역,7,"17,40,47,64,72,84,91"
779,18:39,1,1,서울역,7,"17,21,47,64,72,84,91"
780,18:40,1,1,서울역,8,"17,21,29,43,47,64,72,84"
781,18:41,1,1,서울역,9,"17,21,29,43,47,53,64,72,84"
782,18:42,1,1,서울역,9,"17,21,29,43,47,53,64,72,84"
783,18:43,1,1,서울역,10,"17,21,29,43,47,51,53,64,72,84"
784,18:44,1,1,서울역,9,"11,21,29,43,47,51,53,72,84"
785,18:45,1,1,서울역,8,"11,29,43,47,51,53,72,84"
786,18:46,1,1,서울역,9,"11,43,51,53,58,72,77,84,87"
787,18:47,1,1,서울역,10,"11,43,51,53,58,66,77,80,84,87"
788,18:48,1,1,서울역,10,"11,43,51,53,58,66,77,80,87,88"
789,18:49,1,1,서울역,10,"11,15,19,53,58,66,77,80,87,88"
790,18:50,1,1,서울역,7,"15,19,58,66,77,87,88"
791,18:51,1,1,서울역,7,"15,19,58,66,77,87,88"
792,18:52,1,1,서울역,5,"15,37,58,66,88"
793,18:53,1,1,서울역,5,"6,15,37,58,88"
794,18:54,1,1,서울역,9,"6,9,15,16,37,58,68,74,83"
795,18:55,1,1,서울역,9,"0,6,9,16,37,58,68,74,83"
796,18:56,1,1,서울역,10,"0,6,9,16,37,58,68,74,83,90"
797,18:57,1,1,서울역,9,"0,6,37,58,62,68,74,83,90"
798,18:58,1,1,서울역,8,"0,6,22,62,68,74,83,90"
799,18:59,1,1,서울역,8,"0,6,22,62,68,74,83,90"
800,19:00,1,1,서울역,7,"0,6,22,57,62,83,90"
801,19:01,1,1,서울역,7,"0,6,22,57,62,83,90"
802,19:02,1,1,서울역,9,"0,6,20,22,23,57,62,83,90"
803,19:03,1,1,서울역,7,"0,6,20,22,23,57,90"
804,19:04,1,1,서울역,7,"0,6,20,22,23,57,90"
805,19:05,1,1,서울역,6,"0,6,20,22,23,57"
806,19:06,1,1,서울역,9,"0,11,20,22,23,25,46,57,97"
807,19:07,1,1,서울역,11,"0,1,11,20,23,25,43,46,51,57,97"
808,19:08,1,1,서울역,10,"0,1,11,20,25,43,46,51,57,97"
809,19:09,1,1,서울역,6,"0,1,20,43,51,71"
810,19:10,1,1,서울역,3,"0,20,71"
811,19:11,1,1,서울역,3,"0,20,71"
812,19:12,1,1,서울역,2,"0,20"
813,19:13,1,1,서울역,2,"0,20"
814,19:14,1,1,서울역,2,"0,20"
815,19:15,1,1,서울역,3,"0,20,35"
816,19:16,1,1,서울역,4,"0,20,35,39"
817,19:17,1,1,서울역,4,"0,20,35,39"
818,19:18,1,1,서울역,4,"0,20,30,39"
819,19:19,1,1,서울역,4,"0,20,30,39"
820,19:20,1,1,서울역,5,"0,20,30,39,90"
821,19:21,1,1,서울역,8,"0,20,30,39,40,50,60,90"
822,19:22,1,1,서울역,8,"0,20,30,39,40,50,60,90"
823,19:23,1,1,서울역,8,"0,20,30,39,40,50,60,90"
824,19:24,1,1,서울역,9,"0,20,30,39,40,50,60,70,90"
825,19:25,1,1,서울역,10,"0,20,30,39,40,50,60,70,80,90"
826,19:26,1,1,서울역,10,"0,20,30,39,40,50,60,70,80,90"
827,19:27,1,1,서울역,10,"0,20,30,39,40,50,60,70,80,90"
828,19:28,1,1,서울역,10,"0,20,30,39,40,50,60,70,80,90"
829,19:29,1,1,서울역,9,"0,20,30,40,50,60,70,80,90"
830,19:30,1,1,서울역,9,"0,20,30,40,50,60,70,80,90"
831,19:31,1,1,서울역,9,"0,20,30,40,50,60,70,80,90"
832,19:32,1,1,서울역,9,"0,20,30,40,50,60,70,80,90"
833,19:33,1,1,서울역,9,"0,20,30,40,50,60,70,80,90"
834,19:34,1,1,서울역,9,"0,20,30,40,50,60,70,80,90"
835,19:35,1,1,서울역,9,"0,20,30,40,50,60,70,80,90"
836,19:36,1,1,서울역,9,"0,20,30,40,50,60,70,80,90"
837,19:37,1,1,서울역,9,"0,20,30,40,50,60,70,80,90"
838,19:38,1,1,서울역,9,"0,20,30,40,50,60,70,80,90"
839,19:39,1,1,서울역,9,"0,20,30,40,50,60,70,80,90"
840,19:40,1,1,서울역,9,"0,20,30,40,50,60,70,80,90"
841,19:41,1,1,서울역,9,"0,20,30,40,50,60,70,80,90"
842,19:42,1,1,서울역,10,"0,10,20,30,40,50,60,70,80,90"
