batch_id,selected_request_id,origin,destination,max_wait,time_window_start,time_window_start_hhmm,time_window_end,time_window_end_hhmm,Transportation_min,Joby_min,Transportation_Joby_time_saving,pending_count,final_drop_penalty,assigned_vehicle,pickup_time,pickup_time_hhmm,delivery_time,delivery_time_hhmm,final_status
B1,R1,3,9,4,37,06:17,41,06:21,122,17,105,1,2178100,2.0,20.0,06:00,38.0,06:18,Complete
B2,R2,1,10,5,40,06:20,45,06:25,61,16,45,1,1580400,0.0,24.0,06:04,40.0,06:20,Complete
B3,R3,9,4,5,56,06:36,61,06:41,125,17,108,0,2100400,8.0,39.0,06:19,57.0,06:37,Complete
B4,R4,10,3,7,56,06:36,63,06:43,83,17,66,0,1679800,9.0,39.0,06:19,57.0,06:37,Complete
B5,R5,4,9,5,60,06:40,65,06:45,124,17,107,1,2190400,3.0,43.0,06:23,61.0,06:41,Complete
B6,R6,3,10,6,65,06:45,71,06:51,83,17,66,1,1780800,12.0,48.0,06:28,66.0,06:46,Complete
B7,R7,6,2,5,61,06:41,66,06:46,92,13,79,1,1916500,5.0,48.0,06:28,62.0,06:42,Complete
B8,R8,4,9,5,68,06:48,73,06:53,124,17,107,0,2090400,13.0,51.0,06:31,69.0,06:49,Complete
B9,R9,10,3,7,75,06:55,82,07:02,83,17,66,0,1679800,0.0,58.0,06:38,76.0,06:56,Complete
B10,R10,10,4,5,73,06:53,78,06:58,66,14,52,0,1541900,19.0,59.0,06:39,74.0,06:54,Complete
B11,R11,10,4,5,78,06:58,83,07:03,66,14,52,1,1641900,29.0,64.0,06:44,79.0,06:59,Complete
B12,R12,4,9,5,84,07:04,89,07:09,124,18,106,1,2190400,8.0,66.0,06:46,84.0,07:04,Complete
B13,R13,1,10,5,82,07:02,87,07:07,61,15,46,1,1580400,10.0,67.0,06:47,83.0,07:03,Complete
B14,R14,6,1,5,109,07:29,114,07:34,23,9,14,1,1260600,25.0,100.0,07:20,110.0,07:30,Complete
B15,R15,5,7,5,115,07:35,120,07:40,63,12,51,1,1638500,4.0,103.0,07:23,116.0,07:36,Complete
B16,R16,6,1,5,116,07:36,121,07:41,23,9,14,1,1260600,35.0,107.0,07:27,120.0,07:40,Complete
B17,R17,6,1,5,117,07:37,122,07:42,23,9,14,1,1260600,14.0,108.0,07:28,118.0,07:38,Complete
B18,R18,6,1,5,118,07:38,123,07:43,23,9,14,1,1260600,35.0,110.0,07:30,123.0,07:43,Complete
B19,R19,6,3,5,121,07:41,126,07:46,81,12,69,1,1816600,15.0,109.0,07:29,122.0,07:42,Complete
B20,R20,3,9,4,133,07:53,137,07:57,122,17,105,0,2078100,0.0,116.0,07:36,134.0,07:54,Complete
B21,R21,2,4,4,127,07:47,131,07:51,54,8,46,0,1489700,1.0,119.0,07:39,128.0,07:48,Complete
B22,R22,2,4,4,129,07:49,133,07:53,54,8,46,1,1589700,5.0,121.0,07:41,130.0,07:50,Complete
B23,R23,7,4,4,130,07:50,134,07:54,57,9,48,1,1606500,4.0,121.0,07:41,131.0,07:51,Complete
B24,R24,3,8,4,141,08:01,145,08:05,57,12,45,1,1572100,9.0,129.0,07:49,142.0,08:02,Complete
B25,R25,3,8,4,145,08:05,149,08:09,57,12,45,0,1472100,15.0,133.0,07:53,146.0,08:06,Complete
B26,R26,5,3,6,152,08:12,158,08:18,50,10,40,1,1528200,1.0,146.0,08:06,157.0,08:17,Complete
B27,R27,6,7,6,156,08:16,162,08:22,77,14,63,1,1749300,23.0,147.0,08:07,162.0,08:22,Complete
B28,R28,7,4,5,153,08:13,158,08:18,57,9,48,1,1605500,6.0,144.0,08:04,154.0,08:14,Complete
B29,R29,5,3,6,155,08:15,161,08:21,50,10,40,1,1528200,4.0,146.0,08:06,157.0,08:17,Complete
B30,R30,6,1,5,156,08:16,161,08:21,23,9,14,1,1260600,29.0,147.0,08:07,161.0,08:21,Complete
B31,R31,2,4,5,158,08:18,163,08:23,54,8,46,1,1588700,11.0,150.0,08:10,159.0,08:19,Complete
B32,R32,8,2,6,162,08:22,168,08:28,28,12,16,1,1287100,7.0,150.0,08:10,163.0,08:23,Complete
B33,R33,2,1,5,160,08:20,165,08:25,54,9,45,0,1474000,21.0,151.0,08:11,161.0,08:21,Complete
B34,R34,5,3,6,161,08:21,167,08:27,50,10,40,0,1428200,34.0,151.0,08:11,165.0,08:25,Complete
B35,R35,6,1,5,160,08:20,165,08:25,23,9,14,0,1160600,29.0,151.0,08:11,164.0,08:24,Complete
B36,R36,3,1,5,160,08:20,165,08:25,51,8,43,0,1458100,32.0,152.0,08:12,161.0,08:21,Complete
B37,R37,6,1,5,161,08:21,166,08:26,23,9,14,0,1160600,33.0,152.0,08:12,162.0,08:22,Complete
B38,R38,3,1,5,161,08:21,166,08:26,51,8,43,0,1458100,14.0,153.0,08:13,162.0,08:22,Complete
B39,R39,5,3,6,164,08:24,170,08:30,50,10,40,0,1428200,34.0,154.0,08:14,168.0,08:28,Complete
B40,R40,7,4,5,164,08:24,169,08:29,57,9,48,0,1505500,26.0,155.0,08:15,165.0,08:25,Complete
B41,R41,3,9,5,174,08:34,179,08:39,122,17,105,0,2077100,22.0,157.0,08:17,178.0,08:38,Complete
B42,R42,6,1,5,166,08:26,171,08:31,23,9,14,0,1160600,25.0,157.0,08:17,167.0,08:27,Complete
B43,R43,5,3,6,168,08:28,174,08:34,50,10,40,0,1428200,19.0,158.0,08:18,172.0,08:32,Complete
B44,R44,3,1,5,167,08:27,172,08:32,51,8,43,1,1558100,31.0,163.0,08:23,172.0,08:32,Complete
B45,R45,3,9,5,176,08:36,181,08:41,122,17,105,1,2177100,1.0,160.0,08:20,178.0,08:38,Complete
B46,R46,5,3,6,170,08:30,176,08:36,50,10,40,1,1528200,24.0,160.0,08:20,175.0,08:35,Complete
B47,R47,3,4,5,171,08:31,176,08:36,45,9,36,1,1487400,20.0,166.0,08:26,176.0,08:36,Complete
B48,,6,3,5,174,08:34,179,08:39,81,12,69,1,1816600,,,,,,Overdue
B49,R49,5,3,6,174,08:34,180,08:40,50,10,40,1,1528200,24.0,164.0,08:24,178.0,08:38,Complete
B50,R50,6,3,5,178,08:38,183,08:43,81,12,69,1,1816600,11.0,169.0,08:29,182.0,08:42,Complete
B51,R51,9,7,5,180,08:40,185,08:45,95,14,81,1,1938700,2.0,166.0,08:26,181.0,08:41,Complete
B52,R52,6,1,5,176,08:36,181,08:41,23,9,14,1,1260600,21.0,171.0,08:31,181.0,08:41,Complete
B53,R53,7,5,7,180,08:40,187,08:47,63,12,51,1,1636500,16.0,168.0,08:28,187.0,08:47,Complete
B54,R54,2,1,5,178,08:38,183,08:43,54,9,45,1,1574000,7.0,169.0,08:29,179.0,08:39,Complete
B55,R55,8,2,6,181,08:41,187,08:47,28,12,16,1,1287100,13.0,169.0,08:29,182.0,08:42,Complete
B56,R56,3,4,5,179,08:39,184,08:44,45,9,36,1,1487400,34.0,171.0,08:31,181.0,08:41,Complete
B57,R57,7,4,5,180,08:40,185,08:45,57,9,48,0,1505500,23.0,171.0,08:31,181.0,08:41,Complete
B58,R58,4,9,6,190,08:50,196,08:56,124,18,106,0,2089400,5.0,172.0,08:32,190.0,08:50,Complete
B59,R59,6,2,6,187,08:47,193,08:53,92,13,79,0,1815500,6.0,174.0,08:34,193.0,08:53,Complete
B60,R60,8,3,6,186,08:46,192,08:52,57,12,45,0,1470100,8.0,174.0,08:34,187.0,08:47,Complete
B61,R61,9,1,8,194,08:54,202,09:02,114,18,96,0,1981700,0.0,176.0,08:36,195.0,08:55,Complete
B62,R62,6,1,5,186,08:46,191,08:51,23,9,14,0,1160600,14.0,177.0,08:37,187.0,08:47,Complete
B63,R63,2,4,5,186,08:46,191,08:51,54,8,46,0,1488700,19.0,178.0,08:38,187.0,08:47,Complete
B64,R64,9,7,5,192,08:52,197,08:57,95,14,81,0,1838700,3.0,178.0,08:38,193.0,08:53,Complete
B65,R65,10,9,8,199,08:59,207,09:07,171,21,150,0,2521300,10.0,178.0,08:38,200.0,09:00,Complete
B66,R66,8,9,5,187,08:47,192,08:52,59,8,51,0,1533900,37.0,179.0,08:39,188.0,08:48,Complete
B67,R67,3,4,5,189,08:49,194,08:54,45,9,36,1,1487400,24.0,181.0,08:41,191.0,08:51,Complete
B68,R68,8,7,5,189,08:49,194,08:54,30,9,21,1,1333500,9.0,180.0,08:40,190.0,08:50,Complete
B69,R69,8,1,6,195,08:55,201,09:01,83,14,69,1,1815400,28.0,186.0,08:46,201.0,09:01,Complete
B70,R70,8,4,6,196,08:56,202,09:02,76,14,62,1,1749200,17.0,182.0,08:42,199.0,08:59,Complete
B71,R71,5,3,6,194,08:54,200,09:00,50,10,40,1,1528200,20.0,186.0,08:46,200.0,09:00,Complete
B72,R72,6,1,5,193,08:53,198,08:58,23,9,14,1,1260600,25.0,187.0,08:47,197.0,08:57,Complete
B73,R73,7,4,5,193,08:53,198,08:58,57,9,48,1,1605500,2.0,184.0,08:44,197.0,08:57,Complete
B74,R74,5,3,6,195,08:55,201,09:01,50,10,40,1,1528200,23.0,190.0,08:50,201.0,09:01,Complete
B75,R75,6,1,5,194,08:54,199,08:59,23,9,14,1,1260600,7.0,189.0,08:49,199.0,08:59,Complete
B76,R76,8,4,6,198,08:58,204,09:04,76,13,63,1,1749200,17.0,185.0,08:45,202.0,09:02,Complete
B77,R77,5,3,6,197,08:57,203,09:03,50,10,40,1,1528200,20.0,189.0,08:49,203.0,09:03,Complete
B78,R78,7,4,5,196,08:56,201,09:01,57,9,48,1,1605500,2.0,187.0,08:47,200.0,09:00,Complete
B79,R79,6,1,5,197,08:57,202,09:02,23,9,14,1,1260600,34.0,191.0,08:51,201.0,09:01,Complete
B80,R80,8,1,6,202,09:02,208,09:08,83,14,69,1,1815400,15.0,188.0,08:48,203.0,09:03,Complete
B81,R81,2,1,5,199,08:59,204,09:04,54,9,45,1,1574000,13.0,190.0,08:50,200.0,09:00,Complete
B82,R82,3,9,5,207,09:07,212,09:12,122,17,105,1,2177100,4.0,190.0,08:50,208.0,09:08,Complete
B83,R83,8,4,6,204,09:04,210,09:10,76,14,62,1,1749200,27.0,190.0,08:50,204.0,09:04,Complete
B84,R84,6,1,5,201,09:01,206,09:06,23,9,14,0,1160600,21.0,192.0,08:52,205.0,09:05,Complete
B85,R85,7,4,5,202,09:02,207,09:07,57,9,48,0,1505500,3.0,196.0,08:56,206.0,09:06,Complete
B86,R86,6,1,5,203,09:03,208,09:08,23,9,14,0,1160600,21.0,195.0,08:55,208.0,09:08,Complete
B87,R87,9,7,5,210,09:10,215,09:15,95,14,81,0,1838700,18.0,196.0,08:56,211.0,09:11,Complete
B88,R88,9,6,7,219,09:19,226,09:26,147,22,125,0,2270100,1.0,197.0,08:57,220.0,09:20,Complete
B89,R89,5,4,5,209,09:09,214,09:14,33,8,25,1,1371400,16.0,201.0,09:01,210.0,09:10,Complete
B90,R90,5,7,6,213,09:13,219,09:19,63,12,51,1,1637500,24.0,206.0,09:06,219.0,09:19,Complete
B91,R91,6,7,6,216,09:16,222,09:22,77,14,63,1,1749300,19.0,207.0,09:07,222.0,09:22,Complete
B92,R92,9,1,8,227,09:27,235,09:35,114,18,96,1,2081700,4.0,211.0,09:11,235.0,09:35,Complete
B93,R93,2,5,8,220,09:20,228,09:28,59,10,49,1,1607100,6.0,210.0,09:10,227.0,09:27,Complete
B94,R94,3,4,5,220,09:20,225,09:25,45,9,36,0,1387400,23.0,211.0,09:11,221.0,09:21,Complete
B95,R95,7,1,5,220,09:20,225,09:25,56,9,47,0,1496500,18.0,214.0,09:14,224.0,09:24,Complete
B96,R96,2,4,5,220,09:20,225,09:25,54,8,46,0,1488700,11.0,212.0,09:12,221.0,09:21,Complete
B97,R97,8,2,6,224,09:24,230,09:30,28,12,16,0,1187100,5.0,212.0,09:12,225.0,09:25,Complete
B98,R98,9,6,7,238,09:38,245,09:45,147,22,125,0,2270100,4.0,216.0,09:16,245.0,09:45,Complete
B99,R99,3,4,5,226,09:26,231,09:31,45,9,36,0,1387400,20.0,217.0,09:17,231.0,09:31,Complete
B100,R100,3,4,5,230,09:30,235,09:35,45,9,36,1,1487400,8.0,221.0,09:21,231.0,09:31,Complete
B101,R101,2,4,5,231,09:31,236,09:36,54,8,46,1,1588700,36.0,226.0,09:26,235.0,09:35,Complete
B102,R102,7,4,5,232,09:32,237,09:37,57,9,48,1,1605500,9.0,223.0,09:23,233.0,09:33,Complete
B103,R103,5,3,6,234,09:34,240,09:40,50,10,40,1,1528200,2.0,226.0,09:26,237.0,09:37,Complete
B104,R104,6,1,5,234,09:34,239,09:39,23,9,14,1,1260600,1.0,225.0,09:25,235.0,09:35,Complete
B105,R105,3,9,7,245,09:45,252,09:52,122,17,105,1,2175100,0.0,228.0,09:28,246.0,09:46,Complete
B106,R106,5,7,6,243,09:43,249,09:49,63,12,51,0,1537500,6.0,231.0,09:31,244.0,09:44,Complete
B107,R107,6,1,5,241,09:41,246,09:46,23,9,14,0,1160600,11.0,232.0,09:32,242.0,09:42,Complete
B108,R108,2,4,5,243,09:43,248,09:48,54,8,46,0,1488700,5.0,235.0,09:35,244.0,09:44,Complete
B109,R109,7,1,5,244,09:44,249,09:49,56,9,47,0,1496500,19.0,235.0,09:35,245.0,09:45,Complete
B110,R110,4,2,5,244,09:44,249,09:49,56,8,48,0,1508700,3.0,236.0,09:36,245.0,09:45,Complete
B111,R111,9,6,7,259,09:59,266,10:06,147,22,125,0,2270100,10.0,237.0,09:37,260.0,10:00,Complete
B112,R112,10,9,6,259,09:59,265,10:05,171,21,150,0,2523300,12.0,238.0,09:38,263.0,10:03,Complete
B113,R113,10,9,6,261,10:01,267,10:07,171,21,150,1,2623300,39.0,240.0,09:40,262.0,10:02,Complete
B114,R114,2,1,5,256,09:56,261,10:01,54,9,45,1,1574000,3.0,248.0,09:48,258.0,09:58,Complete
B115,R115,6,1,5,258,09:58,263,10:03,23,9,14,1,1260600,17.0,249.0,09:49,259.0,09:59,Complete
B116,R116,9,7,6,265,10:05,271,10:11,95,14,81,0,1837700,0.0,251.0,09:51,266.0,10:06,Complete
B117,R117,3,4,5,263,10:03,268,10:08,45,9,36,0,1387400,2.0,254.0,09:54,264.0,10:04,Complete
B118,R118,6,3,5,268,10:08,273,10:13,81,12,69,0,1716600,4.0,256.0,09:56,269.0,10:09,Complete
B119,R119,5,2,5,268,10:08,273,10:13,61,11,50,0,1530100,16.0,257.0,09:57,271.0,10:11,Complete
B120,R120,6,7,6,272,10:12,278,10:18,77,15,62,0,1649300,8.0,257.0,09:57,276.0,10:16,Complete
B121,R121,6,1,5,267,10:07,272,10:12,23,9,14,0,1160600,20.0,258.0,09:58,271.0,10:11,Complete
B122,R122,1,8,5,274,10:14,279,10:19,82,14,68,1,1806400,1.0,260.0,10:00,275.0,10:15,Complete
B123,R123,4,9,6,278,10:18,284,10:24,124,18,106,1,2189400,5.0,260.0,10:00,278.0,10:18,Complete
B124,,3,4,5,270,10:10,275,10:15,45,9,36,1,1487400,,,,,,Overdue
B125,R125,6,1,5,270,10:10,275,10:15,23,9,14,1,1260600,10.0,263.0,10:03,273.0,10:13,Complete
B126,R126,6,7,6,276,10:16,282,10:22,77,15,62,1,1749300,28.0,267.0,10:07,282.0,10:22,Complete
B127,R127,2,5,6,272,10:12,278,10:18,59,10,49,1,1609100,7.0,267.0,10:07,278.0,10:18,Complete
B128,R128,8,4,6,276,10:16,282,10:22,76,14,62,1,1749200,22.0,266.0,10:06,280.0,10:20,Complete
B129,R129,2,5,6,274,10:14,280,10:20,59,10,49,1,1609100,11.0,267.0,10:07,278.0,10:18,Complete
B130,R130,2,5,6,276,10:16,282,10:22,59,10,49,1,1609100,13.0,267.0,10:07,281.0,10:21,Complete
B131,R131,4,2,5,275,10:15,280,10:20,56,8,48,1,1608700,27.0,267.0,10:07,279.0,10:19,Complete
B132,R132,7,4,5,278,10:18,283,10:23,57,9,48,1,1605500,24.0,269.0,10:09,279.0,10:19,Complete
B133,R133,4,2,5,278,10:18,283,10:23,56,8,48,1,1608700,27.0,270.0,10:10,282.0,10:22,Complete
B134,R134,7,9,5,284,10:24,289,10:29,93,14,79,1,1918700,0.0,270.0,10:10,285.0,10:25,Complete
B135,R135,1,7,4,280,10:20,284,10:24,55,9,46,0,1487500,17.0,271.0,10:11,281.0,10:21,Complete
B136,R136,2,9,5,287,10:27,292,10:32,107,16,91,0,1933400,16.0,274.0,10:14,291.0,10:31,Complete
B137,R137,4,2,5,279,10:19,284,10:24,56,8,48,0,1508700,23.0,271.0,10:11,284.0,10:24,Complete
B138,R138,7,6,6,286,10:26,292,10:32,78,15,63,0,1659300,6.0,271.0,10:11,289.0,10:29,Complete
B139,R139,3,1,5,280,10:20,285,10:25,51,8,43,0,1458100,18.0,272.0,10:12,281.0,10:21,Complete
B140,R140,4,3,5,281,10:21,286,10:26,45,9,36,0,1387400,21.0,272.0,10:12,286.0,10:26,Complete
B141,R141,5,9,6,291,10:31,297,10:37,138,19,119,0,2213000,14.0,272.0,10:12,292.0,10:32,Complete
B142,R142,4,10,5,287,10:27,292,10:32,68,14,54,0,1561900,36.0,273.0,10:13,291.0,10:31,Complete
B143,R143,4,3,5,283,10:23,288,10:28,45,9,36,0,1387400,26.0,274.0,10:14,284.0,10:24,Complete
B144,R144,4,7,5,283,10:23,288,10:28,57,9,48,0,1505500,2.0,274.0,10:14,284.0,10:24,Complete
B145,R145,6,8,6,293,10:33,299,10:39,114,19,95,0,1977000,15.0,274.0,10:14,294.0,10:34,Complete
B146,R146,3,9,5,292,10:32,297,10:37,122,17,105,0,2077100,4.0,275.0,10:15,293.0,10:33,Complete
B147,R147,4,2,5,283,10:23,288,10:28,56,8,48,0,1508700,23.0,275.0,10:15,287.0,10:27,Complete
B148,R148,4,9,6,292,10:32,298,10:38,124,17,107,0,2089400,9.0,275.0,10:15,297.0,10:37,Complete
B149,R149,5,3,6,285,10:25,291,10:31,50,10,40,0,1428200,19.0,275.0,10:15,286.0,10:26,Complete
B150,R150,8,6,6,294,10:34,300,10:40,110,19,91,0,1937000,12.0,275.0,10:15,295.0,10:35,Complete
B151,R151,10,3,9,292,10:32,301,10:41,83,17,66,0,1677800,3.0,275.0,10:15,293.0,10:33,Complete
B152,R152,3,4,5,285,10:25,290,10:30,45,9,36,0,1387400,25.0,276.0,10:16,286.0,10:26,Complete
B153,R153,4,3,5,285,10:25,290,10:30,45,9,36,0,1387400,21.0,276.0,10:16,289.0,10:29,Complete
B154,R154,5,3,6,287,10:27,293,10:33,50,10,40,1,1528200,11.0,281.0,10:21,292.0,10:32,Complete
B155,R155,5,3,6,288,10:28,294,10:34,50,10,40,0,1428200,13.0,278.0,10:18,292.0,10:32,Complete
B156,R156,4,3,5,288,10:28,293,10:33,45,9,36,1,1487400,22.0,283.0,10:23,293.0,10:33,Complete
B157,R157,4,9,6,296,10:36,302,10:42,124,17,107,0,2089400,9.0,279.0,10:19,300.0,10:40,Complete
B158,R158,5,1,6,290,10:30,296,10:36,27,10,17,1,1298900,7.0,281.0,10:21,292.0,10:32,Complete
B159,R159,2,5,6,296,10:36,302,10:42,59,11,48,1,1609100,29.0,287.0,10:27,298.0,10:38,Complete
B160,R160,3,1,5,294,10:34,299,10:39,51,8,43,1,1558100,19.0,289.0,10:29,298.0,10:38,Complete
B161,R161,6,7,6,300,10:40,306,10:46,77,14,63,1,1749300,18.0,291.0,10:31,306.0,10:46,Complete
B162,R162,7,4,5,296,10:36,301,10:41,57,9,48,1,1605500,2.0,287.0,10:27,300.0,10:40,Complete
B163,R163,10,3,9,304,10:44,313,10:53,83,17,66,1,1777800,36.0,294.0,10:34,312.0,10:52,Complete
B164,R164,5,2,5,300,10:40,305,10:45,61,11,50,1,1630100,31.0,289.0,10:29,300.0,10:40,Complete
B165,R165,6,1,5,298,10:38,303,10:43,23,9,14,1,1260600,10.0,289.0,10:29,299.0,10:39,Complete
B166,R166,6,9,7,311,10:51,318,10:58,146,22,124,1,2360100,6.0,292.0,10:32,315.0,10:55,Complete
B167,R167,8,1,6,303,10:43,309,10:49,83,14,69,1,1815400,1.0,289.0,10:29,309.0,10:49,Complete
B168,R168,7,4,5,299,10:39,304,10:44,57,9,48,1,1605500,2.0,290.0,10:30,303.0,10:43,Complete
B169,R169,3,4,5,301,10:41,306,10:46,45,9,36,0,1387400,26.0,292.0,10:32,302.0,10:42,Complete
B170,R170,4,2,5,302,10:42,307,10:47,56,8,48,0,1508700,25.0,294.0,10:34,303.0,10:43,Complete
B171,R171,6,7,6,308,10:48,314,10:54,77,14,63,0,1649300,12.0,298.0,10:38,313.0,10:53,Complete
B172,R172,9,4,6,312,10:52,318,10:58,125,17,108,0,2099400,0.0,295.0,10:35,313.0,10:53,Complete
B173,R173,10,3,9,312,10:52,321,11:01,83,17,66,0,1677800,24.0,295.0,10:35,313.0,10:53,Complete
B174,,5,1,6,306,10:46,312,10:52,27,10,17,1,1298900,,,,,,Overdue
B175,R175,1,6,4,306,10:46,310,10:50,23,9,14,0,1161600,20.0,297.0,10:37,307.0,10:47,Complete
B176,R176,2,1,5,307,10:47,312,10:52,54,9,45,0,1474000,23.0,298.0,10:38,308.0,10:48,Complete
B177,R177,7,1,5,307,10:47,312,10:52,56,9,47,0,1496500,1.0,299.0,10:39,312.0,10:52,Complete
B178,R178,5,9,6,319,10:59,325,11:05,138,19,119,1,2313000,29.0,301.0,10:41,321.0,11:01,Complete
B179,R179,3,1,5,309,10:49,314,10:54,51,8,43,1,1558100,11.0,301.0,10:41,310.0,10:50,Complete
B180,,5,9,6,320,11:00,326,11:06,138,19,119,2,2413000,,,,,,Overdue
B181,R181,3,1,5,310,10:50,315,10:55,51,8,43,1,1558100,13.0,302.0,10:42,311.0,10:51,Complete
B182,R182,3,4,5,311,10:51,316,10:56,45,9,36,1,1487400,21.0,302.0,10:42,312.0,10:52,Complete
B183,R183,8,3,5,316,10:56,321,11:01,57,12,45,1,1571100,37.0,306.0,10:46,319.0,10:59,Complete
B184,R184,4,2,5,314,10:54,319,10:59,56,8,48,1,1608700,7.0,306.0,10:46,315.0,10:55,Complete
B185,R185,8,4,6,320,11:00,326,11:06,76,13,63,1,1749200,16.0,307.0,10:47,321.0,11:01,Complete
B186,R186,4,3,5,317,10:57,322,11:02,45,9,36,1,1487400,19.0,308.0,10:48,318.0,10:58,Complete
B187,R187,9,3,4,325,11:05,329,11:09,121,17,104,1,2168100,9.0,308.0,10:48,326.0,11:06,Complete
B188,R188,7,4,5,318,10:58,323,11:03,57,9,48,1,1605500,8.0,309.0,10:49,319.0,10:59,Complete
B189,R189,9,4,6,326,11:06,332,11:12,125,17,108,1,2199400,5.0,309.0,10:49,330.0,11:10,Complete
B190,R190,2,4,4,318,10:58,322,11:02,54,8,46,1,1589700,25.0,310.0,10:50,319.0,10:59,Complete
B191,R191,5,3,6,325,11:05,331,11:11,50,10,40,0,1428200,30.0,315.0,10:55,326.0,11:06,Complete
B192,R192,9,1,7,333,11:13,340,11:20,114,18,96,0,1982700,14.0,315.0,10:55,334.0,11:14,Complete
B193,R193,3,5,6,327,11:07,333,11:13,50,10,40,0,1428200,24.0,317.0,10:57,328.0,11:08,Complete
B194,R194,3,6,5,330,11:10,335,11:15,83,12,71,0,1736600,3.0,318.0,10:58,331.0,11:11,Complete
B195,R195,10,3,9,335,11:15,344,11:24,83,17,66,0,1677800,10.0,318.0,10:58,347.0,11:27,Complete
B196,R196,2,1,5,328,11:08,333,11:13,54,9,45,0,1474000,31.0,319.0,10:59,329.0,11:09,Complete
B197,R197,5,9,7,339,11:19,346,11:26,138,19,119,1,2312000,0.0,326.0,11:06,346.0,11:26,Complete
B198,,10,9,6,342,11:22,348,11:28,171,21,150,2,2723300,,,,,,Overdue
B199,R199,7,4,4,332,11:12,336,11:16,57,9,48,1,1606500,17.0,323.0,11:03,333.0,11:13,Complete
B200,R200,4,2,5,332,11:12,337,11:17,56,8,48,1,1608700,16.0,324.0,11:04,336.0,11:16,Complete
B201,R201,6,7,6,338,11:18,344,11:24,77,14,63,1,1749300,20.0,324.0,11:04,342.0,11:22,Complete
B202,R202,8,6,5,343,11:23,348,11:28,110,19,91,1,2038000,15.0,324.0,11:04,347.0,11:27,Complete
B203,R203,4,7,5,334,11:14,339,11:19,57,9,48,1,1605500,25.0,325.0,11:05,338.0,11:18,Complete
B204,R204,4,9,6,342,11:22,348,11:28,124,17,107,1,2189400,2.0,325.0,11:05,346.0,11:26,Complete
B205,R205,2,4,5,334,11:14,339,11:19,54,8,46,1,1588700,7.0,326.0,11:06,335.0,11:15,Complete
B206,R206,4,2,5,334,11:14,339,11:19,56,8,48,1,1608700,16.0,327.0,11:07,339.0,11:19,Complete
B207,R207,6,7,6,340,11:20,346,11:26,77,14,63,1,1749300,20.0,327.0,11:07,345.0,11:25,Complete
B208,R208,4,2,5,335,11:15,340,11:20,56,8,48,1,1608700,21.0,327.0,11:07,336.0,11:16,Complete
B209,R209,4,7,5,336,11:16,341,11:21,57,9,48,1,1605500,25.0,328.0,11:08,341.0,11:21,Complete
B210,R210,4,9,6,344,11:24,350,11:30,124,17,107,1,2189400,2.0,328.0,11:08,349.0,11:29,Complete
B211,R211,6,7,6,342,11:22,348,11:28,77,15,62,1,1749300,8.0,329.0,11:09,344.0,11:24,Complete
B212,R212,7,4,4,336,11:16,340,11:20,57,9,48,1,1606500,18.0,327.0,11:07,337.0,11:17,Complete
B213,R213,9,4,6,344,11:24,350,11:30,125,17,108,1,2199400,6.0,327.0,11:07,345.0,11:25,Complete
B214,R214,4,9,6,346,11:26,352,11:32,124,18,106,1,2189400,5.0,333.0,11:13,351.0,11:31,Complete
B215,R215,9,5,5,347,11:27,352,11:32,139,19,120,1,2324000,4.0,328.0,11:08,348.0,11:28,Complete
B216,R216,3,1,5,337,11:17,342,11:22,51,8,43,1,1558100,9.0,329.0,11:09,338.0,11:18,Complete
B217,R217,6,1,5,341,11:21,346,11:26,23,9,14,0,1160600,1.0,332.0,11:12,342.0,11:22,Complete
B218,R218,7,9,6,346,11:26,352,11:32,93,14,79,0,1817700,12.0,332.0,11:12,347.0,11:27,Complete
B219,R219,6,7,6,354,11:34,360,11:40,77,15,62,1,1749300,3.0,340.0,11:20,355.0,11:35,Complete
B220,R220,7,1,5,349,11:29,354,11:34,56,9,47,1,1596500,25.0,344.0,11:24,354.0,11:34,Complete
B221,R221,6,7,6,356,11:36,362,11:42,77,15,62,1,1749300,11.0,347.0,11:27,362.0,11:42,Complete
B222,R222,6,7,6,358,11:38,364,11:44,77,15,62,1,1749300,9.0,348.0,11:28,363.0,11:43,Complete
B223,R223,4,7,5,355,11:35,360,11:40,57,9,48,1,1605500,26.0,346.0,11:26,356.0,11:36,Complete
B224,R224,10,3,8,364,11:44,372,11:52,83,17,66,1,1778800,31.0,353.0,11:33,371.0,11:51,Complete
B225,R225,5,9,7,368,11:48,375,11:55,138,19,119,1,2312000,4.0,351.0,11:31,371.0,11:51,Complete
B226,R226,7,1,5,358,11:38,363,11:43,56,9,47,1,1596500,8.0,349.0,11:29,359.0,11:39,Complete
B227,R227,4,7,5,361,11:41,366,11:46,57,9,48,0,1505500,13.0,352.0,11:32,362.0,11:42,Complete
B228,R228,9,3,5,369,11:49,374,11:54,121,17,104,0,2067100,0.0,352.0,11:32,381.0,12:01,Complete
B229,R229,4,7,5,362,11:42,367,11:47,57,9,48,0,1505500,14.0,353.0,11:33,363.0,11:43,Complete
B230,R230,2,1,5,365,11:45,370,11:50,54,9,45,0,1474000,21.0,356.0,11:36,366.0,11:46,Complete
B231,R231,1,3,5,365,11:45,370,11:50,49,8,41,0,1438100,23.0,357.0,11:37,366.0,11:46,Complete
B232,R232,4,2,5,365,11:45,370,11:50,56,8,48,0,1508700,6.0,357.0,11:37,366.0,11:46,Complete
B233,R233,3,5,6,368,11:48,374,11:54,50,10,40,0,1428200,19.0,358.0,11:38,372.0,11:52,Complete
B234,R234,4,2,5,366,11:46,371,11:51,56,8,48,0,1508700,7.0,358.0,11:38,367.0,11:47,Complete
B235,R235,2,5,6,370,11:50,376,11:56,59,11,48,0,1509100,16.0,359.0,11:39,370.0,11:50,Complete
B236,R236,6,2,6,374,11:54,380,12:00,92,13,79,1,1915500,15.0,361.0,11:41,380.0,12:00,Complete
B237,R237,5,3,6,372,11:52,378,11:58,50,10,40,1,1528200,17.0,366.0,11:46,377.0,11:57,Complete
B238,R238,4,2,5,371,11:51,376,11:56,56,8,48,1,1608700,33.0,364.0,11:44,373.0,11:53,Complete
B239,R239,7,4,4,372,11:52,376,11:56,57,9,48,1,1606500,3.0,363.0,11:43,373.0,11:53,Complete
B240,R240,8,4,5,378,11:58,383,12:03,76,13,63,1,1750200,5.0,366.0,11:46,380.0,12:00,Complete
B241,R241,3,9,5,383,12:03,388,12:08,122,17,105,1,2177100,10.0,366.0,11:46,384.0,12:04,Complete
B242,R242,4,8,5,382,12:02,387,12:07,78,14,64,1,1770200,18.0,368.0,11:48,382.0,12:02,Complete
B243,R243,5,7,5,380,12:00,385,12:05,63,12,51,1,1638500,24.0,368.0,11:48,381.0,12:01,Complete
B244,R244,5,8,5,384,12:04,389,12:09,83,16,67,1,1799600,25.0,368.0,11:48,385.0,12:05,Complete
B245,R245,4,2,5,379,11:59,384,12:04,56,8,48,0,1508700,15.0,371.0,11:51,383.0,12:03,Complete
B246,R246,7,4,4,382,12:02,386,12:06,57,9,48,0,1506500,9.0,373.0,11:53,383.0,12:03,Complete
B247,R247,4,7,5,384,12:04,389,12:09,57,9,48,0,1505500,3.0,376.0,11:56,386.0,12:06,Complete
B248,R248,5,9,7,394,12:14,401,12:21,138,19,119,0,2212000,16.0,375.0,11:55,395.0,12:15,Complete
B249,R249,9,10,7,396,12:16,403,12:23,177,21,156,0,2582300,2.0,375.0,11:55,397.0,12:17,Complete
B250,,10,3,8,392,12:12,400,12:20,83,17,66,2,1878800,,,,,,Overdue
B251,R251,10,9,6,396,12:16,402,12:22,171,21,150,0,2523300,8.0,375.0,11:55,406.0,12:26,Complete
B252,R252,2,4,5,387,12:07,392,12:12,54,8,46,0,1488700,7.0,379.0,11:59,388.0,12:08,Complete
B253,R253,1,8,5,394,12:14,399,12:19,82,14,68,1,1806400,1.0,380.0,12:00,395.0,12:15,Complete
B254,R254,2,5,6,392,12:12,398,12:18,59,11,48,1,1609100,6.0,381.0,12:01,392.0,12:12,Complete
B255,R255,6,7,5,398,12:18,403,12:23,77,15,62,1,1750300,32.0,387.0,12:07,402.0,12:22,Complete
B256,R256,9,4,5,400,12:20,405,12:25,125,17,108,1,2200400,10.0,387.0,12:07,405.0,12:25,Complete
B257,R257,10,4,5,402,12:22,407,12:27,66,14,52,1,1641900,19.0,390.0,12:10,405.0,12:25,Complete
B258,R258,1,3,5,402,12:22,407,12:27,49,8,41,0,1438100,21.0,394.0,12:14,403.0,12:23,Complete
B259,R259,2,5,6,406,12:26,412,12:32,59,10,49,0,1509100,15.0,396.0,12:16,407.0,12:27,Complete
B260,R260,9,10,7,418,12:38,425,12:45,177,21,156,0,2582300,4.0,397.0,12:17,419.0,12:39,Complete
B261,R261,6,1,5,413,12:33,418,12:38,23,9,14,1,1260600,7.0,407.0,12:27,417.0,12:37,Complete
B262,R262,4,2,4,415,12:35,419,12:39,56,8,48,1,1609700,5.0,407.0,12:27,416.0,12:36,Complete
B263,R263,7,5,6,419,12:39,425,12:45,63,12,51,1,1637500,3.0,407.0,12:27,425.0,12:45,Complete
B264,R264,5,2,5,418,12:38,423,12:43,61,10,51,1,1630100,6.0,408.0,12:28,419.0,12:39,Complete
B265,R265,7,4,4,418,12:38,422,12:42,57,9,48,1,1606500,11.0,409.0,12:29,419.0,12:39,Complete
B266,R266,7,5,6,424,12:44,430,12:50,63,12,51,0,1537500,3.0,412.0,12:32,428.0,12:48,Complete
B267,R267,3,9,5,431,12:51,436,12:56,122,17,105,0,2077100,0.0,414.0,12:34,432.0,12:52,Complete
B268,R268,2,5,6,432,12:52,438,12:58,59,10,49,1,1609100,6.0,422.0,12:42,433.0,12:53,Complete
B269,R269,2,6,5,435,12:55,440,13:00,92,13,79,1,1916500,5.0,422.0,12:42,436.0,12:56,Complete
B270,R270,10,4,5,437,12:57,442,13:02,66,14,52,1,1641900,2.0,423.0,12:43,438.0,12:58,Complete
B271,R271,3,9,5,443,13:03,448,13:08,122,17,105,1,2177100,17.0,426.0,12:46,444.0,13:04,Complete
B272,R272,7,4,4,435,12:55,439,12:59,57,9,48,1,1606500,14.0,426.0,12:46,436.0,12:56,Complete
B273,R273,4,8,5,444,13:04,449,13:09,78,13,65,0,1670200,9.0,431.0,12:51,445.0,13:05,Complete
B274,R274,7,4,4,440,13:00,444,13:04,57,9,48,0,1506500,26.0,431.0,12:51,444.0,13:04,Complete
B275,R275,7,5,6,445,13:05,451,13:11,63,12,51,0,1537500,24.0,433.0,12:53,446.0,13:06,Complete
B276,R276,7,4,4,443,13:03,447,13:07,57,9,48,0,1506500,26.0,434.0,12:54,447.0,13:07,Complete
B277,R277,1,10,5,450,13:10,455,13:15,61,15,46,0,1480400,7.0,435.0,12:55,451.0,13:11,Complete
B278,R278,9,4,5,452,13:12,457,13:17,125,17,108,0,2100400,8.0,435.0,12:55,453.0,13:13,Complete
B279,R279,9,10,7,457,13:17,464,13:24,177,21,156,0,2582300,0.0,436.0,12:56,458.0,13:18,Complete
B280,R280,7,4,4,446,13:06,450,13:10,57,9,48,0,1506500,28.0,437.0,12:57,447.0,13:07,Complete
B281,R281,3,5,6,449,13:09,455,13:15,50,10,40,0,1428200,21.0,439.0,12:59,450.0,13:10,Complete
B282,R282,5,3,5,454,13:14,459,13:19,50,10,40,1,1529200,3.0,444.0,13:04,455.0,13:15,Complete
B283,R283,4,2,4,453,13:13,457,13:17,56,8,48,1,1609700,2.0,445.0,13:05,454.0,13:14,Complete
B284,R284,6,7,5,460,13:20,465,13:25,77,15,62,1,1750300,5.0,445.0,13:05,460.0,13:20,Complete
B285,R285,10,3,8,462,13:22,470,13:30,83,17,66,1,1778800,6.0,450.0,13:10,468.0,13:28,Complete
B286,R286,10,3,8,463,13:23,471,13:31,83,17,66,1,1778800,15.0,450.0,13:10,468.0,13:28,Complete
B287,R287,10,6,6,460,13:20,466,13:26,83,13,70,1,1828700,4.0,447.0,13:07,464.0,13:24,Complete
B288,R288,7,5,5,460,13:20,465,13:25,63,12,51,1,1638500,32.0,448.0,13:08,461.0,13:21,Complete
B289,R289,7,10,5,468,13:28,473,13:33,108,18,90,1,2024100,13.0,450.0,13:10,472.0,13:32,Complete
B290,R290,4,3,4,466,13:26,470,13:30,45,9,36,0,1388400,8.0,457.0,13:17,467.0,13:27,Complete
B291,R291,7,6,5,472,13:32,477,13:37,78,15,63,0,1660300,20.0,457.0,13:17,472.0,13:32,Complete
B292,R292,9,4,6,474,13:34,480,13:40,125,17,108,0,2099400,12.0,457.0,13:17,475.0,13:35,Complete
B293,R293,1,10,5,474,13:34,479,13:39,61,16,45,0,1480400,34.0,458.0,13:18,474.0,13:34,Complete
B294,,6,2,5,473,13:33,478,13:38,92,13,79,1,1916500,,,,,,Overdue
B295,R295,10,3,8,484,13:44,492,13:52,83,17,66,1,1778800,0.0,467.0,13:27,485.0,13:45,Complete
B296,R296,2,1,5,479,13:39,484,13:44,54,9,45,1,1574000,2.0,470.0,13:30,480.0,13:40,Complete
B297,R297,5,9,5,492,13:52,497,13:57,138,19,119,0,2214000,21.0,473.0,13:33,493.0,13:53,Complete
B298,R298,1,3,5,500,14:00,505,14:05,49,8,41,0,1438100,11.0,492.0,13:52,501.0,14:01,Complete
B299,R299,7,1,5,501,14:01,506,14:06,56,9,47,0,1496500,33.0,492.0,13:52,502.0,14:02,Complete
B300,R300,10,9,5,516,14:16,521,14:21,171,21,150,0,2524300,7.0,495.0,13:55,517.0,14:17,Complete
B301,R301,3,5,6,510,14:10,516,14:16,50,10,40,1,1528200,6.0,500.0,14:00,511.0,14:11,Complete
B302,R302,6,7,5,514,14:14,519,14:19,77,14,63,1,1750300,4.0,500.0,14:00,515.0,14:15,Complete
B303,R303,7,4,5,510,14:10,515,14:15,57,9,48,1,1605500,5.0,501.0,14:01,511.0,14:11,Complete
B304,R304,10,3,7,519,14:19,526,14:26,83,17,66,1,1779800,13.0,502.0,14:02,520.0,14:20,Complete
B305,R305,1,7,5,512,14:12,517,14:17,55,9,46,1,1586500,33.0,505.0,14:05,515.0,14:15,Complete
B306,R306,2,5,5,514,14:14,519,14:19,59,11,48,1,1610100,27.0,503.0,14:03,514.0,14:14,Complete
B307,R307,9,1,8,521,14:21,529,14:29,114,18,96,1,2081700,17.0,503.0,14:03,529.0,14:29,Complete
B308,R308,9,4,6,520,14:20,526,14:26,125,17,108,1,2199400,16.0,503.0,14:03,521.0,14:21,Complete
B309,R309,4,7,4,515,14:15,519,14:19,57,9,48,1,1606500,12.0,506.0,14:06,516.0,14:16,Complete
B310,R310,1,10,6,524,14:24,530,14:30,61,16,45,1,1579400,35.0,508.0,14:08,524.0,14:24,Complete
B311,R311,3,9,5,525,14:25,530,14:30,122,17,105,1,2177100,0.0,508.0,14:08,526.0,14:26,Complete
B312,R312,1,6,4,520,14:20,524,14:24,23,9,14,0,1161600,28.0,511.0,14:11,521.0,14:21,Complete
B313,R313,4,2,4,521,14:21,525,14:25,56,8,48,0,1509700,14.0,513.0,14:13,525.0,14:25,Complete
B314,R314,4,7,4,526,14:26,530,14:30,57,9,48,0,1506500,19.0,517.0,14:17,530.0,14:30,Complete
B315,R315,1,2,5,527,14:27,532,14:32,54,9,45,0,1474000,26.0,518.0,14:18,528.0,14:28,Complete
B316,R316,1,9,7,536,14:36,543,14:43,113,18,95,0,1972700,2.0,518.0,14:18,537.0,14:37,Complete
B317,R317,3,10,6,536,14:36,542,14:42,83,17,66,0,1680800,3.0,519.0,14:19,537.0,14:37,Complete
B318,R318,7,1,5,528,14:28,533,14:33,56,9,47,0,1496500,17.0,519.0,14:19,532.0,14:32,Complete
B319,R319,4,7,4,529,14:29,533,14:33,57,9,48,1,1606500,5.0,520.0,14:20,530.0,14:30,Complete
B320,R320,2,5,5,532,14:32,537,14:37,59,11,48,1,1610100,8.0,523.0,14:23,534.0,14:34,Complete
B321,R321,2,5,5,532,14:32,537,14:37,59,10,49,1,1610100,11.0,523.0,14:23,534.0,14:34,Complete
B322,R322,3,5,6,533,14:33,539,14:39,50,10,40,1,1528200,13.0,523.0,14:23,534.0,14:34,Complete
B323,R323,6,7,5,538,14:38,543,14:43,77,15,62,1,1750300,20.0,523.0,14:23,538.0,14:38,Complete
B324,R324,4,8,5,538,14:38,543,14:43,78,13,65,1,1770200,10.0,525.0,14:25,539.0,14:39,Complete
B325,R325,2,5,5,542,14:42,547,14:47,59,11,48,0,1510100,14.0,531.0,14:31,542.0,14:42,Complete
B326,R326,3,1,5,540,14:40,545,14:45,51,8,43,0,1458100,15.0,532.0,14:32,541.0,14:41,Complete
B327,R327,7,5,6,544,14:44,550,14:50,63,12,51,0,1537500,4.0,532.0,14:32,545.0,14:45,Complete
B328,R328,3,5,6,543,14:43,549,14:49,50,10,40,0,1428200,22.0,533.0,14:33,544.0,14:44,Complete
B329,R329,6,3,4,545,14:45,549,14:49,81,12,69,0,1717600,28.0,533.0,14:33,546.0,14:46,Complete
B330,R330,10,4,5,547,14:47,552,14:52,66,14,52,0,1541900,34.0,533.0,14:33,548.0,14:48,Complete
B331,R331,9,3,4,551,14:51,555,14:55,121,17,104,0,2068100,0.0,534.0,14:34,552.0,14:52,Complete
B332,R332,4,9,5,552,14:52,557,14:57,124,17,107,0,2090400,17.0,539.0,14:39,557.0,14:57,Complete
B333,R333,6,7,5,550,14:50,555,14:55,77,15,62,0,1650300,6.0,535.0,14:35,555.0,14:55,Complete
B334,R334,7,4,5,544,14:44,549,14:49,57,9,48,0,1505500,19.0,535.0,14:35,545.0,14:45,Complete
B335,,6,7,5,554,14:54,559,14:59,77,14,63,1,1750300,,,,,,Overdue
B336,R336,7,4,5,549,14:49,554,14:54,57,9,48,1,1605500,12.0,540.0,14:40,553.0,14:53,Complete
B337,R337,10,4,5,554,14:54,559,14:59,66,14,52,1,1641900,3.0,540.0,14:40,555.0,14:55,Complete
B338,R338,3,4,5,550,14:50,555,14:55,45,9,36,1,1487400,37.0,541.0,14:41,551.0,14:51,Complete
B339,R339,3,5,6,551,14:51,557,14:57,50,10,40,1,1528200,30.0,541.0,14:41,552.0,14:52,Complete
B340,R340,7,4,5,552,14:52,557,14:57,57,9,48,1,1605500,12.0,543.0,14:43,556.0,14:56,Complete
B341,R341,4,7,4,553,14:53,557,14:57,57,9,48,1,1606500,8.0,546.0,14:46,556.0,14:56,Complete
B342,R342,7,5,6,556,14:56,562,15:02,63,12,51,1,1637500,5.0,544.0,14:44,557.0,14:57,Complete
B343,R343,9,3,4,565,15:05,569,15:09,121,17,104,1,2168100,7.0,548.0,14:48,566.0,15:06,Complete
B344,R344,3,9,5,568,15:08,573,15:13,122,17,105,0,2077100,0.0,555.0,14:55,573.0,15:13,Complete
B345,R345,1,2,5,561,15:01,566,15:06,54,9,45,0,1474000,15.0,552.0,14:52,562.0,15:02,Complete
B346,R346,2,1,5,561,15:01,566,15:06,54,9,45,0,1474000,31.0,552.0,14:52,562.0,15:02,Complete
B347,R347,2,5,5,562,15:02,567,15:07,59,10,49,0,1510100,28.0,552.0,14:52,563.0,15:03,Complete
B348,R348,7,4,5,561,15:01,566,15:06,57,9,48,0,1505500,20.0,552.0,14:52,562.0,15:02,Complete
B349,R349,6,7,5,568,15:08,573,15:13,77,14,63,0,1650300,4.0,555.0,14:55,570.0,15:10,Complete
B350,R350,1,10,6,570,15:10,576,15:16,61,15,46,0,1479400,37.0,558.0,14:58,574.0,15:14,Complete
B351,R351,2,9,5,571,15:11,576,15:16,107,16,91,0,1933400,26.0,555.0,14:55,572.0,15:12,Complete
B352,R352,3,9,5,575,15:15,580,15:20,122,17,105,0,2077100,23.0,558.0,14:58,576.0,15:16,Complete
B353,R353,6,1,4,567,15:07,571,15:11,23,9,14,0,1161600,11.0,558.0,14:58,571.0,15:11,Complete
B354,R354,7,1,5,571,15:11,576,15:16,56,9,47,1,1596500,8.0,562.0,15:02,572.0,15:12,Complete
B355,R355,9,5,5,581,15:21,586,15:26,139,19,120,1,2324000,2.0,562.0,15:02,582.0,15:22,Complete
B356,R356,1,6,4,572,15:12,576,15:16,23,9,14,1,1261600,3.0,564.0,15:04,574.0,15:14,Complete
B357,R357,4,3,5,572,15:12,577,15:17,45,9,36,1,1487400,13.0,566.0,15:06,576.0,15:16,Complete
B358,R358,1,10,5,580,15:20,585,15:25,61,15,46,1,1580400,5.0,568.0,15:08,584.0,15:24,Complete
B359,R359,4,7,4,574,15:14,578,15:18,57,9,48,1,1606500,19.0,565.0,15:05,575.0,15:15,Complete
B360,R360,4,9,5,584,15:24,589,15:29,124,18,106,1,2190400,14.0,566.0,15:06,584.0,15:24,Complete
B361,R361,7,5,6,578,15:18,584,15:24,63,12,51,1,1637500,6.0,566.0,15:06,579.0,15:19,Complete
B362,R362,1,2,5,576,15:16,581,15:21,54,9,45,1,1574000,31.0,567.0,15:07,577.0,15:17,Complete
B363,R363,4,2,4,575,15:15,579,15:19,56,8,48,1,1609700,16.0,567.0,15:07,576.0,15:16,Complete
B364,R364,3,5,6,579,15:19,585,15:25,50,10,40,1,1528200,7.0,569.0,15:09,580.0,15:20,Complete
B365,R365,4,7,4,578,15:18,582,15:22,57,9,48,1,1606500,20.0,569.0,15:09,579.0,15:19,Complete
B366,R366,3,1,5,582,15:22,587,15:27,51,8,43,0,1458100,36.0,574.0,15:14,583.0,15:23,Complete
B367,R367,8,4,5,588,15:28,593,15:33,76,14,62,0,1650200,1.0,574.0,15:14,593.0,15:33,Complete
B368,R368,4,2,4,584,15:24,588,15:28,56,8,48,0,1509700,34.0,576.0,15:16,588.0,15:28,Complete
B369,R369,4,9,5,594,15:34,599,15:39,124,18,106,0,2090400,12.0,576.0,15:16,594.0,15:34,Complete
B370,R370,1,8,5,591,15:31,596,15:36,82,14,68,0,1706400,11.0,577.0,15:17,592.0,15:32,Complete
B371,R371,4,2,4,587,15:27,591,15:31,56,8,48,0,1509700,34.0,579.0,15:19,591.0,15:31,Complete
B372,R372,2,4,4,590,15:30,594,15:34,54,8,46,1,1589700,31.0,582.0,15:22,591.0,15:31,Complete
B373,R373,3,5,6,592,15:32,598,15:38,50,10,40,1,1528200,19.0,587.0,15:27,598.0,15:38,Complete
B374,R374,7,4,4,591,15:31,595,15:35,57,9,48,1,1606500,4.0,582.0,15:22,592.0,15:32,Complete
B375,R375,2,5,5,594,15:34,599,15:39,59,11,48,1,1610100,16.0,583.0,15:23,597.0,15:37,Complete
B376,R376,2,5,5,596,15:36,601,15:41,59,11,48,1,1610100,16.0,586.0,15:26,600.0,15:40,Complete
B377,R377,10,3,8,603,15:43,611,15:51,83,17,66,1,1778800,5.0,587.0,15:27,608.0,15:48,Complete
B378,R378,3,1,5,596,15:36,601,15:41,51,8,43,1,1558100,13.0,588.0,15:28,597.0,15:37,Complete
B379,R379,4,7,4,599,15:39,603,15:43,57,9,48,1,1606500,36.0,590.0,15:30,600.0,15:40,Complete
B380,R380,3,5,6,601,15:41,607,15:47,50,10,40,0,1428200,20.0,591.0,15:31,607.0,15:47,Complete
B381,R381,4,7,4,603,15:43,607,15:47,57,9,48,0,1506500,7.0,594.0,15:34,604.0,15:44,Complete
B382,R382,5,9,5,613,15:53,618,15:58,138,19,119,0,2214000,2.0,594.0,15:34,614.0,15:54,Complete
B383,R383,3,5,6,605,15:45,611,15:51,50,10,40,0,1428200,34.0,597.0,15:37,608.0,15:48,Complete
B384,R384,3,5,6,606,15:46,612,15:52,50,10,40,0,1428200,20.0,596.0,15:36,610.0,15:50,Complete
B385,R385,4,10,5,611,15:51,616,15:56,68,14,54,0,1561900,1.0,597.0,15:37,612.0,15:52,Complete
B386,R386,2,6,5,612,15:52,617,15:57,92,13,79,0,1816500,15.0,599.0,15:39,613.0,15:53,Complete
B387,R387,6,7,5,614,15:54,619,15:59,77,15,62,0,1650300,6.0,599.0,15:39,614.0,15:54,Complete
B388,R388,1,10,5,616,15:56,621,16:01,61,16,45,1,1580400,13.0,600.0,15:40,620.0,16:00,Complete
B389,R389,4,2,4,609,15:49,613,15:53,56,8,48,1,1609700,31.0,601.0,15:41,610.0,15:50,Complete
B390,R390,4,2,4,610,15:50,614,15:54,56,8,48,1,1609700,4.0,602.0,15:42,611.0,15:51,Complete
B391,R391,9,10,7,623,16:03,630,16:10,177,21,156,1,2682300,0.0,602.0,15:42,624.0,16:04,Complete
B392,R392,3,5,6,613,15:53,619,15:59,50,10,40,1,1528200,33.0,607.0,15:47,618.0,15:58,Complete
B393,R393,1,10,5,620,16:00,625,16:05,61,16,45,1,1580400,13.0,604.0,15:44,623.0,16:03,Complete
B394,R394,6,2,5,618,15:58,623,16:03,92,13,79,1,1916500,3.0,605.0,15:45,619.0,15:59,Complete
B395,R395,6,1,5,615,15:55,620,16:00,23,9,14,1,1260600,22.0,607.0,15:47,617.0,15:57,Complete
B396,R396,1,9,7,626,16:06,633,16:13,113,18,95,1,2072700,8.0,608.0,15:48,627.0,16:07,Complete
B397,R397,8,6,5,629,16:09,634,16:14,110,19,91,1,2038000,9.0,610.0,15:50,630.0,16:10,Complete
B398,R398,1,6,4,624,16:04,628,16:08,23,9,14,0,1161600,24.0,615.0,15:55,625.0,16:05,Complete
B399,R399,2,4,4,627,16:07,631,16:11,54,8,46,0,1489700,31.0,619.0,15:59,628.0,16:08,Complete
B400,R400,10,3,7,638,16:18,645,16:25,83,17,66,1,1779800,0.0,627.0,16:07,645.0,16:25,Complete
B401,R401,4,9,6,642,16:22,648,16:28,124,18,106,1,2189400,32.0,626.0,16:06,647.0,16:27,Complete
B402,R402,6,7,5,638,16:18,643,16:23,77,14,63,1,1750300,15.0,624.0,16:04,639.0,16:19,Complete
B403,R403,4,7,4,634,16:14,638,16:18,57,9,48,1,1606500,16.0,626.0,16:06,636.0,16:16,Complete
B404,R404,1,5,4,636,16:16,640,16:20,27,10,17,1,1300900,30.0,628.0,16:08,639.0,16:19,Complete
B405,R405,4,7,4,635,16:15,639,16:19,57,9,48,1,1606500,19.0,626.0,16:06,636.0,16:16,Complete
B406,R406,2,4,5,635,16:15,640,16:20,54,8,46,1,1588700,4.0,627.0,16:07,636.0,16:16,Complete
B407,R407,7,1,5,636,16:16,641,16:21,56,9,47,1,1596500,7.0,627.0,16:07,637.0,16:17,Complete
B408,R408,7,4,5,636,16:16,641,16:21,57,9,48,1,1605500,6.0,627.0,16:07,640.0,16:20,Complete
B409,R409,4,9,6,646,16:26,652,16:32,124,18,106,1,2189400,32.0,629.0,16:09,650.0,16:30,Complete
B410,R410,3,4,5,638,16:18,643,16:23,45,9,36,1,1487400,5.0,629.0,16:09,639.0,16:19,Complete
B411,R411,3,5,6,640,16:20,646,16:26,50,10,40,1,1528200,33.0,630.0,16:10,641.0,16:21,Complete
B412,R412,7,6,6,644,16:24,650,16:30,78,14,64,1,1759300,6.0,630.0,16:10,650.0,16:30,Complete
B413,R413,1,10,7,648,16:28,655,16:35,61,16,45,0,1478400,22.0,638.0,16:18,654.0,16:34,Complete
B414,R414,9,3,5,649,16:29,654,16:34,121,17,104,0,2067100,2.0,632.0,16:12,653.0,16:33,Complete
B415,R415,2,1,5,643,16:23,648,16:28,54,9,45,0,1474000,3.0,634.0,16:14,647.0,16:27,Complete
B416,R416,6,7,5,648,16:28,653,16:33,77,14,63,0,1650300,24.0,634.0,16:14,649.0,16:29,Complete
B417,R417,9,3,5,651,16:31,656,16:36,121,17,104,0,2067100,2.0,635.0,16:15,656.0,16:36,Complete
B418,R418,1,10,7,650,16:30,657,16:37,61,15,46,0,1478400,22.0,635.0,16:15,657.0,16:37,Complete
B419,R419,5,3,6,645,16:25,651,16:31,50,10,40,0,1428200,27.0,635.0,16:15,646.0,16:26,Complete
B420,R420,7,4,5,644,16:24,649,16:29,57,9,48,0,1505500,36.0,635.0,16:15,645.0,16:25,Complete
B421,R421,4,2,5,646,16:26,651,16:31,56,8,48,0,1508700,4.0,639.0,16:19,651.0,16:31,Complete
B422,R422,4,7,4,648,16:28,652,16:32,57,9,48,0,1506500,28.0,639.0,16:19,649.0,16:29,Complete
B423,R423,1,10,7,656,16:36,663,16:43,61,16,45,1,1578400,19.0,647.0,16:27,663.0,16:43,Complete
B424,R424,1,9,6,659,16:39,665,16:45,113,18,95,1,2073700,7.0,641.0,16:21,660.0,16:40,Complete
B425,R425,10,3,7,658,16:38,665,16:45,83,17,66,1,1779800,13.0,641.0,16:21,659.0,16:39,Complete
B426,R426,7,4,5,651,16:31,656,16:36,57,9,48,1,1605500,15.0,642.0,16:22,655.0,16:35,Complete
B427,R427,4,2,5,651,16:31,656,16:36,56,8,48,1,1608700,34.0,646.0,16:26,655.0,16:35,Complete
B428,R428,7,4,5,654,16:34,659,16:39,57,9,48,1,1605500,15.0,645.0,16:25,658.0,16:38,Complete
B429,R429,1,3,5,654,16:34,659,16:39,49,8,41,1,1538100,16.0,647.0,16:27,656.0,16:36,Complete
B430,R430,1,6,5,657,16:37,662,16:42,23,9,14,1,1260600,30.0,650.0,16:30,660.0,16:40,Complete
B431,R431,2,4,5,656,16:36,661,16:41,54,8,46,1,1588700,18.0,650.0,16:30,659.0,16:39,Complete
B432,R432,4,7,4,657,16:37,661,16:41,57,9,48,1,1606500,33.0,650.0,16:30,660.0,16:40,Complete
B433,R433,4,7,4,658,16:38,662,16:42,57,9,48,1,1606500,36.0,649.0,16:29,659.0,16:39,Complete
B434,R434,4,10,5,663,16:43,668,16:48,68,14,54,1,1661900,37.0,652.0,16:32,667.0,16:47,Complete
B435,R435,7,4,5,658,16:38,663,16:43,57,9,48,1,1605500,25.0,649.0,16:29,659.0,16:39,Complete
B436,R436,6,2,6,663,16:43,669,16:49,92,13,79,1,1915500,6.0,653.0,16:33,667.0,16:47,Complete
B437,R437,10,4,5,664,16:44,669,16:49,66,14,52,1,1641900,35.0,650.0,16:30,665.0,16:45,Complete
B438,R438,2,5,5,662,16:42,667,16:47,59,11,48,0,1510100,4.0,654.0,16:34,665.0,16:45,Complete
B439,R439,2,5,5,662,16:42,667,16:47,59,10,49,0,1510100,26.0,654.0,16:34,665.0,16:45,Complete
B440,R440,7,4,5,661,16:41,666,16:46,57,9,48,0,1505500,24.0,652.0,16:32,666.0,16:46,Complete
B441,R441,3,4,5,663,16:43,668,16:48,45,9,36,0,1387400,27.0,654.0,16:34,668.0,16:48,Complete
B442,R442,1,2,5,665,16:45,670,16:50,54,9,45,0,1474000,17.0,656.0,16:36,670.0,16:50,Complete
B443,R443,4,9,6,674,16:54,680,17:00,124,18,106,0,2089400,5.0,656.0,16:36,674.0,16:54,Complete
B444,R444,7,4,5,665,16:45,670,16:50,57,9,48,0,1505500,24.0,656.0,16:36,669.0,16:49,Complete
B445,R445,2,5,5,668,16:48,673,16:53,59,11,48,0,1510100,34.0,658.0,16:38,672.0,16:52,Complete
B446,R446,4,7,4,666,16:46,670,16:50,57,9,48,0,1506500,14.0,657.0,16:37,667.0,16:47,Complete
B447,R447,5,10,4,669,16:49,673,16:53,38,12,26,0,1286300,20.0,657.0,16:37,673.0,16:53,Complete
B448,R448,3,4,5,667,16:47,672,16:52,45,9,36,0,1387400,27.0,658.0,16:38,671.0,16:51,Complete
B449,R449,6,7,5,672,16:52,677,16:57,77,14,63,0,1650300,9.0,658.0,16:38,673.0,16:53,Complete
B450,R450,10,4,5,673,16:53,678,16:58,66,14,52,1,1641900,22.0,660.0,16:40,675.0,16:55,Complete
B451,,1,2,5,669,16:49,674,16:54,54,9,45,1,1574000,,,,,,Overdue
B452,R452,1,9,6,678,16:58,684,17:04,113,18,95,1,2073700,3.0,660.0,16:40,679.0,16:59,Complete
B453,R453,2,5,5,670,16:50,675,16:55,59,10,49,1,1610100,16.0,663.0,16:43,674.0,16:54,Complete
B454,,5,2,5,670,16:50,675,16:55,61,10,51,1,1630100,,,,,,Overdue
B455,R455,10,9,4,681,17:01,685,17:05,171,21,150,1,2625300,1.0,660.0,16:40,682.0,17:02,Complete
B456,R456,1,7,5,671,16:51,676,16:56,55,9,46,1,1586500,2.0,666.0,16:46,676.0,16:56,Complete
B457,,3,4,5,671,16:51,676,16:56,45,9,36,1,1487400,,,,,,Overdue
B458,R458,4,2,5,670,16:50,675,16:55,56,8,48,1,1608700,31.0,662.0,16:42,674.0,16:54,Complete
B459,,3,5,6,673,16:53,679,16:59,50,10,40,1,1528200,,,,,,Overdue
B460,R460,9,3,5,680,17:00,685,17:05,121,17,104,1,2167100,39.0,663.0,16:43,681.0,17:01,Complete
B461,R461,4,9,6,682,17:02,688,17:08,124,18,106,1,2189400,15.0,664.0,16:44,685.0,17:05,Complete
B462,R462,7,1,5,673,16:53,678,16:58,56,9,47,1,1596500,28.0,664.0,16:44,674.0,16:54,Complete
B463,R463,3,9,5,682,17:02,687,17:07,122,17,105,1,2177100,0.0,665.0,16:45,683.0,17:03,Complete
B464,R464,4,9,6,682,17:02,688,17:08,124,17,107,1,2189400,15.0,667.0,16:47,688.0,17:08,Complete
B465,R465,8,4,5,680,17:00,685,17:05,76,14,62,1,1750200,11.0,666.0,16:46,680.0,17:00,Complete
B466,R466,1,10,7,682,17:02,689,17:09,61,15,46,1,1578400,36.0,672.0,16:52,688.0,17:08,Complete
B467,R467,6,7,5,682,17:02,687,17:07,77,15,62,1,1750300,30.0,667.0,16:47,686.0,17:06,Complete
B468,R468,8,6,6,686,17:06,692,17:12,110,19,91,1,2037000,10.0,667.0,16:47,687.0,17:07,Complete
B469,R469,9,1,8,685,17:05,693,17:13,114,18,96,1,2081700,23.0,667.0,16:47,689.0,17:09,Complete
B470,R470,1,10,7,684,17:04,691,17:11,61,16,45,1,1578400,36.0,669.0,16:49,691.0,17:11,Complete
B471,R471,4,2,5,676,16:56,681,17:01,56,8,48,1,1608700,35.0,668.0,16:48,680.0,17:00,Complete
B472,R472,7,4,5,677,16:57,682,17:02,57,9,48,1,1605500,14.0,670.0,16:50,680.0,17:00,Complete
B473,R473,1,2,5,678,16:58,683,17:03,54,9,45,1,1574000,13.0,669.0,16:49,679.0,16:59,Complete
B474,R474,1,9,6,687,17:07,693,17:13,113,18,95,1,2073700,33.0,670.0,16:50,689.0,17:09,Complete
B475,R475,4,2,5,677,16:57,682,17:02,56,8,48,1,1608700,18.0,669.0,16:49,678.0,16:58,Complete
B476,R476,10,4,5,683,17:03,688,17:08,66,14,52,1,1641900,37.0,670.0,16:50,685.0,17:05,Complete
B477,R477,2,4,5,678,16:58,683,17:03,54,8,46,1,1588700,31.0,671.0,16:51,683.0,17:03,Complete
B478,R478,4,7,4,679,16:59,683,17:03,57,9,48,1,1606500,25.0,670.0,16:50,680.0,17:00,Complete
B479,R479,6,7,5,686,17:06,691,17:11,77,15,62,0,1650300,30.0,671.0,16:51,689.0,17:09,Complete
B480,,1,10,7,688,17:08,695,17:15,61,16,45,1,1578400,,,,,,Overdue
B481,R481,2,10,8,692,17:12,700,17:20,106,18,88,0,1901900,17.0,674.0,16:54,700.0,17:20,Complete
B482,,3,5,6,684,17:04,690,17:10,50,10,40,1,1528200,,,,,,Overdue
B483,R483,7,6,6,688,17:08,694,17:14,78,14,64,0,1659300,9.0,676.0,16:56,691.0,17:11,Complete
B484,R484,7,4,5,684,17:04,689,17:09,57,9,48,0,1505500,2.0,679.0,16:59,689.0,17:09,Complete
B485,R485,2,5,5,686,17:06,691,17:11,59,10,49,0,1510100,35.0,677.0,16:57,691.0,17:11,Complete
B486,R486,9,5,6,695,17:15,701,17:21,139,19,120,0,2223000,5.0,677.0,16:57,697.0,17:17,Complete
B487,,1,6,5,686,17:06,691,17:11,23,9,14,1,1260600,,,,,,Overdue
B488,R488,9,4,7,694,17:14,701,17:21,125,17,108,0,2098400,12.0,677.0,16:57,699.0,17:19,Complete
B489,,1,6,5,687,17:07,692,17:12,23,9,14,1,1260600,,,,,,Overdue
B490,,2,4,5,686,17:06,691,17:11,54,8,46,1,1588700,,,,,,Overdue
B491,,1,3,5,688,17:08,693,17:13,49,8,41,1,1538100,,,,,,Overdue
B492,,3,4,6,689,17:09,695,17:15,45,9,36,1,1486400,,,,,,Overdue
B493,R493,9,3,6,697,17:17,703,17:23,121,17,104,1,2166100,7.0,680.0,17:00,698.0,17:18,Complete
B494,R494,1,2,5,690,17:10,695,17:15,54,9,45,1,1574000,28.0,681.0,17:01,694.0,17:14,Complete
B495,R495,2,5,6,692,17:12,698,17:18,59,11,48,1,1609100,18.0,681.0,17:01,692.0,17:12,Complete
B496,R496,9,1,8,699,17:19,707,17:27,114,18,96,1,2081700,29.0,681.0,17:01,700.0,17:20,Complete
B497,,3,4,6,691,17:11,697,17:17,45,9,36,1,1486400,,,,,,Overdue
B498,,1,5,6,692,17:12,698,17:18,27,9,18,1,1298900,,,,,,Overdue
B499,R499,2,4,6,691,17:11,697,17:17,54,8,46,1,1587700,27.0,686.0,17:06,695.0,17:15,Complete
B500,,4,3,5,692,17:12,697,17:17,45,9,36,1,1487400,,,,,,Overdue
B501,R501,6,7,6,698,17:18,704,17:24,77,15,62,1,1749300,16.0,687.0,17:07,702.0,17:22,Complete
B502,R502,1,2,5,693,17:13,698,17:18,54,9,45,1,1574000,28.0,684.0,17:04,697.0,17:17,Complete
B503,,3,1,6,692,17:12,698,17:18,51,8,43,1,1557100,,,,,,Overdue
B504,,3,5,7,694,17:14,701,17:21,50,10,40,2,1627200,,,,,,Overdue
B505,R505,3,10,10,701,17:21,711,17:31,83,17,66,1,1776800,26.0,688.0,17:08,711.0,17:31,Complete
B506,R506,4,9,6,702,17:22,708,17:28,124,18,106,1,2189400,11.0,684.0,17:04,708.0,17:28,Complete
B507,,1,5,6,694,17:14,700,17:20,27,9,18,2,1398900,,,,,,Overdue
B508,R508,2,4,6,693,17:13,699,17:19,54,8,46,1,1587700,34.0,688.0,17:08,697.0,17:17,Complete
B509,R509,2,5,6,696,17:16,702,17:22,59,11,48,1,1609100,25.0,689.0,17:09,700.0,17:20,Complete
B510,R510,2,9,5,701,17:21,706,17:26,107,16,91,1,2033400,6.0,685.0,17:05,702.0,17:22,Complete
B511,R511,4,2,5,693,17:13,698,17:18,56,8,48,1,1608700,22.0,685.0,17:05,694.0,17:14,Complete
B512,R512,9,5,6,704,17:24,710,17:30,139,19,120,1,2323000,1.0,685.0,17:05,705.0,17:25,Complete
B513,R513,10,3,9,702,17:22,711,17:31,83,17,66,1,1777800,19.0,685.0,17:05,706.0,17:26,Complete
B514,R514,1,7,5,695,17:15,700,17:20,55,9,46,1,1586500,31.0,690.0,17:10,700.0,17:20,Complete
B515,R515,8,3,6,698,17:18,704,17:24,57,12,45,1,1570100,38.0,686.0,17:06,699.0,17:19,Complete
B516,R516,4,7,5,696,17:16,701,17:21,57,9,48,1,1605500,24.0,687.0,17:07,697.0,17:17,Complete
B517,,5,10,4,699,17:19,703,17:23,38,12,26,2,1486300,,,,,,Overdue
B518,R518,1,7,5,697,17:17,702,17:22,55,9,46,1,1586500,37.0,692.0,17:12,702.0,17:22,Complete
B519,,2,1,6,697,17:17,703,17:23,54,9,45,2,1673000,,,,,,Overdue
B520,,3,5,7,698,17:18,705,17:25,50,10,40,2,1627200,,,,,,Overdue
B521,R521,3,6,6,700,17:20,706,17:26,83,12,71,1,1835600,39.0,688.0,17:08,701.0,17:21,Complete
B522,R522,4,8,5,702,17:22,707,17:27,78,14,64,1,1770200,14.0,688.0,17:08,702.0,17:22,Complete
B523,R523,9,4,7,706,17:26,713,17:33,125,18,107,1,2198400,3.0,688.0,17:08,712.0,17:32,Complete
B524,,3,4,6,698,17:18,704,17:24,45,9,36,2,1586400,,,,,,Overdue
B525,R525,2,6,8,703,17:23,711,17:31,92,13,79,1,1913500,13.0,695.0,17:15,709.0,17:29,Complete
B526,,3,4,6,699,17:19,705,17:25,45,9,36,2,1586400,,,,,,Overdue
B527,,3,5,7,700,17:20,707,17:27,50,10,40,2,1627200,,,,,,Overdue
B528,R528,4,9,6,708,17:28,714,17:34,124,18,106,1,2189400,11.0,690.0,17:10,711.0,17:31,Complete
B529,R529,10,4,5,704,17:24,709,17:29,66,14,52,1,1641900,20.0,690.0,17:10,709.0,17:29,Complete
B530,R530,2,6,8,705,17:25,713,17:33,92,13,79,0,1813500,13.0,692.0,17:12,712.0,17:32,Complete
B531,,4,2,5,700,17:20,705,17:25,56,8,48,1,1608700,,,,,,Overdue
B532,,4,7,5,701,17:21,706,17:26,57,9,48,1,1605500,,,,,,Overdue
B533,R533,5,9,6,711,17:31,717,17:37,138,19,119,0,2213000,4.0,692.0,17:12,712.0,17:32,Complete
B534,R534,6,2,6,705,17:25,711,17:31,92,13,79,0,1815500,9.0,694.0,17:14,711.0,17:31,Complete
B535,R535,3,10,10,710,17:30,720,17:40,83,17,66,0,1676800,26.0,693.0,17:13,714.0,17:34,Complete
B536,,4,2,5,701,17:21,706,17:26,56,8,48,1,1608700,,,,,,Overdue
B537,R537,9,10,7,714,17:34,721,17:41,177,21,156,0,2582300,0.0,693.0,17:13,715.0,17:35,Complete
B538,,4,2,5,702,17:22,707,17:27,56,8,48,1,1608700,,,,,,Overdue
B539,R539,10,3,9,711,17:31,720,17:40,83,17,66,0,1677800,20.0,694.0,17:14,719.0,17:39,Complete
B540,,2,1,6,704,17:24,710,17:30,54,9,45,1,1573000,,,,,,Overdue
B541,,4,3,5,705,17:25,710,17:30,45,9,36,1,1487400,,,,,,Overdue
B542,R542,7,4,5,705,17:25,710,17:30,57,9,48,0,1505500,30.0,696.0,17:16,710.0,17:30,Complete
B543,R543,4,2,5,705,17:25,710,17:30,56,8,48,1,1608700,27.0,700.0,17:20,709.0,17:29,Complete
B544,R544,4,7,5,707,17:27,712,17:32,57,9,48,1,1605500,2.0,700.0,17:20,710.0,17:30,Complete
B545,R545,5,9,6,717,17:37,723,17:43,138,19,119,1,2313000,5.0,700.0,17:20,726.0,17:46,Complete
B546,R546,2,4,6,707,17:27,713,17:33,54,8,46,0,1487700,22.0,699.0,17:19,711.0,17:31,Complete
B547,,3,4,6,708,17:28,714,17:34,45,9,36,1,1486400,,,,,,Overdue
B548,,3,5,7,709,17:29,716,17:36,50,10,40,1,1527200,,,,,,Overdue
B549,R549,3,10,10,717,17:37,727,17:47,83,17,66,1,1776800,19.0,709.0,17:29,727.0,17:47,Complete
B550,,1,10,7,716,17:36,723,17:43,61,15,46,2,1678400,,,,,,Overdue
B551,R551,2,4,6,709,17:29,715,17:35,54,8,46,1,1587700,24.0,706.0,17:26,715.0,17:35,Complete
B552,,3,5,7,711,17:31,718,17:38,50,10,40,1,1527200,,,,,,Overdue
B553,R553,4,2,5,709,17:29,714,17:34,56,8,48,1,1608700,34.0,701.0,17:21,710.0,17:30,Complete
B554,R554,1,9,7,720,17:40,727,17:47,113,18,95,1,2072700,23.0,702.0,17:22,721.0,17:41,Complete
B555,R555,9,3,6,719,17:39,725,17:45,121,17,104,1,2166100,15.0,702.0,17:22,723.0,17:43,Complete
B556,R556,9,4,7,720,17:40,727,17:47,125,18,107,1,2198400,6.0,708.0,17:28,726.0,17:46,Complete
B557,R557,3,1,6,711,17:31,717,17:37,51,8,43,1,1557100,35.0,708.0,17:28,717.0,17:37,Complete
B558,,3,4,6,712,17:32,718,17:38,45,9,36,1,1486400,,,,,,Overdue
B559,R559,2,5,6,714,17:34,720,17:40,59,10,49,1,1609100,28.0,704.0,17:24,719.0,17:39,Complete
B560,,3,5,7,714,17:34,721,17:41,50,10,40,2,1627200,,,,,,Overdue
B561,,4,3,5,713,17:33,718,17:38,45,9,36,1,1487400,,,,,,Overdue
B562,R562,5,2,6,714,17:34,720,17:40,61,10,51,1,1629100,1.0,708.0,17:28,719.0,17:39,Complete
B563,R563,6,7,6,718,17:38,724,17:44,77,14,63,1,1749300,10.0,704.0,17:24,722.0,17:42,Complete
B564,R564,9,4,7,722,17:42,729,17:49,125,18,107,1,2198400,6.0,705.0,17:25,729.0,17:49,Complete
B565,,3,5,7,715,17:35,722,17:42,50,10,40,2,1627200,,,,,,Overdue
B566,R566,3,10,10,722,17:42,732,17:52,83,17,66,1,1776800,38.0,714.0,17:34,732.0,17:52,Complete
B567,R567,1,3,5,714,17:34,719,17:39,49,8,41,1,1538100,31.0,710.0,17:30,719.0,17:39,Complete
B568,R568,2,4,6,714,17:34,720,17:40,54,8,46,1,1587700,16.0,711.0,17:31,720.0,17:40,Complete
B569,R569,4,3,5,716,17:36,721,17:41,45,9,36,1,1487400,25.0,709.0,17:29,719.0,17:39,Complete
B570,R570,4,8,5,720,17:40,725,17:45,78,13,65,1,1770200,12.0,707.0,17:27,721.0,17:41,Complete
B571,,1,5,6,718,17:38,724,17:44,27,10,17,2,1398900,,,,,,Overdue
B572,R572,2,5,6,718,17:38,724,17:44,59,10,49,1,1609100,28.0,708.0,17:28,722.0,17:42,Complete
B573,,3,4,6,717,17:37,723,17:43,45,9,36,2,1586400,,,,,,Overdue
B574,,5,1,5,718,17:38,723,17:43,27,10,17,2,1399900,,,,,,Overdue
B575,R575,9,4,7,726,17:46,733,17:53,125,18,107,1,2198400,4.0,715.0,17:35,733.0,17:53,Complete
B576,R576,10,3,9,725,17:45,734,17:54,83,17,66,1,1777800,17.0,708.0,17:28,733.0,17:53,Complete
B577,R577,1,3,5,717,17:37,722,17:42,49,8,41,1,1538100,39.0,711.0,17:31,720.0,17:40,Complete
B578,R578,3,5,7,719,17:39,726,17:46,50,10,40,1,1527200,32.0,715.0,17:35,726.0,17:46,Complete
B579,R579,4,2,5,717,17:37,722,17:42,56,8,48,1,1608700,30.0,713.0,17:33,722.0,17:42,Complete
B580,R580,1,7,5,719,17:39,724,17:44,55,9,46,1,1586500,18.0,710.0,17:30,724.0,17:44,Complete
B581,R581,1,9,7,728,17:48,735,17:55,113,18,95,1,2072700,29.0,710.0,17:30,729.0,17:49,Complete
B582,R582,2,4,6,718,17:38,724,17:44,54,8,46,1,1587700,27.0,712.0,17:32,724.0,17:44,Complete
B583,R583,3,6,6,722,17:42,728,17:48,83,12,71,1,1835600,7.0,710.0,17:30,723.0,17:43,Complete
B584,R584,9,4,7,728,17:48,735,17:55,125,18,107,1,2198400,8.0,714.0,17:34,735.0,17:55,Complete
B585,,1,5,6,720,17:40,726,17:46,27,9,18,1,1298900,,,,,,Overdue
B586,R586,2,1,6,720,17:40,726,17:46,54,9,45,0,1473000,14.0,715.0,17:35,725.0,17:45,Complete
B587,R587,3,10,10,728,17:48,738,17:58,83,17,66,0,1676800,38.0,711.0,17:31,735.0,17:55,Complete
B588,R588,7,4,5,720,17:40,725,17:45,57,9,48,0,1505500,2.0,713.0,17:33,723.0,17:43,Complete
B589,R589,9,4,7,728,17:48,735,17:55,125,17,108,0,2098400,8.0,711.0,17:31,732.0,17:52,Complete
B590,R590,3,10,10,729,17:49,739,17:59,83,17,66,0,1676800,33.0,715.0,17:35,752.0,18:12,Complete
B591,R591,2,1,6,722,17:42,728,17:48,54,9,45,0,1473000,9.0,714.0,17:34,727.0,17:47,Complete
B592,R592,2,4,6,721,17:41,727,17:47,54,8,46,0,1487700,27.0,715.0,17:35,727.0,17:47,Complete
B593,R593,2,5,6,724,17:44,730,17:50,59,11,48,0,1509100,34.0,718.0,17:38,729.0,17:49,Complete
B594,R594,4,2,5,721,17:41,726,17:46,56,8,48,0,1508700,3.0,715.0,17:35,724.0,17:44,Complete
B595,,1,3,5,722,17:42,727,17:47,49,8,41,1,1538100,,,,,,Overdue
B596,R596,1,7,5,723,17:43,728,17:48,55,9,46,0,1486500,18.0,714.0,17:34,727.0,17:47,Complete
B597,R597,1,2,5,724,17:44,729,17:49,54,9,45,0,1474000,36.0,715.0,17:35,725.0,17:45,Complete
B598,,1,5,6,724,17:44,730,17:50,27,9,18,1,1298900,,,,,,Overdue
B599,R599,2,5,6,726,17:46,732,17:52,59,11,48,0,1509100,34.0,715.0,17:35,732.0,17:52,Complete
B600,,4,3,5,724,17:44,729,17:49,45,9,36,1,1487400,,,,,,Overdue
B601,,5,10,4,727,17:47,731,17:51,38,12,26,1,1386300,,,,,,Overdue
B602,R602,4,2,5,724,17:44,729,17:49,56,8,48,0,1508700,22.0,716.0,17:36,728.0,17:48,Complete
B603,R603,2,1,6,726,17:46,732,17:52,54,9,45,0,1473000,9.0,717.0,17:37,730.0,17:50,Complete
B604,R604,3,10,10,735,17:55,745,18:05,83,17,66,1,1776800,20.0,722.0,17:42,740.0,18:00,Complete
B605,R605,4,2,5,726,17:46,731,17:51,56,8,48,0,1508700,22.0,719.0,17:39,731.0,17:51,Complete
B606,R606,7,4,5,727,17:47,732,17:52,57,9,48,0,1505500,10.0,719.0,17:39,732.0,17:52,Complete
B607,,1,6,5,728,17:48,733,17:53,23,9,14,1,1260600,,,,,,Overdue
B608,R608,2,4,6,727,17:47,733,17:53,54,8,46,0,1487700,37.0,719.0,17:39,728.0,17:48,Complete
B609,R609,3,5,7,729,17:49,736,17:56,50,10,40,1,1527200,31.0,722.0,17:42,733.0,17:53,Complete
B610,R610,3,10,10,736,17:56,746,18:06,83,17,66,0,1676800,33.0,719.0,17:39,755.0,18:15,Complete
B611,R611,1,2,5,729,17:49,734,17:54,54,9,45,1,1574000,35.0,720.0,17:40,730.0,17:50,Complete
B612,,3,4,6,729,17:49,735,17:55,45,9,36,1,1486400,,,,,,Overdue
B613,R613,9,1,8,738,17:58,746,18:06,114,18,96,1,2081700,21.0,720.0,17:40,746.0,18:06,Complete
B614,R614,10,4,5,734,17:54,739,17:59,66,14,52,1,1641900,0.0,720.0,17:40,739.0,17:59,Complete
B615,R615,2,5,6,732,17:52,738,17:58,59,11,48,1,1609100,1.0,722.0,17:42,733.0,17:53,Complete
B616,R616,4,2,5,729,17:49,734,17:54,56,8,48,1,1608700,16.0,723.0,17:43,732.0,17:52,Complete
B617,,1,6,5,732,17:52,737,17:57,23,9,14,1,1260600,,,,,,Overdue
B618,R618,2,1,6,732,17:52,738,17:58,54,9,45,1,1573000,36.0,728.0,17:48,738.0,17:58,Complete
B619,R619,2,4,6,731,17:51,737,17:57,54,8,46,1,1587700,30.0,725.0,17:45,737.0,17:57,Complete
B620,R620,3,1,6,731,17:51,737,17:57,51,8,43,1,1557100,25.0,723.0,17:43,732.0,17:52,Complete
B621,R621,5,2,6,734,17:54,740,18:00,61,11,50,1,1629100,28.0,725.0,17:45,736.0,17:56,Complete
B622,R622,4,9,6,742,18:02,748,18:08,124,18,106,1,2189400,2.0,726.0,17:46,744.0,18:04,Complete
B623,R623,10,3,9,741,18:01,750,18:10,83,17,66,1,1777800,0.0,724.0,17:44,749.0,18:09,Complete
B624,,1,5,6,734,17:54,740,18:00,27,9,18,2,1398900,,,,,,Overdue
B625,,3,4,6,734,17:54,740,18:00,45,9,36,2,1586400,,,,,,Overdue
B626,R626,2,4,6,734,17:54,740,18:00,54,8,46,1,1587700,30.0,728.0,17:48,740.0,18:00,Complete
B627,R627,4,2,5,734,17:54,739,17:59,56,8,48,1,1608700,24.0,726.0,17:46,738.0,17:58,Complete
B628,,8,3,6,739,17:59,745,18:05,57,12,45,2,1670100,,,,,,Overdue
B629,R629,9,1,8,745,18:05,753,18:13,114,18,96,1,2081700,21.0,727.0,17:47,749.0,18:09,Complete
B630,R630,4,2,5,736,17:56,741,18:01,56,8,48,1,1608700,6.0,732.0,17:52,741.0,18:01,Complete
B631,R631,6,7,6,742,18:02,748,18:08,77,14,63,1,1749300,7.0,728.0,17:48,743.0,18:03,Complete
B632,R632,9,4,7,746,18:06,753,18:13,125,18,107,1,2198400,11.0,728.0,17:48,746.0,18:06,Complete
B633,R633,3,5,7,739,17:59,746,18:06,50,10,40,1,1527200,39.0,733.0,17:53,744.0,18:04,Complete
B634,R634,3,6,6,741,18:01,747,18:07,83,12,71,1,1835600,15.0,729.0,17:49,742.0,18:02,Complete
B635,R635,7,4,5,738,17:58,743,18:03,57,9,48,1,1605500,3.0,733.0,17:53,743.0,18:03,Complete
B636,R636,1,7,5,739,17:59,744,18:04,55,9,46,1,1586500,9.0,733.0,17:53,743.0,18:03,Complete
B637,R637,3,10,10,747,18:07,757,18:17,83,17,66,1,1776800,39.0,730.0,17:50,757.0,18:17,Complete
B638,R638,2,1,6,740,18:00,746,18:06,54,9,45,0,1473000,35.0,733.0,17:53,743.0,18:03,Complete
B639,R639,2,4,6,739,17:59,745,18:05,54,8,46,0,1487700,16.0,735.0,17:55,744.0,18:04,Complete
B640,R640,3,4,6,740,18:00,746,18:06,45,9,36,0,1386400,26.0,735.0,17:55,745.0,18:05,Complete
B641,,4,3,5,741,18:01,746,18:06,45,9,36,1,1487400,,,,,,Overdue
B642,R642,9,10,7,754,18:14,761,18:21,177,21,156,0,2582300,5.0,733.0,17:53,762.0,18:22,Complete
B643,R643,1,2,5,744,18:04,749,18:09,54,9,45,0,1474000,25.0,735.0,17:55,745.0,18:05,Complete
B644,R644,2,1,6,744,18:04,750,18:10,54,9,45,0,1473000,24.0,735.0,17:55,748.0,18:08,Complete
B645,,3,4,6,744,18:04,750,18:10,45,9,36,1,1486400,,,,,,Overdue
B646,R646,3,5,7,746,18:06,753,18:13,50,10,40,0,1427200,17.0,736.0,17:56,747.0,18:07,Complete
B647,R647,4,2,5,744,18:04,749,18:09,56,8,48,0,1508700,4.0,736.0,17:56,745.0,18:05,Complete
B648,R648,7,4,5,745,18:05,750,18:10,57,9,48,0,1505500,32.0,739.0,17:59,749.0,18:09,Complete
B649,R649,4,3,5,746,18:06,751,18:11,45,9,36,1,1487400,27.0,740.0,18:00,750.0,18:10,Complete
B650,R650,6,7,6,752,18:12,758,18:18,77,15,62,0,1649300,13.0,737.0,17:57,755.0,18:15,Complete
B651,,6,7,6,752,18:12,758,18:18,77,14,63,1,1749300,,,,,,Overdue
B652,R652,4,7,5,748,18:08,753,18:13,57,9,48,0,1505500,10.0,739.0,17:59,752.0,18:12,Complete
B653,R653,7,1,5,748,18:08,753,18:13,56,9,47,0,1496500,37.0,739.0,17:59,749.0,18:09,Complete
B654,R654,2,1,6,749,18:09,755,18:15,54,9,45,1,1573000,22.0,740.0,18:00,750.0,18:10,Complete
B655,R655,7,4,5,749,18:09,754,18:14,57,9,48,1,1605500,18.0,740.0,18:00,754.0,18:14,Complete
B656,R656,8,6,5,760,18:20,765,18:25,110,19,91,1,2038000,12.0,741.0,18:01,761.0,18:21,Complete
B657,R657,1,7,6,751,18:11,757,18:17,55,9,46,1,1585500,14.0,742.0,18:02,756.0,18:16,Complete
B658,R658,4,7,5,751,18:11,756,18:16,57,9,48,1,1605500,8.0,742.0,18:02,755.0,18:15,Complete
B659,R659,1,3,6,751,18:11,757,18:17,49,8,41,1,1537100,36.0,743.0,18:03,752.0,18:12,Complete
B660,R660,2,5,7,754,18:14,761,18:21,59,11,48,1,1608100,4.0,748.0,18:08,759.0,18:19,Complete
B661,R661,4,7,5,753,18:13,758,18:18,57,9,48,1,1605500,8.0,745.0,18:05,758.0,18:18,Complete
B662,R662,7,6,6,758,18:18,764,18:24,78,14,64,1,1759300,18.0,744.0,18:04,764.0,18:24,Complete
B663,R663,1,2,6,754,18:14,760,18:20,54,9,45,1,1573000,35.0,746.0,18:06,759.0,18:19,Complete
B664,R664,1,7,6,755,18:15,761,18:21,55,9,46,1,1585500,14.0,746.0,18:06,759.0,18:19,Complete
B665,R665,2,4,6,754,18:14,760,18:20,54,8,46,1,1587700,6.0,746.0,18:06,758.0,18:18,Complete
B666,R666,4,2,6,754,18:14,760,18:20,56,8,48,1,1607700,3.0,746.0,18:06,760.0,18:20,Complete
B667,R667,8,1,7,761,18:21,768,18:28,83,14,69,1,1814400,9.0,753.0,18:13,768.0,18:28,Complete
B668,R668,2,4,6,756,18:16,762,18:22,54,8,46,1,1587700,6.0,749.0,18:09,761.0,18:21,Complete
B669,R669,8,6,5,769,18:29,774,18:34,110,19,91,1,2038000,23.0,750.0,18:10,770.0,18:30,Complete
B670,R670,4,9,9,768,18:28,777,18:37,124,17,107,0,2086400,3.0,751.0,18:11,777.0,18:37,Complete
B671,R671,1,7,6,761,18:21,767,18:27,55,9,46,0,1485500,21.0,752.0,18:12,765.0,18:25,Complete
B672,R672,1,3,6,761,18:21,767,18:27,49,8,41,0,1437100,16.0,753.0,18:13,762.0,18:22,Complete
B673,R673,1,7,6,762,18:22,768,18:28,55,9,46,0,1485500,21.0,755.0,18:15,768.0,18:28,Complete
B674,R674,2,4,6,764,18:24,770,18:30,54,8,46,0,1487700,35.0,756.0,18:16,768.0,18:28,Complete
B675,R675,7,4,5,766,18:26,771,18:31,57,9,48,0,1505500,7.0,757.0,18:17,767.0,18:27,Complete
B676,R676,7,6,6,772,18:32,778,18:38,78,15,63,0,1659300,10.0,757.0,18:17,772.0,18:32,Complete
B677,R677,1,3,6,767,18:27,773,18:33,49,8,41,0,1437100,26.0,759.0,18:19,768.0,18:28,Complete
B678,R678,8,6,5,778,18:38,783,18:43,110,19,91,0,1938000,29.0,759.0,18:19,779.0,18:39,Complete
B679,R679,2,5,7,770,18:30,777,18:37,59,10,49,1,1608100,28.0,765.0,18:25,776.0,18:36,Complete
B680,R680,4,3,5,769,18:29,774,18:34,45,9,36,1,1487400,32.0,760.0,18:20,773.0,18:33,Complete
B681,R681,1,7,6,770,18:30,776,18:36,55,9,46,1,1585500,22.0,761.0,18:21,776.0,18:36,Complete
B682,R682,2,4,6,769,18:29,775,18:35,54,8,46,1,1587700,27.0,763.0,18:23,772.0,18:32,Complete
B683,R683,7,5,5,773,18:33,778,18:38,63,12,51,1,1638500,14.0,762.0,18:22,775.0,18:35,Complete
B684,R684,2,5,7,772,18:32,779,18:39,59,10,49,1,1608100,28.0,762.0,18:22,779.0,18:39,Complete
B685,R685,4,3,5,772,18:32,777,18:37,45,9,36,1,1487400,32.0,763.0,18:23,776.0,18:36,Complete
B686,R686,2,4,6,772,18:32,778,18:38,54,8,46,1,1587700,16.0,768.0,18:28,777.0,18:37,Complete
B687,R687,4,3,5,773,18:33,778,18:38,45,9,36,1,1487400,11.0,764.0,18:24,777.0,18:37,Complete
B688,R688,7,4,5,774,18:34,779,18:39,57,9,48,1,1605500,30.0,767.0,18:27,777.0,18:37,Complete
B689,R689,8,6,5,784,18:44,789,18:49,110,19,91,1,2038000,8.0,768.0,18:28,788.0,18:48,Complete
B690,R690,1,7,6,775,18:35,781,18:41,55,9,46,1,1585500,22.0,766.0,18:26,779.0,18:39,Complete
B691,R691,4,3,5,775,18:35,780,18:40,45,9,36,1,1487400,11.0,767.0,18:27,780.0,18:40,Complete
B692,R692,7,4,5,775,18:35,780,18:40,57,9,48,1,1605500,36.0,767.0,18:27,777.0,18:37,Complete
B693,R693,1,2,6,776,18:36,782,18:42,54,9,45,1,1573000,37.0,767.0,18:27,782.0,18:42,Complete
B694,R694,1,7,6,777,18:37,783,18:43,55,9,46,1,1585500,24.0,768.0,18:28,778.0,18:38,Complete
B695,R695,4,3,5,778,18:38,783,18:43,45,9,36,1,1487400,34.0,769.0,18:29,782.0,18:42,Complete
B696,R696,2,5,7,780,18:40,787,18:47,59,10,49,1,1608100,0.0,770.0,18:30,787.0,18:47,Complete
B697,R697,4,7,5,779,18:39,784,18:44,57,9,48,1,1605500,7.0,770.0,18:30,780.0,18:40,Complete
B698,R698,7,6,6,784,18:44,790,18:50,78,14,64,1,1759300,13.0,770.0,18:30,789.0,18:49,Complete
B699,R699,9,10,7,791,18:51,798,18:58,177,21,156,1,2682300,2.0,770.0,18:30,792.0,18:52,Complete
B700,R700,2,4,6,780,18:40,786,18:46,54,8,46,0,1487700,26.0,774.0,18:34,783.0,18:43,Complete
B701,R701,4,3,5,781,18:41,786,18:46,45,9,36,0,1387400,34.0,772.0,18:32,785.0,18:45,Complete
B702,R702,3,5,7,783,18:43,790,18:50,50,10,40,0,1427200,0.0,776.0,18:36,790.0,18:50,Complete
B703,R703,4,3,5,782,18:42,787,18:47,45,9,36,0,1387400,35.0,773.0,18:33,786.0,18:46,Complete
B704,R704,7,6,6,788,18:48,794,18:54,78,14,64,0,1659300,13.0,774.0,18:34,792.0,18:52,Complete
B705,R705,1,3,6,784,18:44,790,18:50,49,8,41,0,1437100,9.0,776.0,18:36,785.0,18:45,Complete
B706,R706,1,7,6,785,18:45,791,18:51,55,9,46,0,1485500,17.0,776.0,18:36,789.0,18:49,Complete
B707,R707,4,3,5,785,18:45,790,18:50,45,9,36,0,1387400,35.0,776.0,18:36,789.0,18:49,Complete
B708,R708,1,5,5,786,18:46,791,18:51,27,9,18,0,1199900,27.0,779.0,18:39,790.0,18:50,Complete
B709,R709,4,2,6,786,18:46,792,18:52,56,8,48,1,1607700,16.0,780.0,18:40,789.0,18:49,Complete
B710,R710,1,7,6,788,18:48,794,18:54,55,9,46,0,1485500,17.0,779.0,18:39,792.0,18:52,Complete
B711,R711,2,5,7,790,18:50,797,18:57,59,11,48,0,1508100,37.0,779.0,18:39,796.0,18:56,Complete
B712,R712,7,4,5,788,18:48,793,18:53,57,9,48,1,1605500,22.0,782.0,18:42,792.0,18:52,Complete
B713,R713,2,1,6,789,18:49,795,18:55,54,9,45,1,1573000,32.0,783.0,18:43,793.0,18:53,Complete
B714,R714,2,4,6,788,18:48,794,18:54,54,8,46,1,1587700,25.0,780.0,18:40,792.0,18:52,Complete
B715,R715,9,4,7,798,18:58,805,19:05,125,18,107,1,2198400,3.0,780.0,18:40,798.0,18:58,Complete
B716,R716,2,5,7,792,18:52,799,18:59,59,11,48,1,1608100,11.0,786.0,18:46,797.0,18:57,Complete
B717,R717,2,6,9,794,18:54,803,19:03,92,13,79,1,1912500,25.0,783.0,18:43,802.0,19:02,Complete
B718,R718,4,3,5,790,18:50,795,18:55,45,9,36,1,1487400,36.0,781.0,18:41,794.0,18:54,Complete
B719,R719,1,6,5,791,18:51,796,18:56,23,9,14,1,1260600,30.0,784.0,18:44,794.0,18:54,Complete
B720,R720,4,8,6,796,18:56,802,19:02,78,14,64,1,1769200,6.0,782.0,18:42,796.0,18:56,Complete
B721,R721,8,1,7,796,18:56,803,19:03,83,14,69,1,1814400,21.0,787.0,18:47,802.0,19:02,Complete
B722,R722,4,3,5,792,18:52,797,18:57,45,9,36,1,1487400,36.0,784.0,18:44,797.0,18:57,Complete
B723,R723,1,6,5,794,18:54,799,18:59,23,9,14,1,1260600,31.0,788.0,18:48,798.0,18:58,Complete
B724,R724,7,1,5,794,18:54,799,18:59,56,9,47,1,1596500,7.0,785.0,18:45,798.0,18:58,Complete
B725,R725,1,3,6,795,18:55,801,19:01,49,8,41,1,1537100,1.0,788.0,18:48,797.0,18:57,Complete
B726,R726,4,3,5,796,18:56,801,19:01,45,9,36,1,1487400,26.0,787.0,18:47,797.0,18:57,Complete
B727,R727,7,6,6,802,19:02,808,19:08,78,15,63,1,1759300,7.0,788.0,18:48,808.0,19:08,Complete
B728,R728,1,5,5,802,19:02,807,19:07,27,10,17,0,1199900,28.0,792.0,18:52,803.0,19:03,Complete
B729,R729,2,5,7,806,19:06,813,19:13,59,11,48,0,1508100,16.0,795.0,18:55,806.0,19:06,Complete
B730,R730,3,4,6,805,19:05,811,19:11,45,9,36,0,1386400,34.0,796.0,18:56,806.0,19:06,Complete
B731,R731,4,3,5,805,19:05,810,19:10,45,9,36,0,1387400,22.0,796.0,18:56,806.0,19:06,Complete
B733,R733,1,2,5,809,19:09,814,19:14,54,9,45,1,1574000,32.0,800.0,19:00,810.0,19:10,Complete
B734,R734,1,2,5,810,19:10,815,19:15,54,9,45,1,1574000,21.0,805.0,19:05,815.0,19:15,Complete
B735,R735,4,3,5,810,19:10,815,19:15,45,9,36,1,1487400,3.0,801.0,19:01,811.0,19:11,Complete
B737,R737,1,3,6,811,19:11,817,19:17,49,8,41,1,1537100,9.0,806.0,19:06,815.0,19:15,Complete
B738,,2,6,8,816,19:16,824,19:24,92,13,79,2,2013500,,,,,,Overdue
B740,R740,4,6,5,812,19:12,817,19:17,49,9,40,1,1523900,0.0,806.0,19:06,816.0,19:16,Complete
B742,R742,2,1,5,815,19:15,820,19:20,54,9,45,1,1574000,1.0,806.0,19:06,816.0,19:16,Complete
B743,,2,5,7,816,19:16,823,19:23,59,10,49,2,1708100,,,,,,Overdue
B744,R744,4,2,5,814,19:14,819,19:19,56,8,48,1,1608700,11.0,806.0,19:06,815.0,19:15,Complete
B745,R745,4,3,5,815,19:15,820,19:20,45,9,36,1,1487400,4.0,806.0,19:06,816.0,19:16,Complete
B748,,4,6,5,816,19:16,821,19:21,49,9,40,2,1623900,,,,,,Overdue
